"site","wtAA","p3_L1_hela_RPE","p3_L2_hela_RPE","p3_L3_hela_RPE"
1416,"H",-4.75327608603067,-6.90597458272806,-8.62177425870181
1417,"R",NA,NA,NA
1418,"H",-4.59101982271621,-2.10108468238109,-5.07170968688281
1419,"S",-6.68333632643192,-8.38445373552883,-8.67250018326783
1420,"V",-0.87173380637428,NA,-0.432063096870077
1421,"G",-9.57318105645599,-5.98669251103529,-1.50957486535113
1422,"T",-4.3988098795893,-7.49920840376232,-8.93603680997924
1423,"T",-7.32949384335609,-18.1339435533221,-2.55069535285656
1424,"L",NA,-0.0927688610989077,-0.895174777810559
1425,"E",-7.19659832370158,-8.04852689092625,-1.56114291262257
1426,"A",-6.15130412270189,-1.48377038277372,NA
1427,"L",-3.746989198925,-0.720827553722516,-0.368868519490072
1428,"F",NA,NA,NA
1429,"Q",NA,NA,NA
1430,"G",NA,NA,-0.63218093754702
1431,"P",-11.4229355738417,-13.7867417269728,-5.3813638843539
1432,"P",-6.45959441746688,-8.6616800631995,-11.0322639555192
1433,"V",-3.51610197423038,-3.39508882963967,-4.58065072694153
1434,"Y",NA,-0.592679633130138,-0.666063117066573
1435,"R",-8.43770232422548,-6.13186599871235,-5.63658050420573
1436,"E",-4.36532320262491,-4.08938403457945,-8.20837030865236
1437,"I",-5.28984035519965,-6.45572177840757,-7.74143751801728
1438,"K",-4.08205393527512,-7.0897417236355,-7.03660117790559
1439,"I",-1.73115622854124,-0.0842097229933811,NA
1440,"S",-5.63839589775169,-9.35481660197184,-1.16610822439759
1441,"V",-2.31744377502709,-1.28640814638264,-8.23165619077547
1442,"A",-10.4553182199295,-7.14074708201135,-2.7626999965711
1443,"P",-5.21544866682916,-7.01601515614592,-7.24192033609113
1444,"E",-8.29229679322632,-10.386055403016,-6.49406685393822
1445,"T",-6.618658285585,-5.0523705351988,-2.58659997983465
1446,"P",-5.48766969648107,-9.8930731056844,-5.2435218522011
1447,"P",-5.47083789136289,-4.98519191494401,-7.08921871291646
1448,"P",-2.64192216897535,-2.43119567042208,NA
1449,"P",-3.77720958391606,-12.1016015365073,-4.23838614346539
1450,"A",-5.6560692884262,-6.38855105042501,-2.50932269599907
1451,"I",-0.818751477472909,-0.331739450747077,-0.779524542256086
1452,"A",-6.64155314667642,-3.81891937442294,-8.23880472016498
1453,"D",-0.00125664945772375,-1.60836759722171,NA
1454,"L",NA,-1.03879144312721,NA
1455,"L",-5.9301061450626,-0.499832992179218,-2.2338439996874
1456,"K",-4.99365958590372,-6.07436857792204,-3.71643112283327
1457,"S",-5.38534117420093,-2.74978920174078,-2.43912673013532
1458,"V",-1.42018606398391,-0.00669409136011292,-3.60052995443586
1459,"D",-5.45231219711316,-14.5449310869746,-2.3033627101597
1460,"S",-4.1793679700669,-8.99157250143796,-2.87114295277772
1461,"E",-10.9345347855193,-7.8115951859315,-4.73643944324186
1462,"A",-6.73239574116098,-7.32034458198059,-5.77514436205158
1463,"V",-0.667172222664858,-2.60031090342376,-4.55806317182291
1464,"R",-4.59661623959745,-2.76467772165,-3.77517120616579
1465,"E",-4.13182245213186,-4.07018227775707,-3.70886495731299
1466,"Y",NA,-0.670680501765122,NA
1467,"C",-2.50329314163719,-0.996764893506359,-1.95457626365828
1468,"K",-10.1435351021329,-5.08217768814419,-6.86390760908144
1469,"E",-4.59670256760695,-11.872752764572,-4.18346131807176
1470,"K",-4.79297134464673,-2.60747451253348,-3.04007537937611
1471,"G",-6.40911685891766,-8.06247314608695,-8.02284696850095
1472,"W",-0.132407618883324,-0.741917067930966,NA
1473,"L",-3.54726981524653,-4.55566584324112,-0.974604098866303
1474,"V",-2.12852679392598,-12.3318571303357,-5.91197720841376
1475,"P",-7.41749980923745,-7.76577673124499,-4.20906575601369
1476,"E",-7.75442173558864,-4.9673181512101,-7.17385250149372
1477,"I",-11.6622781573704,-7.42771227843958,-2.91238322738753
1478,"N",-10.321942754007,-13.9295992323475,-7.59344240331212
1479,"S",-3.31075596570186,-4.10470727894874,-2.68505532913231
1480,"T",-9.73693481102885,-3.90012968606316,-8.93976158280005
1481,"L",-9.2854123622541,-2.66278309921649,-1.65703178915169
1482,"Q",-6.23953708695165,-3.90647345553826,-6.08460268697545
1483,"I",-6.34107261937905,-4.18016144427073,-3.58032196404745
1484,"E",-3.10389707437381,-4.44301440262578,-2.65644956145549
1485,"K",-5.56720044828941,-5.39639385196367,-0.226187987184461
1486,"H",-5.83935566244908,-10.5628396046617,-9.11899094567977
1487,"V",-1.02736399365841,-1.90378137139203,NA
1488,"S",-2.04035088186386,-2.36248518670452,-1.94832546863929
1489,"R",NA,NA,-0.944425247152377
1490,"A",-1.41470535592345,-5.10788437273338,-3.61800982419275
1491,"F",NA,NA,-3.2486904484203
1492,"I",-0.47953446587883,NA,NA
1493,"C",-0.942616031530417,-7.23780693106779,-4.92966244121459
1494,"L",-4.63032737908232,-2.60836540882331,-1.46165282025288
1495,"Q",NA,NA,-0.123491776667264
1496,"A",NA,NA,NA
1497,"L",-2.25399475876305,-5.52643446665757,-3.47326052873142
1498,"T",NA,NA,-0.115696846069494
1499,"T",NA,NA,NA
1500,"F",NA,NA,NA
1501,"V",-3.62990656738745,-4.3012351390161,-2.42630302823436
1502,"S",-3.94062856154006,-3.30292111479516,-2.94759590134151
1503,"V",NA,-0.982782304647698,-0.242211972061871
1504,"A",NA,-2.34219434345788,-0.948221865430856
1505,"G",-0.138265133997831,-4.55210274002008,-2.65498951640432
1506,"I",-4.61273864407066,-5.19133220320497,-5.55693975242354
1507,"I",-2.94259345607242,-1.81786701371181,-1.92735635407166
1508,"Y",-7.0521195589451,-5.02880459626417,-5.67974654569418
1509,"I",-3.00537796671831,-7.50199037620751,-3.6456270441292
1510,"I",-4.37041957995574,-2.4668857118038,-4.44328313294369
1511,"Y",-6.45481089555576,-6.55145982129062,-3.70350296433636
1512,"K",-5.91978875241769,-4.55429481710741,-4.85866715288187
1513,"L",-3.55099521402609,-4.78089966639392,-3.81748072209876
1514,"F",-0.137524072081654,-4.29128365847891,-3.18799709025246
1515,"A",NA,NA,NA
1516,"G",-1.41142474454781,-0.816095013606985,-2.89091307198711
1517,"F",-2.84331038404386,-0.422242516971903,-2.28126864292959
1518,"Q",-1.67520568621941,NA,-1.89917051657238
1519,"G",NA,-2.54988309045225,-1.6016046036974
1520,"A",-2.22674087640269,NA,-2.6425080231448
1521,"Y",NA,NA,NA
1522,"T",-2.66476379986148,-6.2851351028973,-1.88785384735176
1523,"G",-2.45912255212424,-2.33548540596453,-3.01454215271738
1524,"V",-4.38719501589902,-2.51517380274673,-4.65871766524282
1525,"P",-14.593554640126,-8.91968351111024,-6.83570760459508
1526,"N",-12.8203473906291,-10.0184611292443,-9.69150270725566
1527,"Q",-7.23636275510512,-8.11516932199074,-8.44274534080073
1528,"K",-9.42290928007682,-10.1733172995728,-8.35511023438914
1529,"P",-8.44163072083424,-15.2334188167659,-5.79373229043203
1530,"R",-11.0700829515261,-12.3342436244451,-6.0854301028037
1531,"V",-3.69459256370433,NA,-0.862293168998969
1532,"P",NA,NA,NA
1533,"T",-0.861933648958936,-0.237001665168823,-2.5849464988124
1534,"L",-1.74175213810821,-0.930733275978188,NA
1535,"R",-0.219366895088199,NA,-3.1699372499946
1536,"Q",-2.95230969889921,-1.57218544110785,-6.67425345611532
1537,"A",NA,NA,NA
1538,"K",-3.76313816110362,-14.2477052304985,-2.6077854412929
1539,"V",-3.56357655869513,-0.613492565191779,-0.292823488551443
1540,"Q",-0.865020836462144,NA,-1.00495327408762
1541,"G",NA,NA,NA
1542,"P",NA,NA,NA
1543,"A",-8.14250265229776,-2.72441447251302,-6.76169505057999
1544,"F",NA,NA,NA
1545,"E",-1.69101759300337,-9.33069836179233,-2.04605740860031
1546,"F",NA,NA,NA
1547,"A",-3.73906719048957,-1.31003149471859,-1.77225311526886
1548,"V",-7.44631161232734,-8.90961683378539,-11.8168021637447
1549,"A",-1.09920113161384,-2.08429186740536,-0.62194569548785
1550,"M",-0.555805596079147,-2.70339550953222,-3.20365512336199
1551,"M",NA,NA,-0.217786583690665
1552,"K",-0.664348354306804,-3.61349213611903,-0.39897955941574
1553,"R",-0.0350795462554789,-0.466931348476608,-0.574556118267929
1554,"N",NA,NA,NA
1555,"S",-6.0903095698568,-4.89847255571092,-1.27431595827296
1556,"S",-4.52337529592922,-7.02975215725961,-4.13354744687936
1557,"T",-9.47482057185778,-2.25964387409885,-2.02138718186791
1558,"V",-1.13600670967566,-0.986379749274873,-2.76883192817993
1559,"K",-10.6852606581543,-9.52062023578502,-4.47446980829227
1560,"T",NA,NA,NA
1561,"E",-2.50182777741147,-13.6303746341673,-6.5999948544849
1562,"Y",-12.9606781625662,-17.3157862201933,-4.0605502054264
1563,"G",NA,NA,NA
1564,"E",NA,NA,NA
1565,"F",-0.38955529732902,-0.902961891286352,NA
1566,"T",NA,NA,NA
1567,"M",-3.38974047652892,-0.440674819258535,-1.38730958678735
1568,"L",-0.301685051496873,-2.61054762440821,-0.0604961502434368
1569,"G",NA,NA,NA
1570,"I",-1.69353266680479,-3.18426356189211,-0.0567734547972592
1571,"Y",-4.49453617470034,-2.72333652335896,-2.62944290984995
1572,"D",-6.71183443218413,-8.33123596163356,-0.136726880550809
1573,"R",-0.286268299541051,-6.00425340129826,-1.82970280373672
1574,"W",-5.03414030339905,-6.93753514453354,-1.94581231856479
1575,"A",-0.0474292288012637,-3.32649617531763,NA
1576,"V",-5.90058892327127,-0.327904791938647,-0.27561334241641
1577,"L",-2.01024930625582,-0.779229579763327,-4.03782762581019
1578,"P",NA,NA,NA
1579,"R",-0.458615317547612,-2.46849241694277,NA
1580,"H",NA,NA,NA
1581,"A",-0.601992991898168,-0.647777618901375,-0.303627071499969
1582,"K",-7.53702984110137,-4.28584207084165,-6.02770518448849
1583,"P",-1.46620441495948,NA,NA
1584,"G",NA,NA,-0.257773141890246
1585,"P",-9.8271458183318,-8.5312920557665,-3.79411378312188
1586,"T",-6.54358590464255,-5.66355789167003,-11.7225362427524
1587,"I",-0.00804654753445458,-2.6658371627459,-0.870559085031727
1588,"L",-4.1354321198223,-8.54417189660604,-6.04850695383236
1589,"M",-1.57052361833738,-2.43716230904794,-0.975087312060688
1590,"N",-6.82953212868298,-8.03447112743957,-7.64897187518505
1591,"D",-4.39741632313807,-8.00736764692832,-4.67830671941146
1592,"Q",-4.11437894956865,-5.11700261443481,-5.21016398343426
1593,"E",-6.94193856772596,-7.02892713333321,-6.05581799019558
1594,"V",-1.49884575019556,-9.18897631522856,-6.63706090659093
1595,"G",-8.78797714489772,-4.1854394886291,-4.15189499540374
1596,"V",-0.894037713765789,-2.02787699672229,-1.83892549647853
1597,"L",-5.54332405223583,-6.62039422443187,-2.29073278049529
1598,"D",-2.54795885874762,-17.0141932471354,-8.69509570432018
1599,"A",-3.38727771803733,-6.84705083821773,-2.09471420803634
1600,"K",-5.75987829201046,-6.29083074687896,-3.49203254014001
1601,"E",-6.29911288103082,-10.9583587219845,-3.41245481287481
1602,"L",-2.46283437024539,NA,NA
1603,"V",-6.20704968676513,-5.68735205462164,-3.58288018230436
1604,"D",-5.02966183404976,-12.6204054003707,-6.98042162824042
1605,"K",-5.29036180337218,-10.7218591577538,-3.81935282659942
1606,"D",-6.1528620203952,-5.58181720952877,-9.53576991958203
1607,"G",-11.2783637426963,-9.18961185420174,-6.06597073869298
1608,"T",-7.04694845101092,-3.96080289965658,-2.9665536138733
1609,"N",NA,NA,NA
1610,"L",NA,NA,NA
1611,"E",NA,NA,NA
1612,"L",NA,NA,NA
1613,"T",-2.53471202272929,-3.96444458123124,-0.677950999867947
1614,"L",-1.5512162997834,-4.75208561202708,-2.61321013680699
1615,"L",-0.539691877548924,-3.69719043493518,-0.868925614185041
1616,"K",-6.27153601584888,-5.97080231602619,-6.09643396201603
1617,"L",NA,-1.54328852340045,-1.25277808317393
1618,"N",-6.92758402834338,-5.42030440785516,-4.75574555840832
1619,"R",-2.09107847340898,-0.246326743953409,-1.81076495667246
1620,"N",-5.52634474474637,-8.79140564596331,-4.57719121814315
1621,"E",-7.30751425528303,-12.0261170242853,-7.68940699751044
1622,"K",-0.940125094830012,-0.398586972012351,-0.988922274409207
1623,"F",NA,-1.00769225546883,NA
1624,"R",NA,NA,NA
1625,"D",NA,NA,NA
1626,"I",NA,-0.770186538639883,NA
1627,"R",NA,NA,NA
1628,"G",-10.8268810765469,-10.85093495291,-6.90502607331135
1629,"F",-10.8456401405684,-7.23875685138757,-4.60878293883485
1630,"L",-1.66361775083385,-2.43622243188683,-1.51758867476835
1631,"A",-11.4925449087029,-6.79921288825096,-4.81556445588174
1632,"K",-15.0672273709276,-9.23701461379424,-2.15475529718007
1633,"E",-5.87945992673238,-3.42650831399039,-9.67586775743906
1634,"E",-7.44751624163516,-16.6492003385328,-4.44257479537599
1635,"V",-10.0345400204732,-5.26893520766459,-3.52669331729636
1636,"E",-8.42925004185702,-10.1347709083013,-8.50132351983303
1637,"V",-1.15688360019986,-9.47733697164294,-4.3565276263565
1638,"N",-4.5314404156567,-3.12151124572439,-5.73814617416028
1639,"E",-6.17011329569919,-12.6999580921638,-6.73916401566988
1640,"A",-0.210939178506516,NA,-0.178385082716192
1641,"V",-3.80643678596587,-4.79149555029418,-2.4440451774031
1642,"L",NA,NA,NA
1643,"A",NA,-1.73938231168837,-1.39989134301408
1644,"I",NA,-0.313529142067995,NA
1645,"N",-0.586717077304631,NA,NA
1646,"T",NA,-3.59804498392101,NA
1647,"S",-6.63135843183043,-5.70616364637046,-5.59138552978413
1648,"K",-10.6498372726927,-8.66103288649344,-9.34587167035878
1649,"F",-1.70352161484112,NA,-1.81517002158591
1650,"P",-5.16494181359076,-0.52811026712908,NA
1651,"N",-5.03038270208838,-4.20432438386718,NA
1652,"M",-0.622971235841045,NA,NA
1653,"Y",NA,NA,-1.59142040850938
1654,"I",NA,NA,-2.80727659654798
1655,"P",NA,NA,NA
1656,"V",NA,NA,NA
1657,"G",NA,NA,NA
1658,"Q",-3.11840418978757,-9.4957360593519,-10.9210026473077
1659,"V",-2.46917941202065,-2.87373020428531,NA
1660,"T",-5.59836623007969,-11.0804797926368,-5.17334609889523
1661,"E",-9.46318953054451,-15.3620234570773,-1.84124034380689
1662,"Y",-1.18810721170132,-0.708870016533577,NA
1663,"G",NA,NA,NA
1664,"F",NA,NA,NA
1665,"L",-1.24919651862461,-2.53997264256513,-1.18773507465501
1666,"N",-7.17896085039753,-9.79419788579744,-6.05937784903572
1667,"L",NA,NA,NA
1668,"G",-0.6735630195693,-2.82318704827562,NA
1669,"G",NA,NA,NA
1670,"T",-5.69345096270149,-1.2220914669634,-3.31630482036096
1671,"P",NA,NA,-3.00003576484377
1672,"T",-3.00973489685406,-0.223264785070841,-1.19028219477853
1673,"K",-8.76081590391516,-10.6759762839899,-4.90422418526835
1674,"R",NA,-0.0559782286453247,-0.993775057114619
1675,"M",-2.53329362079444,-1.16003815923441,-2.16713888181878
1676,"L",-0.550849011729173,-0.562644447227595,NA
1677,"M",-3.20126743738778,NA,-5.80735595429664
1678,"Y",NA,NA,NA
1679,"N",NA,NA,NA
1680,"F",NA,NA,NA
1681,"P",NA,NA,NA
1682,"T",NA,NA,NA
1683,"R",NA,-2.15319334372036,-2.05717362000886
1684,"A",NA,-0.297557901987208,NA
1685,"G",NA,NA,NA
1686,"Q",NA,-5.93045417816337,NA
1687,"C",NA,NA,NA
1688,"G",NA,NA,NA
1689,"G",NA,NA,NA
1690,"V",NA,-0.692074265983925,-0.46059010075641
1691,"L",NA,NA,NA
1692,"M",-1.37067778130604,NA,-0.408688921557386
1693,"S",-1.60722067748716,-1.80071962565663,-1.57656362137044
1694,"T",-7.73308523645989,-4.09413088354707,-1.78080416933844
1695,"G",NA,NA,NA
1696,"K",-1.73456476082334,NA,NA
1697,"V",NA,-2.90162374263344,NA
1698,"L",-0.42848308644641,-0.102781718777573,-2.58473524102781
1699,"G",NA,NA,NA
1700,"I",-1.72203294041401,-4.13035042125997,-0.751983759975208
1701,"H",NA,NA,NA
1702,"V",NA,NA,-1.61733321492186
1703,"G",NA,NA,NA
1704,"G",NA,NA,NA
1705,"N",NA,NA,NA
1706,"G",NA,NA,NA
1707,"H",NA,-2.73589298538041,NA
1708,"Q",NA,NA,NA
1709,"G",NA,NA,NA
1710,"F",NA,NA,NA
1711,"S",NA,NA,NA
1712,"A",NA,NA,-3.00003726291678
1713,"A",-10.8806147609438,-4.75080803305524,-8.10590012219697
1714,"L",NA,NA,NA
1715,"L",-9.71613413254953,-9.1680824379904,-4.35642659624805
1716,"K",-11.216205529376,-8.52186529098914,-7.22065246174513
1717,"H",-4.84201581604386,-13.2538929741175,-4.73891274662731
1718,"Y",NA,NA,NA
1719,"F",NA,NA,NA
1720,"N",-4.8179585954448,-6.48025158977363,-1.84788021020323
1721,"D",-2.44180555157386,-5.44027776681496,-1.6261659517654
1722,"E",-6.751884093866,-8.13696997852039,-10.2543930845626
1723,"Q",-1.75131983704764,NA,-2.80738798472589
1724,"G",-2.74786325650588,NA,NA
1725,"E",-11.5535363121906,-9.61076412095934,-6.09012350139779
1726,"I",-0.502480401700345,-4.36784559925993,-1.42423917938404
1727,"E",-4.21330071228962,-9.70552226125852,-6.28242724322267
1728,"F",-10.4120275773093,-12.7807399696775,-6.91302965661904
1729,"I",-10.5990576435945,-3.10045875701813,-2.37638080972952
1730,"E",-8.17087582322694,-9.67058220211338,-10.5361464469731
1731,"S",-3.85073705724545,-9.06338395908775,-4.71842652799273
1732,"S",-4.03518399913996,-3.21337007351292,-0.301371868042596
1733,"K",-6.81742587593204,-10.8310140846985,-3.73247126024429
1734,"D",-4.2255065148297,-6.71280753038424,-8.37819391391411
1735,"A",-8.38832899323448,-15.9022323278596,-1.49745049342013
1736,"G",-0.930383436696989,-3.9222152712,-0.368391254069496
1737,"F",NA,-6.54357773239446,-3.32526254110284
1738,"P",-4.44100777722998,-9.25223076192566,-4.21328773022834
1739,"V",-14.6414002538548,-19.5154543925237,-9.41210856751815
1740,"I",-3.07050168796034,-3.50961440281153,-1.17396338507377
1741,"N",-9.20794454559858,-3.37462966667949,-4.97306773479326
1742,"T",-6.07590813093891,-4.93612869130052,-3.17485324925573
1743,"P",-7.92977893053514,-7.31747043159144,-9.59199057083461
1744,"S",-8.42023379308214,-4.83296888427412,-7.11370156642342
1745,"K",-4.5647502576436,-10.5415092447314,-8.20728808457167
1746,"T",NA,NA,NA
1747,"K",-2.08416667050529,-1.48332099475873,-0.588824466152826
1748,"L",-0.57272901785915,-2.48765908148899,-0.644020685885428
1749,"E",-4.87018699081699,-4.76839423014823,-2.05722024077493
1750,"P",NA,-8.74031480702046,-0.478392348426352
1751,"S",NA,NA,NA
1752,"V",-3.44691897364283,-0.125521880068527,NA
1753,"F",-0.348327052206338,-0.0633647301679805,NA
1754,"H",-12.2633337953788,-13.6990335330995,-1.56969243219677
1755,"Q",-4.75840087692345,-10.749350272841,-4.60200888076273
1756,"V",-0.673471533820567,-0.608025486810421,-1.04500024398537
1757,"F",NA,NA,NA
1758,"E",-9.7083406632692,-7.35633448246461,-10.5867202212409
1759,"G",NA,-0.192831847408431,-0.563107869167792
1760,"N",-5.33379185180156,-1.19613230816868,-4.44812179059936
1761,"K",-2.65598489826155,-6.98933343763575,-5.29110813774106
1762,"E",-4.54449953073364,-5.62734595464051,-3.5578783490709
1763,"P",NA,NA,NA
1764,"A",-0.206530126968135,-0.650858895634386,-1.20634946403662
1765,"V",-2.32510640379533,-2.13633217746709,-1.41549957647152
1766,"L",-1.49436002534035,-2.59311914127387,-1.03745060157464
1767,"R",-10.007193821156,-10.337581653003,-5.22504515245084
1768,"S",-7.65093015783365,-3.87414111775118,-6.80658727760126
1769,"G",-10.5816009379349,-17.5891856359328,-6.59515944003169
1770,"D",NA,NA,NA
1771,"P",-9.15350074321148,-16.8520494081391,-6.86934851434448
1772,"R",NA,NA,NA
1773,"L",-2.80704490620441,-2.76952108680538,-2.24241057787141
1774,"K",-5.51889453108685,-6.51015336289804,-6.17894523252789
1775,"A",-11.5869842710286,-6.78328449546187,-3.20604039259773
1776,"N",-4.59521965476874,-10.1575413488584,-4.22563943394054
1777,"F",NA,NA,NA
1778,"E",-3.98407036028472,-8.99507172447315,-7.14961990714469
1779,"E",-8.03614410068673,-6.38849651946735,-4.17157785746824
1780,"A",-5.55860127987725,-7.48232926227326,-4.73289523965665
1781,"I",-0.557172476808336,-0.479368931384631,-0.537033634449203
1782,"F",-2.90128500720689,-0.130811697684667,NA
1783,"S",-3.43116327011632,-10.9596504956712,-3.28049780366613
1784,"K",-1.12635136702075,NA,NA
1785,"Y",NA,NA,-1.01943579239408
1786,"I",-7.97361097636501,-11.267743783261,-7.60734982362508
1787,"G",NA,NA,-2.80738916594654
1788,"N",NA,NA,NA
1789,"V",-3.01427822567528,-5.87144443666183,-1.31544740904826
1790,"N",-8.84746594939321,-8.25887820364168,-5.93122270141988
1791,"T",-6.83601412224759,-2.7123286829587,-5.14944272428012
1792,"H",-3.57245433238915,-9.73120243102962,-2.87940627641023
1793,"V",NA,-6.11003239101087,-0.177893083527292
1794,"D",-2.49485792508649,NA,NA
1795,"E",-8.56236813459691,-7.16914001651601,-3.28312651869689
1796,"Y",-2.80987376995934,-3.28805737642006,-0.451358987680294
1797,"M",-0.5790830792941,NA,-0.835556623849319
1798,"L",-5.77075183970131,-8.98888068669245,-3.76470985679389
1799,"E",-8.26731802296668,-1.28715971986627,-1.93826786568357
1800,"A",NA,-0.049102022324585,NA
1801,"V",-4.11950634998011,-2.11075163506557,-2.57625863132485
1802,"D",-19.1087674036281,-10.2351675113336,-2.63188753555056
1803,"H",-8.77558156432374,-4.02625894705028,-7.77899391580476
1804,"Y",NA,NA,NA
1805,"A",-12.0345854397707,-1.97125387516083,-3.78420690325942
1806,"G",-8.22662904676457,-9.16077598265947,-2.63381560027931
1807,"Q",-9.24784363829141,-17.031904624078,-2.86965162036269
1808,"L",NA,-1.34946237576504,-2.58498941973696
1809,"A",-10.7654584077788,-11.001936035867,-8.19237266708218
1810,"T",-16.0400977131407,-5.51991710811397,-2.96713356426376
1811,"L",-4.12514923325682,-2.6695056917209,-3.03318044487928
1812,"D",-17.0307802593431,-15.8979541218725,-15.4056405598584
1813,"I",-1.69680935687166,-1.8632148939446,-2.57928567595124
1814,"S",-8.51068449598657,-10.1565941671705,-5.13567498824147
1815,"T",-7.09404253459773,-9.26791365594651,-7.89084991594031
1816,"E",-6.85802833646441,-8.81842156925605,-4.29826069468948
1817,"P",-4.73624446139467,-6.50277497887115,-6.76196316315263
1818,"M",-4.52470032855178,-3.21790573710674,NA
1819,"K",-14.7250704887526,-6.12141942990058,-4.19682967741729
1820,"L",NA,-1.03823083153282,-0.499859309188897
1821,"E",-13.9413881905609,-2.79472137410069,-5.21651267466592
1822,"D",-5.25665421472825,-8.10451708942586,-5.50025395350187
1823,"A",-1.03913484827485,-0.749349074736096,-4.00006786052482
1824,"V",-0.349801198533623,-2.42731004658543,-0.911944193886329
1825,"Y",NA,NA,NA
1826,"G",NA,NA,NA
1827,"T",-0.567826770230683,-5.24910525033112,-0.139211588483587
1828,"E",-14.1393924146924,-10.3439512649908,-7.0724506218277
1829,"G",NA,NA,NA
1830,"L",-1.753021194775,-0.522376784582105,NA
1831,"E",-2.8313937601571,-6.86436844113764,-1.26759497634576
1832,"A",-6.33434755882176,-7.46460440875156,NA
1833,"L",-1.44404753137747,-1.21657336089422,-0.326980787991348
1834,"D",-4.41195329638011,-0.576643117151296,-1.59882422684366
1835,"L",-3.5648658681704,-1.05309437518867,-1.52428806646986
1836,"T",-6.73286639986335,-15.3591739698649,-6.62268839288398
1837,"T",-4.38041755053661,-0.43073582932003,-1.12666204978605
1838,"S",-4.4503368959336,NA,-0.0549708259635218
1839,"A",NA,NA,NA
1840,"G",NA,NA,NA
1841,"Y",-3.12135038968453,-1.89334676108209,-1.62935300687872
1842,"P",NA,NA,NA
1843,"Y",-0.74629185883187,-1.93869840621638,-3.02234227108866
1844,"V",-2.36085022952421,-2.68852798968336,-2.42102009922306
1845,"A",-11.0587613046839,-15.1112352295513,-5.17796434698159
1846,"L",-8.70411319021794,-12.5044045610868,-7.06141923193682
1847,"G",NA,NA,NA
1848,"I",-2.33692093881836,-0.426263500201533,-1.46781290465075
1849,"K",-5.36846180698124,-6.89718685443623,-5.29281163612194
1850,"K",NA,NA,NA
1851,"R",-0.274472134141364,-3.55649810862393,-0.513169912578358
1852,"D",-1.4930727049191,-5.21367473139988,-2.78550856495456
1853,"I",-1.59845252565519,-1.79954753468837,-2.25050713282408
1854,"L",-0.251577360654149,-2.16422201615282,-2.01046211998637
1855,"S",-4.63052668753037,-17.2342995547583,-0.286409096517881
1856,"K",-6.79456752069156,-22.8618290472848,-2.82402594374966
1857,"K",-0.704133491482143,-15.8547063559989,-3.00279829947403
1858,"T",-2.71210179254468,-4.86195754231789,-6.777635737472
1859,"K",-4.4992663052438,-6.98685052934495,-3.25846191911183
1860,"D",-2.27450239252456,-4.29154864443015,-0.0717115322878201
1861,"L",-5.09082102958211,-2.45541443459333,-3.02925921547907
1862,"T",-11.7764242743676,-10.9264833661744,-6.28471503270781
1863,"K",-8.830047155522,-5.40468437444392,-4.10252417286531
1864,"L",-2.2855095129701,-3.14986520456294,-1.96448396098691
1865,"K",-4.13397361532367,-11.1969525979596,-3.57552385957124
1866,"E",-11.5361317452706,-9.56121736446503,-4.48859598401823
1867,"C",-0.538881868973007,-0.314274726357086,NA
1868,"M",NA,NA,NA
1869,"D",-7.73079340565539,-8.29014067185496,-1.97739204652945
1870,"K",-3.09619580110384,-0.294787611017909,-10.5483382046032
1871,"Y",NA,-1.80957842567985,-1.18055162947264
1872,"G",NA,NA,NA
1873,"L",NA,-0.0982094496501026,-0.461947155901441
1874,"N",-7.86115560137167,-12.9053363982059,-5.05817134269512
1875,"L",-2.72723194794501,-4.42430559815644,-1.93357490621563
1876,"P",NA,NA,NA
1877,"M",-13.9293199698185,-3.73564871387457,-2.40053600180515
1878,"V",-2.33847887446532,-2.03476877241655,-0.900444642151768
1879,"T",-3.07225885663307,NA,NA
1880,"Y",-4.78560036563908,-2.61893098387734,-1.4427142408429
1881,"V",NA,-0.86055628710053,-4.16859607495978
1882,"K",NA,NA,NA
1883,"D",NA,NA,-1.50503968235428
1884,"E",NA,NA,NA
1885,"L",-0.642449074512758,-0.0121518235983228,-1.1194629271591
1886,"R",-13.0247215106665,-5.1786711289178,-3.4463908996385
1887,"S",-3.30855762356779,-4.63333633091932,-3.17021268981941
1888,"I",-7.20129695426296,-5.94638679226968,-3.90711419685587
1889,"E",-5.54396942677524,-7.93569580333241,-4.93340938939409
1890,"K",-5.7792279860814,-7.20531265542656,-3.94033318241629
1891,"V",-0.734728723282917,-0.0673432648505182,NA
1892,"A",-7.36509981925523,-11.3907301591809,-2.83027600222178
1893,"K",-6.69719308759226,-11.0483378923392,-7.17465106434338
1894,"G",NA,NA,NA
1895,"K",-11.0314805736175,-6.6826310811139,-4.72544359399909
1896,"S",NA,NA,NA
1897,"R",NA,NA,NA
1898,"L",-0.897572104540567,-4.29083638067303,-1.21064097383023
1899,"I",-0.961546412996016,-2.21657381883266,-0.51141740810985
1900,"E",NA,NA,NA
1901,"A",-2.72987650799289,-0.690547661041574,-2.24228107979067
1902,"S",-0.353132498720421,-7.41835611073005,-2.3904484270039
1903,"S",NA,NA,NA
1904,"L",-2.10237346132535,-0.663503004933791,-1.97498737659683
1905,"N",NA,NA,NA
1906,"D",NA,NA,NA
1907,"S",NA,NA,NA
1908,"V",-0.337594954280027,NA,-3.16198238905776
1909,"A",-4.73385768880223,-2.82305923460947,-2.0612109217024
1910,"M",-2.82103228960875,-7.57114462511714,-1.41581727523095
1911,"R",NA,NA,NA
1912,"Q",-4.28957190184115,NA,-2.04969263676518
1913,"T",-0.083636961738605,-0.67333627035532,-2.9365769260715
1914,"F",NA,-1.38743445209753,NA
1915,"G",NA,NA,NA
1916,"N",-2.77880134742246,-4.15602170802695,-8.1211746597368
1917,"L",-0.091277781461002,-0.449155639290705,-0.603174125285736
1918,"Y",-0.525317110859993,-3.12350367201622,NA
1919,"K",-3.05479810879449,-4.23778405433272,-4.05454034123034
1920,"T",-9.25516294067039,-10.3004241481315,-4.49204072093071
1921,"F",-0.217794052621447,-0.4880274281805,NA
1922,"H",NA,NA,-0.278532343182545
1923,"L",-7.13892212293376,-6.43576871178671,-5.74467066038855
1924,"N",-16.6462809448296,-12.3109244158869,-6.13066178185663
1925,"P",-4.82149699128476,-3.20343265098616,-5.61480403902091
1926,"G",NA,NA,-1.91507670910892
1927,"V",-7.49967785791708,-1.16600837691605,-0.755568907396297
1928,"V",-5.65667053823287,-11.8170429690051,-11.1304647555334
1929,"T",-0.715287249372692,NA,NA
1930,"G",NA,NA,NA
1931,"S",-4.18982014643808,NA,NA
1932,"A",NA,NA,NA
1933,"V",NA,-2.99806311319165,NA
1934,"G",NA,NA,-0.750100389874419
1935,"C",-1.89389059535163,-0.396842920729502,NA
1936,"D",-3.38601044114048,-1.80208265922191,NA
1937,"P",NA,NA,NA
1938,"D",NA,NA,NA
1939,"L",-3.83666868311989,-2.69916680913302,-2.4861742973776
1940,"F",NA,NA,NA
1941,"W",NA,-0.316886462493702,-0.150863339516363
1942,"S",NA,NA,NA
1943,"K",-11.6641603846427,-5.2874304814334,-1.50047805233803
1944,"I",NA,-0.462399594723499,-2.88117988453996
1945,"P",NA,-5.64088985585092,NA
1946,"V",-6.7763422997057,-6.32663566372699,-3.54288193642442
1947,"M",-0.606513207420007,-4.36558498369804,-2.16086300729538
1948,"L",NA,-4.78926862224572,-1.81744734320977
1949,"D",-11.8811530230601,-11.0396148178813,-10.0269415896241
1950,"G",-9.00356722419104,-12.3573853800093,-3.1943774635658
1951,"H",-5.97593593368595,-7.05808462873457,-5.69825905751402
1952,"L",NA,NA,NA
1953,"I",-2.75458977164366,NA,-3.32621567096584
1954,"A",-4.25636793123677,-2.05463496216009,-2.19155165576937
1955,"F",-5.15663485476224,-0.243988466099762,-2.9868141307553
1956,"D",NA,NA,NA
1957,"Y",NA,NA,NA
1958,"S",-3.87447380643177,-10.6885856852781,-3.97342094605627
1959,"G",-7.39344720677943,-7.52611046928633,-7.23636940211691
1960,"Y",NA,-0.892651064371551,-0.239618359246736
1961,"D",NA,NA,NA
1962,"A",NA,-1.09405745034594,-0.82613215773981
1963,"S",-3.75098097821787,-4.3600106338714,NA
1964,"L",-2.93723684875418,-1.59360440019866,NA
1965,"S",NA,-1.3473465589619,NA
1966,"P",-2.73742334316876,NA,NA
1967,"V",-4.24355529092761,-2.0742201393883,-5.5140432002003
1968,"W",NA,-3.34466870734883,NA
1969,"F",NA,NA,NA
1970,"A",-6.17715071910301,-6.77553458603676,-5.04497113244976
1971,"C",-4.40606344868634,-4.69699416763913,-2.10840084300858
1972,"L",NA,NA,NA
1973,"K",-1.3443271176726,-5.36223825280454,-0.689917753645237
1974,"M",-9.25640268649583,-10.3112813121902,-5.981385502887
1975,"L",-6.78498709087911,-1.28139649441967,-2.84767185983853
1976,"L",-0.854259984057122,-0.965174861605521,NA
1977,"E",-11.638271775277,-5.91707468725651,-9.24639386594755
1978,"K",-3.84734901743372,-4.92123711101329,-8.21749886496208
1979,"L",-0.668863320937951,-2.7362820947641,-1.04457018495989
1980,"G",-3.07667454384598,-2.00239066001664,NA
1981,"Y",-0.660651090266754,NA,NA
1982,"T",-6.56292519860108,-9.75151914321545,-7.02619320577207
1983,"H",-4.19941536483527,-10.3996671358279,-7.0305100857857
1984,"K",-10.4124617318705,-6.28171165307045,-5.70691396202637
1985,"E",-9.0643080902379,-2.27880778842435,-4.46568840662942
1986,"T",-5.5887068865736,-5.46130851789969,-5.26654110458181
1987,"N",-4.62170528212471,-6.75298395551005,-2.60631806222063
1988,"Y",-6.13399676125944,-0.586858144696379,-3.29651814488884
1989,"I",-1.82154041486217,-4.38590081149399,-0.923824360106235
1990,"D",NA,-3.42779223740793,-1.69492179355655
1991,"Y",-4.5656032123287,-12.1531730813445,-9.01307905156983
1992,"L",-0.730304057575168,-0.733562778030023,-2.18828437018118
1993,"C",NA,NA,NA
1994,"N",-3.3411084414945,-2.37507319603457,-5.34561561656472
1995,"S",-2.1688003313189,-0.0126631802163021,NA
1996,"H",-4.36533900630935,-9.18075023008558,-1.08614420364526
1997,"H",NA,-0.768395326119014,NA
1998,"L",-0.957246835224801,-1.15639443968769,-1.15238174037501
1999,"Y",-2.16141642365365,-0.770626187476532,NA
2000,"R",-8.8102973016579,-5.03328919337166,-5.42040966464813
2001,"D",-2.41357934785922,-5.50347120045956,NA
2002,"K",-4.82391623319433,-5.95366432173834,-4.1095388942623
2003,"H",-0.817961870977736,-0.601215869670591,-0.58927460747752
2004,"Y",NA,NA,NA
2005,"F",-9.40263808219155,-11.0616302927937,-4.10748295870633
2006,"V",NA,-1.62568825160431,-1.97412862288029
2007,"R",-8.78804783227586,-9.68924629821018,-8.34662300742098
2008,"G",NA,NA,NA
2009,"G",NA,-0.384731337983384,NA
2010,"M",NA,NA,NA
2011,"P",NA,NA,NA
2012,"S",NA,NA,NA
2013,"G",NA,NA,NA
2014,"C",NA,-2.63842748644496,-7.02851824597069
2015,"S",NA,NA,NA
2016,"G",NA,NA,NA
2017,"T",NA,NA,NA
2018,"S",NA,-1.00210842109138,NA
2019,"I",-4.31791640881172,NA,NA
2020,"F",-1.30798148602705,-0.607968841668015,-0.738578146348619
2021,"N",NA,NA,NA
2022,"S",-0.157998447346076,-0.0115157395098382,-0.65179265031162
2023,"M",-0.0965434901148344,-4.33087977952512,-0.127669543607742
2024,"I",-0.297054741867642,-1.74557360076711,NA
2025,"N",NA,NA,NA
2026,"N",NA,NA,NA
2027,"I",-4.16299282793239,-0.663856240317952,-1.44540491600077
2028,"I",-0.515812062891272,-0.328122763455813,-0.962022654310369
2029,"I",-0.498316601876152,-3.10392091222137,-1.92358664036558
2030,"R",NA,-1.31732203422807,-0.287571255897022
2031,"T",-2.07960380372104,-1.55902976184641,NA
2032,"L",-1.95564030140006,-2.79182939145159,-5.50357164848005
2033,"M",-0.43511300492354,-4.27909121112128,-1.07144910691879
2034,"L",-11.9018859616835,-7.54002135410986,-3.86875780015603
2035,"K",-9.7408011842822,-6.52810628319287,-5.85869329048201
2036,"V",-9.22462474570897,-5.61115514522801,-0.831677043366408
2037,"Y",NA,-0.364618371656158,-2.1077473808378
2038,"K",-6.32606293957655,-2.96025919089672,-7.76312892489074
2039,"G",-3.59816392544074,-8.87650968765034,-9.06735897252459
2040,"I",-0.967730918335956,-0.182832449179495,-1.26821281298225
2041,"D",NA,-0.454848971802926,-0.408888031127811
2042,"L",-1.36548600614943,-1.92491633994,NA
2043,"D",-4.91203843501998,NA,-1.21689373915079
2044,"Q",-9.30438538052807,-6.38949293505241,-4.3796801585024
2045,"F",-1.37691812160547,-0.572574083741584,NA
2046,"R",-6.50681897346704,-0.800088691097274,-1.09901886833607
2047,"M",-0.0643333531012539,-3.04600448076388,-0.201432613804678
2048,"I",-0.310706649614887,-2.06941889967482,-0.403519717559393
2049,"A",NA,NA,-3.00004073921867
2050,"Y",-2.51878263048703,NA,NA
2051,"G",NA,NA,NA
2052,"D",NA,NA,-0.0502678597607872
2053,"D",NA,NA,NA
2054,"V",-2.22745099819047,-0.570201910487593,-4.18867530555063
2055,"I",-1.72034717886376,NA,-1.76594630227473
2056,"A",NA,-0.734098307133279,-0.214538472004153
2057,"S",-1.02080306200835,-1.32501820426126,-1.25429936879346
2058,"Y",NA,NA,NA
2059,"P",-7.66215822806853,-3.07391800658706,-3.43317150960157
2060,"W",-6.07318116910427,-4.10434278912023,-2.20851901432559
2061,"P",-1.51838526006921,-7.38234110203477,-8.02414432083984
2062,"I",-1.40142203040277,-0.865994824897623,-1.12867190873249
2063,"D",NA,NA,NA
2064,"A",-4.11164766613457,-6.0923978392414,-9.86854166494163
2065,"S",-7.94999662968271,-12.3013161308048,-7.22677340538468
2066,"L",-6.31450358028973,-2.04892263965069,-5.42312601676305
2067,"L",-3.25070572371219,-2.76366519717699,NA
2068,"A",-1.06206188136105,NA,NA
2069,"E",-11.597050161696,-15.7232787165567,-5.07605134803095
2070,"A",-3.58060516044033,-7.06486357137283,-3.1796173317333
2071,"G",NA,-1.07010022090285,-0.506040186591055
2072,"K",-8.87086918150046,-9.20317325854767,-6.60532876492806
2073,"G",-6.77794847718334,-7.30435381372301,-4.40596002828885
2074,"Y",NA,NA,NA
2075,"G",NA,NA,NA
2076,"L",NA,-0.00375977086076387,-0.0900741873673874
2077,"I",-12.7788691118624,-1.86678570629741,-5.15586469086666
2078,"M",-0.138653085913056,-0.340035808525987,-0.716877618446184
2079,"T",NA,NA,NA
2080,"P",NA,NA,NA
2081,"A",-9.84966243512298,-10.5923207383796,-3.42403801251761
2082,"D",-1.49164215076057,-1.73397225501246,-3.16995659415911
2083,"K",-0.127366936761368,NA,-1.92598751323697
2084,"G",-2.63030141474226,-5.86480056061184,-1.54255528956611
2085,"E",-6.03294174229313,-6.77258783950316,-3.73207121502092
2086,"C",-13.0008396121691,-7.54663643163845,-6.19557336110982
2087,"F",-0.356439495962819,-0.599469922017293,NA
2088,"N",-9.97153705405633,-3.63168452837332,-3.95934110667888
2089,"E",-8.99559128116044,-6.69258143373464,-5.6897780030885
2090,"V",-0.721549437361291,-2.55452942117125,NA
2091,"T",-0.801623045435869,-0.606779322782717,-0.940533211394978
2092,"W",NA,NA,-0.00848900409829356
2093,"T",-10.1425459316667,-10.5600971305632,-5.16764193492719
2094,"N",NA,-0.996508931207964,NA
2095,"A",-2.36821783065358,-2.6630994866335,-0.357477136122397
2096,"T",-2.14319780589941,-2.19554867156724,-3.19921537081381
2097,"F",NA,NA,NA
2098,"L",NA,NA,NA
2099,"K",NA,-0.213152533689717,NA
2100,"R",-0.10667042264829,NA,-0.351490946845353
2101,"Y",-0.170790111338749,-4.95713790535073,-1.15817565215843
2102,"F",NA,NA,NA
2103,"R",NA,NA,NA
2104,"A",NA,-1.91276639498631,-0.833857159317976
2105,"D",NA,NA,NA
2106,"E",-0.236338532438122,NA,-0.168844148276311
2107,"Q",-10.5204071658061,-8.0003822482685,-5.14718254474696
2108,"Y",-1.39700185590989,NA,-0.0965764049370129
2109,"P",NA,-2.39868123119293,NA
2110,"F",NA,-1.62487478133401,-2.02422637294723
2111,"L",NA,-0.211800498398536,-0.376875425816582
2112,"V",-1.3258276149696,-0.0677179749620975,-0.810385617029707
2113,"H",NA,NA,NA
2114,"P",NA,NA,NA
2115,"V",NA,NA,NA
2116,"M",-2.25342341404764,NA,-2.74388491615991
2117,"P",-1.86428704957234,-0.24734662618911,-1.05055824663974
2118,"M",-0.141314713739413,NA,-0.0584137575768914
2119,"K",-6.19092641367857,-7.56030734083393,-1.55645883956085
2120,"D",NA,-10.7296597707334,NA
2121,"I",NA,-0.0370416704007927,-0.430946117448695
2122,"H",-13.1073960814706,-13.5086048376757,-6.51341996253083
2123,"E",NA,-2.94675735904168,NA
2124,"S",NA,NA,NA
2125,"I",-0.548597089232375,-3.92902929371189,-2.39110737632851
2126,"R",NA,NA,NA
2127,"W",NA,NA,-0.0727739341762178
2128,"T",NA,NA,NA
2129,"K",-0.347971829837753,-3.38114793380712,-6.30493443524762
2130,"D",NA,-3.56809398217175,-2.21895627095185
2131,"P",-4.67887581081862,-1.52797242955894,-3.70609009560748
2132,"K",-3.11970688150484,-4.68653818496456,-7.53363023358449
2133,"N",-5.61977109416264,-3.44412808352747,-6.00382850346321
2134,"T",NA,NA,NA
2135,"Q",-15.8287282572996,-10.4526969256344,-6.28655915056519
2136,"D",-6.89533032749572,-8.16000527655626,-6.14394754973715
2137,"H",NA,NA,NA
2138,"V",-2.1660816342507,-3.09317449282676,-1.11993330892187
2139,"R",-15.8008186711273,-6.90505525552587,-6.47886949214278
2140,"S",-3.75849149289643,-6.7574411678481,-2.58484811382567
2141,"L",NA,-0.110056098084692,NA
2142,"C",NA,NA,NA
2143,"L",-9.60438786534013,-6.9573188633871,-7.40824397104763
2144,"L",-1.62827195240189,NA,-2.21514338435451
2145,"A",NA,NA,NA
2146,"W",-0.0432412157157049,NA,NA
2147,"H",NA,-0.110478945669283,NA
2148,"N",-3.69404350731293,-3.47431548566339,-3.45704159804038
2149,"G",-0.122658111642285,-0.278282554547269,NA
2150,"E",-8.97878278876812,-10.0095596411234,-4.88142559826102
2151,"H",-5.89006046597067,-9.77634490921353,-7.9414644046175
2152,"E",-10.6572519456506,-9.62774848752744,-4.57600262131517
2153,"Y",NA,NA,NA
2154,"E",-4.73154848264987,-13.4499218702568,-4.0540514208678
2155,"E",-12.1245638374375,-10.3232743850571,-2.41665078297965
2156,"F",-1.98384640802476,NA,NA
2157,"I",-1.68257392772691,-2.19345228382132,-4.14879041149844
2158,"R",-4.31135012977987,-3.90955652072917,-5.89901867898383
2159,"K",-4.59360080578905,-11.2661039461088,-6.04809820827462
2160,"I",NA,-0.300503620370201,NA
2161,"R",-1.0532891468632,-2.41187890797102,-0.735949664736441
2162,"S",-13.1818506037774,-0.552040107197173,-2.00637029403299
2163,"V",-8.46842283452104,-1.55330626705452,-0.440581221939447
2164,"P",-8.81002377991846,-8.65113970825365,-1.89623464304952
2165,"V",-1.37142983783316,-3.27970561911789,-1.28792287983811
2166,"G",NA,NA,NA
2167,"R",-5.61543414058008,-5.17769140856088,-2.21982995841054
2168,"C",-6.87942198753698,-0.973629338863039,-3.28785675544331
2169,"L",-2.61996057804213,-1.16867740992398,NA
2170,"T",-6.91349301133512,-9.60809662221406,-4.89038436208434
2171,"L",-0.00433650370123198,-1.36030425742091,-1.05252476238296
2172,"P",NA,NA,NA
2173,"A",-13.0346465090385,-8.60746856981939,-6.79649740030121
2174,"F",-0.0872809463556908,NA,-0.461436703567234
2175,"S",-1.5946675557919,-0.564149128658397,-7.59162626275165
2176,"T",-2.34806971107682,-5.70023829969675,-5.88996108806897
2177,"L",NA,NA,NA
2178,"R",NA,NA,NA
2179,"R",-0.988620542635944,-0.474091213856742,-0.422974546479423
2180,"K",-5.82889305413222,-7.41961697733311,-11.2487679714827
2181,"W",-0.0759720079048923,NA,NA
2182,"L",-0.826407872073009,-0.513380848012091,NA
2183,"D",NA,NA,-0.598464560136335
2184,"S",-3.85721449219604,-3.02733016918256,-3.72615104465415
2185,"F",NA,NA,NA
