site,wildtype,wtAA,mutAA,p1_L1_virus_rep3
1,ATG,M,*,-6.914470826838058
2,GGA,G,*,-4.6279895465788234
3,GCT,A,*,-5.54546525393557
4,CAA,Q,*,-5.6065406764380095
5,GTA,V,*,-5.897460604792599
6,TCA,S,*,-5.007145644603524
7,ACG,T,*,-6.087952524178224
8,CAA,Q,*,-6.424369866992467
9,AAG,K,*,-5.358802287054621
10,ACT,T,*,-6.517872777649381
11,GGG,G,*,-6.28253378454721
12,GCA,A,*,-5.047988750451881
13,CAT,H,*,-6.991654837831057
14,GAG,E,*,-5.161387418351881
15,ACC,T,*,-6.9690657688867645
16,AGG,R,*,-4.558062803196036
17,CTG,L,*,-3.571341557396928
18,AAT,N,*,-4.398783877985645
19,GCT,A,*,-4.3389511236429446
20,AGC,S,*,-4.492142768887282
21,GGC,G,*,-3.1591449256264594
22,AAT,N,*,-2.1712130655122035
23,TCC,S,*,-4.0037870200187
24,ATC,I,*,-3.787567088555117
25,ATT,I,*,-4.4457296208845
26,CAC,H,*,-4.102999837845137
27,TAC,Y,*,-3.521296874488835
28,ACA,T,*,-5.382024023676594
29,AAT,N,*,-4.281466840640746
30,ATT,I,*,-5.7547836502003085
31,AAT,N,*,-3.807261926622148
32,TAT,Y,*,-4.107090270735432
33,TAC,Y,*,-3.3729646168295417
34,AAG,K,*,-3.3471803116781906
35,GAT,D,*,-4.16713941367807
36,GCC,A,*,-3.409746936684754
37,GCA,A,*,-4.044655479833365
38,TCC,S,*,-4.144652249836112
39,AAC,N,*,-4.526681895232263
40,TCA,S,*,-3.8792201131007307
41,GCC,A,*,-4.477379739843706
42,AAT,N,*,-4.081920716566179
43,CGG,R,*,-3.4018253297910017
44,CAG,Q,*,-3.7974676783944075
45,GAT,D,*,-4.049185534532774
46,TTC,F,*,-5.822021191929993
47,ACT,T,*,-4.770498549793084
48,CAA,Q,*,-5.235928894185605
49,GAC,D,*,-3.912530918843754
50,CCG,P,*,-2.9586647143092475
51,GGC,G,*,-3.81935364774536
52,AAG,K,*,-2.4655315783722096
53,TTC,F,*,-6.097939341601202
54,ACA,T,*,-5.3799795660167105
55,GAA,E,*,-4.117971042698658
56,CCA,P,*,-4.641872037422396
57,GTG,V,*,-4.387692396900419
58,AAA,K,*,-2.8219166658823487
59,GAT,D,*,-4.605226413032012
60,ATC,I,*,-5.309904146454711
61,ATG,M,*,-5.064860097503717
62,ATT,I,*,-4.362553713615972
63,AAA,K,*,-3.8209131811626196
64,TCA,S,*,-1.8988034604004396
65,CTA,L,*,-4.012867786512354
66,CCA,P,*,-4.335229621177214
67,GCT,A,*,-4.439941221307523
68,CTC,L,*,-4.933827700243011
69,AAC,N,*,-5.044182464442924
70,TCC,S,*,-4.061761040380566
71,CCC,P,*,-4.661895583143079
72,ACA,T,*,-4.651515657513557
73,GTA,V,*,-2.2782128741726386
74,GAG,E,*,-3.445895651475501
75,GAG,E,*,-3.7760665775530957
76,TGC,C,*,-3.9548114301552704
77,GGA,G,*,-3.3372677683641587
78,TAC,Y,*,-3.831384012133026
79,AGT,S,*,-5.023274726600808
80,GAC,D,*,-4.701853097518996
81,AGG,R,*,-3.6682989410179494
82,GCG,A,*,-3.888527466853706
83,AGA,R,*,-4.473456913675625
84,TCA,S,*,-2.462880304767322
85,ATC,I,*,-4.221005691263177
86,ACA,T,*,-5.439346793124642
87,TTA,L,*,-3.6979626648975317
88,GGT,G,*,-4.075602584506531
89,AAC,N,*,-3.2928402911756285
90,TCC,S,*,-3.7982209335108563
91,ACC,T,*,-4.3995095039336105
92,ATA,I,*,-4.735645997443128
93,ACG,T,*,-3.8053557298818808
94,ACT,T,*,-4.884847184882723
95,CAG,Q,*,-4.756726907337257
96,GAA,E,*,-4.508228083425122
97,TGC,C,*,-3.554984255807524
98,GCC,A,*,-2.8331454217095517
99,AAC,N,*,-4.907714561930976
100,GTG,V,*,-5.040942364235678
101,GTG,V,*,-4.644732505552099
102,GTG,V,*,-3.367594043782906
103,GGC,G,*,-4.035372298684567
104,TAT,Y,*,-2.886039584227249
105,GGA,G,*,-3.293134542971649
106,GTA,V,*,-4.061305004135893
107,TGG,W,*,-2.0241118859070077
108,CCA,P,*,-4.086349263769924
109,GAT,D,*,-3.3750673158280526
110,TAT,Y,*,-2.273271624401201
111,CTA,L,*,-4.6361948763004825
112,AAG,K,*,-3.5329685729528597
113,GAT,D,*,-4.007349032294422
114,AGT,S,*,-2.8748269064900756
115,GAG,E,*,-2.728215782827021
116,GCA,A,*,-3.8525672409604703
117,ACA,T,*,-4.059006335284188
118,GCA,A,*,-4.411415836643677
119,GAG,E,*,-2.037878047126513
120,GAC,D,*,-3.700346165150439
121,CAA,Q,*,-3.3962186831007157
122,CCG,P,*,-4.0132165993512405
123,ACC,T,*,-4.1173377160696205
124,CAA,Q,*,-3.7904920692302615
125,CCA,P,*,-4.2990398342204195
126,GAC,D,*,-4.335814889720736
127,GTT,V,*,-5.567130614781629
128,GCC,A,*,-4.319659699795851
129,ACA,T,*,-3.6566671567641107
130,TGT,C,*,-3.6298785023581357
131,AGG,R,*,-2.7409889725788843
132,TTC,F,*,-3.622819300897384
133,TAT,Y,*,-2.9292158962760224
134,ACC,T,*,-5.012884053301196
135,CTT,L,*,-3.2255368716392323
136,GAC,D,*,-3.1243021943646094
137,TCT,S,*,-4.212121793651165
138,GTG,V,*,-4.1010200581466805
139,CAA,Q,*,-2.349348371895368
140,TGG,W,*,-2.6048154595779875
141,CAG,Q,*,-3.171546443849384
142,AAA,K,*,-3.1877383276798024
143,ACC,T,*,-3.481148628233898
144,TCA,S,*,-2.9715710796102996
145,CCA,P,*,-2.3571314883616328
146,GGA,G,*,-4.029947970963063
147,TGG,W,*,-2.2152477082961433
148,TGG,W,*,-2.211604067908238
149,TGG,W,*,-2.145350577334147
150,AAG,K,*,-1.8908720487609234
151,CTG,L,*,-4.105009746661754
152,CCC,P,*,-3.8606328835093344
153,GAT,D,*,-3.6684861974962764
154,GCT,A,*,-4.4149183912970615
155,TTG,L,*,-1.1601408338075203
156,TCG,S,*,-2.632867941677946
157,AAC,N,*,-3.7979143475761687
158,TTA,L,*,-2.9364764280710896
159,GGA,G,*,-2.773350594175116
160,CTG,L,*,-3.6280895940486686
161,TTT,F,*,-4.154719677497905
162,GGG,G,*,-2.72632112813931
163,CAG,Q,*,-2.843441165816115
164,AAC,N,*,-3.5401353231962673
165,ATG,M,*,-4.547204318361897
166,CAG,Q,*,-3.2373499846546685
167,TAC,Y,*,-2.5966163714434094
168,CAC,H,*,-3.6484626766956443
169,TAC,Y,*,-3.0783461773207366
170,TTA,L,*,-2.4299940287665125
171,GGC,G,*,-3.410162979099158
172,CGA,R,*,-3.5978674242885083
173,ACT,T,*,-4.27381879495563
174,GGG,G,*,-4.012364819044752
175,TAT,Y,*,-2.7570194836173556
176,ACC,T,*,-4.690458337655284
177,GTA,V,*,-3.3892050601647092
178,CAT,H,*,-3.015256551953648
179,GTG,V,*,-3.340196132720035
180,CAG,Q,*,-1.980011656319333
181,TGC,C,*,-2.310516980264628
182,AAT,N,*,-3.104781582804378
183,GCA,A,*,-3.1437154262921307
184,TCT,S,*,-3.791678804726818
185,AAG,K,*,-3.073156885051064
186,TTC,F,*,-4.050573177092669
187,CAC,H,*,-2.28956770208181
188,CAA,Q,*,-2.556176304165284
189,GGA,G,*,-2.4556327944724314
190,TGC,C,*,-3.727412912978763
191,TTG,L,*,-2.6308118158063736
192,CTA,L,*,-3.8531931134532207
193,GTA,V,*,-4.375066027641836
194,GTG,V,*,-3.7384832711222122
195,TGT,C,*,-3.3916836368716696
196,GTA,V,*,-4.412096465843196
197,CCG,P,*,-3.98803390153265
198,GAA,E,*,-3.475462348171331
199,GCT,A,*,-4.12090168731852
200,GAG,E,*,-2.656542601761464
201,ATG,M,*,-3.5290750153990205
202,GGT,G,*,-3.5291605673344404
203,TGC,C,*,-3.8406098865139855
204,GCA,A,*,-3.3598847717505027
205,ACG,T,*,-3.1333243270249724
206,CTA,L,*,-4.223226802961445
207,GAC,D,*,-1.4735071143084275
208,AAC,N,*,-3.485724950326238
209,ACC,T,*,-3.6122657517403907
210,CCA,P,*,-2.5564981427166216
211,TCC,S,*,-3.2003371529960125
212,AGT,S,*,-4.381328756212378
213,GCA,A,*,-3.99598970778103
214,GAA,E,*,-2.6004829605477693
215,TTG,L,*,-2.6623624177744603
216,CTG,L,*,-2.4124811078915553
217,GGG,G,*,-2.9251738797176454
218,GGC,G,*,-2.8360083555889646
219,GAT,D,*,-3.7086090158884377
220,AGC,S,*,-3.682544699696509
221,GCA,A,*,-3.377812342464741
222,AAG,K,*,-3.10694551068336
223,GAG,E,*,NA
224,TTT,F,*,-4.247513285809314
225,GCG,A,*,-2.6417352504990177
226,GAC,D,*,-3.5594262003896207
227,AAA,K,*,-2.6579523411761565
228,CCG,P,*,-3.389612434397336
229,GTC,V,*,-4.303198935959438
230,GCA,A,*,-2.4981348342009917
231,TCC,S,*,-3.9148023745308556
232,GGG,G,*,-2.9095608925886944
233,TCC,S,*,-3.6144869894436176
234,AAC,N,*,-3.923511747052946
235,AAG,K,*,-2.4548250269719816
236,TTG,L,*,-4.129108035608262
237,GTA,V,*,-4.1139290198489045
238,CAG,Q,*,-2.5760005501697996
239,AGG,R,*,-3.471069523785733
240,GTG,V,*,-3.5078018834851146
241,GTG,V,*,-2.5955922673909226
242,TAT,Y,*,-2.194221493987075
243,AAT,N,*,-3.6486570592746737
244,GCA,A,*,-3.888005101259686
245,GGC,G,*,-4.197715068358562
246,ATG,M,*,-4.540616915695662
247,GGG,G,*,-2.8863350985102354
248,GTG,V,*,-3.306347520401219
249,GGT,G,*,-3.6751342417639408
250,GTT,V,*,-3.6071882029421296
251,GGA,G,*,-3.00050642967232
252,AAC,N,*,-2.0482362413881203
253,CTC,L,*,-4.668503514773141
254,ACC,T,*,-2.3680978149063674
255,ATT,I,*,-3.1794533405837164
256,TTC,F,*,-3.5824921284542928
257,CCC,P,*,-3.442218344071789
258,CAC,H,*,-3.2371392314864824
259,CAA,Q,*,-4.193915395704511
260,TGG,W,*,-1.4921414502019126
261,ATC,I,*,-3.6503629358615894
262,AAC,N,*,-4.050213055311227
263,CTA,L,*,-4.37325224985238
264,CGC,R,*,-2.88017676719486
265,ACC,T,*,-3.8329035965581495
266,AAT,N,*,-3.1469805403965077
267,AAT,N,*,-3.5754250511868477
268,AGT,S,*,-4.070507104914918
269,GCT,A,*,-3.6253421182184566
270,ACA,T,*,-4.638511575360262
271,ATT,I,*,-2.5606189576982565
272,GTG,V,*,-2.938896416478039
273,ATG,M,*,-2.0325159093177136
274,CCA,P,*,-3.4281490191788797
275,TAC,Y,*,-1.931450086207047
276,ACC,T,*,-3.074338370194679
277,AAC,N,*,-2.672427868397912
278,AGT,S,*,-2.8772631207046397
279,GTA,V,*,-3.063257423293038
280,CCT,P,*,-1.9387846074044996
281,ATG,M,*,-4.7344858257745726
282,GAT,D,*,-2.9937331737400497
283,AAC,N,*,-3.314054353555315
284,ATG,M,*,-4.114357298220806
285,TTT,F,*,-3.714885799480039
286,AGG,R,*,-2.699061886831639
287,CAT,H,*,-3.059264060339363
288,AAC,N,*,-3.469403942152034
289,AAC,N,*,-4.128204672225545
290,GTC,V,*,-3.674806298807608
291,ACC,T,*,-3.057460325370463
292,CTA,L,*,-3.4542806930619943
293,ATG,M,*,-4.138717211873459
294,GTT,V,*,-4.933082903105949
295,ATC,I,*,-4.026717097471769
296,CCA,P,*,-3.720093720766109
297,TTT,F,*,-2.8647739331246562
298,GTA,V,*,-4.934503169856984
299,CCG,P,*,-4.004285456947486
300,CTA,L,*,-3.9040068836122446
301,GAT,D,*,-4.219093289565406
302,TAC,Y,*,-3.397514071886311
303,TGC,C,*,-2.9175141168440737
304,CCT,P,*,-3.5391398018872464
305,GGG,G,*,-4.199463176618342
306,TCC,S,*,-4.302439949781256
307,ACC,T,*,-4.111361463586846
308,ACG,T,*,-3.975353779979453
309,TAC,Y,*,-2.6480430317053827
310,GTC,V,*,-4.032768637624685
311,CCA,P,*,-3.851730078746265
312,ATT,I,*,-3.305533547079672
313,ACG,T,*,-5.31382126868919
314,GTC,V,*,-4.976670414063744
315,ACG,T,*,-3.9928580743875806
316,ATA,I,*,-4.570075960151917
317,GCC,A,*,-3.578429294051402
318,CCA,P,*,-4.211746985602892
319,ATG,M,*,-4.747009731149795
320,TGT,C,*,-2.567682578165363
321,GCC,A,*,-4.502170337211372
322,GAG,E,*,-3.2569815516993637
323,TAC,Y,*,-2.2036741239314295
324,AAT,N,*,-4.269861188830339
325,GGG,G,*,-3.945995382039611
326,TTA,L,*,-2.5745272530933967
327,CGT,R,*,-3.2579409821859
328,TTA,L,*,-2.767692754788268
329,GCA,A,*,-3.302916871073476
330,GGG,G,*,-3.4127588246028284
331,CAC,H,*,-3.7582436160366433
332,CAG,Q,*,-3.1383804207516004
333,GGC,G,*,-3.5313406934254665
334,TTA,L,*,-2.621279722456636
335,CCA,P,*,-4.386371765910607
336,ACC,T,*,-5.127436126785802
337,ATG,M,*,-4.8884165801944475
338,AAT,N,*,-4.813296219575848
339,ACT,T,*,-4.350300204370753
340,CCG,P,*,-3.419330136573458
341,GGG,G,*,-2.551688202508503
342,AGC,S,*,-2.793400553673735
343,TGT,C,*,-2.611622406654766
344,CAA,Q,*,-3.883098261477185
345,TTT,F,*,-4.169067766233304
346,CTG,L,*,-4.0030704825263586
347,ACA,T,*,-4.162469927822015
348,TCA,S,*,-1.1963113163126853
349,GAC,D,*,-4.274518891309176
350,GAC,D,*,-3.877834977089529
351,TTC,F,*,-4.752667994523098
352,CAA,Q,*,-4.391423782149279
353,TCA,S,*,-2.413498479993414
354,CCA,P,*,-3.1011387311545113
355,TCC,S,*,-4.010430278340575
356,GCC,A,*,-4.2421583466493065
357,ATG,M,*,-4.620922754003663
358,CCG,P,*,-4.030022426366863
359,CAA,Q,*,-3.979158714291849
360,TAT,Y,*,-2.9741067498560434
361,GAC,D,*,-4.692543116613562
362,GTC,V,*,-5.0780101829383515
363,ACA,T,*,-3.611978494956694
364,CCA,P,*,-4.328705178477429
365,GAG,E,*,-3.31417560217112
366,ATG,M,*,-2.951934295298732
367,AGG,R,*,-1.449736556937409
368,ATA,I,*,-4.16322519732304
369,CCT,P,*,-4.0486877202411184
370,GGT,G,*,-3.2012270538524334
371,GAG,E,*,-3.186449829124512
372,GTG,V,*,-2.7511503885119244
373,AAA,K,*,-2.5109108008664203
374,AAC,N,*,-3.3761812281836905
375,TTG,L,*,-3.3726996948829737
376,ATG,M,*,-4.67230224859937
377,GAA,E,*,-3.0991406921439872
378,ATA,I,*,-3.531051265422015
379,GCT,A,*,-3.915261983091237
380,GAG,E,*,-2.0632936464858194
381,GTT,V,*,-4.376888311608418
382,GAC,D,*,-3.8702508241626754
383,TCA,S,*,-3.007200539987449
384,GTT,V,*,-3.735905804693343
385,GTC,V,*,-1.8716769742372135
386,CCA,P,*,-3.550466063150691
387,GTC,V,*,-2.2901204745014585
388,CAA,Q,*,-3.090874146365716
389,AAT,N,*,-3.510258364503479
390,GTT,V,*,-5.0903359810952535
391,GGA,G,*,-3.719371172587441
392,GAG,E,*,-3.308007159268721
393,AAG,K,*,-2.7264071149114177
394,GTC,V,*,-3.093894763576007
395,AAC,N,*,-3.416965889288361
396,TCT,S,*,-3.958545660635553
397,ATG,M,*,-4.787010260792493
398,GAA,E,*,-3.6132347129306988
399,GCA,A,*,-3.7085075314538334
400,TAC,Y,*,-3.3670725533380845
401,CAG,Q,*,-3.0085541806040497
402,ATA,I,*,-3.9214309700776333
403,CCT,P,*,-4.100130299920324
404,GTG,V,*,-3.5147625133296763
405,AGA,R,*,-3.522815280125881
406,TCC,S,*,-3.609676167963397
407,AAC,N,*,-3.0048045168080986
408,GAA,E,*,-2.965070023707922
409,GGA,G,*,-2.5538333068513506
410,TCT,S,*,-4.21208904437441
411,GGA,G,*,-2.8623971411846716
412,ACG,T,*,-4.407216217152043
413,CAA,Q,*,-4.6614692028340174
414,GTA,V,*,-3.3741997416943184
415,TTC,F,*,-5.229043314869094
416,GGC,G,*,-3.8405520530857276
417,TTT,F,*,-4.536609491964829
418,CCA,P,*,-4.203967247122824
419,CTG,L,*,-4.137397387504067
420,CAA,Q,*,-3.691082534906305
421,CCA,P,*,-3.345132757335536
422,GGG,G,*,-4.244232086332157
423,TAC,Y,*,-3.7876859304036747
424,TCA,S,*,-2.7908776039264116
425,AGT,S,*,-3.5404962290530464
426,GTT,V,*,-3.9190272521392973
427,TTT,F,*,-3.398649190300832
428,AGT,S,*,-2.28179681167919
429,CGG,R,*,-2.112419388807695
430,ACG,T,*,-2.846969535944526
431,CTC,L,*,-3.103758489275785
432,CTA,L,*,-2.896161879618557
433,GGA,G,*,-2.852375100606515
434,GAG,E,*,-3.5504555116229772
435,ATC,I,*,-4.2155091419016495
436,TTG,L,*,-2.5848039898807795
437,AAC,N,*,-3.2917455017218824
438,TAT,Y,*,-2.652795991927723
439,TAT,Y,*,-2.274055266554608
440,ACA,T,*,-3.9620670436005034
441,CAT,H,*,-3.2018711224079333
442,TGG,W,*,-1.1280284544173527
443,TCA,S,*,-2.9415716721295637
444,GGC,G,*,-2.7066656434534937
445,AGC,S,*,-3.4684986952347003
446,ATA,I,*,-3.9820212194634026
447,AAG,K,*,-3.828767496053852
448,CTT,L,*,-3.543146707887042
449,ACG,T,*,-4.816266293623475
450,TTT,F,*,-4.285241701228157
451,ATG,M,*,-4.637349407064411
452,TTC,F,*,-5.213560746638245
453,TGT,C,*,-4.093960366288724
454,GGT,G,*,-3.516315325844542
455,TCG,S,*,-2.2647709025217804
456,GCC,A,*,-3.4566003508574275
457,ATG,M,*,-3.8859042604709706
458,GCT,A,*,-4.076953994882223
459,ACT,T,*,-4.116103828570902
460,GGA,G,*,-3.5738810609565586
461,AAA,K,*,-3.0236298586145494
462,TTC,F,*,-4.713823149104737
463,CTT,L,*,-4.496014052966815
464,TTG,L,*,-2.710704251850446
465,GCA,A,*,-2.8603260641973587
466,TAC,Y,*,-1.8846319715440971
467,TCA,S,*,-1.8787574001303726
468,CCA,P,*,-3.9448779679189263
469,CCA,P,*,-3.7889178965051666
470,GGT,G,*,-3.3877486582949174
471,GCT,A,*,-4.00979068925019
472,GGA,G,*,-2.8950296603808194
473,GCT,A,*,-3.2341497225135556
474,CCT,P,*,-4.711785141738053
475,ACA,T,*,-4.623176718611213
476,AAA,K,*,-3.0788736371811374
477,AGG,R,*,-3.4280811598682943
478,GTT,V,*,-4.33057394647792
479,GAT,D,*,-3.811580304876298
480,GCT,A,*,-3.170601748357982
481,ATG,M,*,-4.314768494200469
482,CTT,L,*,-3.512109053828566
483,GGT,G,*,-4.314992365217669
484,ACT,T,*,-4.0418610572321825
485,CAT,H,*,-4.108522016234324
486,GTA,V,*,-4.394345382748947
487,ATT,I,*,-5.26334429168978
488,TGG,W,*,-1.5548405907998526
489,GAC,D,*,-4.477009374127647
490,GTG,V,*,-4.270794735876984
491,GGG,G,*,-4.468831941711974
492,CTA,L,*,-3.031953403518427
493,CAA,Q,*,-3.508234586063706
494,TCA,S,*,-3.3856076434006335
495,AGT,S,*,-4.2264437772610535
496,TGC,C,*,-4.119820666981002
497,GTG,V,*,-3.923820069005753
498,CTG,L,*,-3.0743184264516046
499,TGT,C,*,-2.5464735579305016
500,ATA,I,*,-4.201445160028483
501,CCC,P,*,-3.658232127419847
502,TGG,W,*,-2.228876556811872
503,ATA,I,*,-4.27972956610643
504,AGC,S,*,-3.9085243719312697
505,CAA,Q,*,-3.736649841085922
506,ACA,T,*,-4.977711336309722
507,CAC,H,*,-2.5598085215436845
508,TAC,Y,*,-2.8012692502564027
509,CGG,R,*,-4.0613852826091845
510,TTT,F,*,-3.613895930394046
511,GTT,V,*,-4.31026887588654
512,GCT,A,*,-2.8641148608728004
513,TCA,S,*,-2.976588970521477
514,GAT,D,*,-4.007129908164617
515,GAG,E,*,-3.3123109373012194
516,TAT,Y,*,-2.4884497896216202
517,ACC,T,*,-4.0192175139118005
518,GCA,A,*,-3.1727625574481695
519,GGG,G,*,-3.8887115908780867
520,GGT,G,*,-3.9234363298972337
521,TTT,F,*,-3.553252950155701
522,ATT,I,*,-4.521521649906331
523,ACG,T,*,-4.194147502274456
524,TGC,C,*,-2.9251086736095315
525,TGG,W,*,-2.010274984700948
526,TAT,Y,*,-2.0127400695365023
527,CAA,Q,*,-3.716272547994673
528,ACA,T,*,-4.432439284157683
529,AAC,N,*,-2.5783948527083083
530,ATA,I,*,-4.9199669548561005
531,GTG,V,*,-3.9675942005179876
532,GTC,V,*,-3.3002436222493605
533,CCA,P,*,-4.442200719922843
534,GCG,A,*,-3.548042182460101
535,GAT,D,*,-3.6186345558928523
536,GCC,A,*,-3.9108992389443813
537,CAA,Q,*,-2.68227334126087
538,AGC,S,*,-3.9216667326845913
539,TCC,S,*,-4.181414767463937
540,TGT,C,*,-2.6442409581408968
541,TAC,Y,*,-3.862296253208584
542,ATC,I,*,-4.916628443208884
543,ATG,M,*,-4.609938244679453
544,TGT,C,*,-3.7479653178178536
545,TTC,F,*,-4.597947728647624
546,GTG,V,*,-3.848586080294466
547,TCA,S,*,-1.6991576174854892
548,GCA,A,*,-2.74644590490353
549,TGC,C,*,-1.6919227649941386
550,AAT,N,*,-3.748245262680565
551,GAC,D,*,-4.468196991478489
552,TTC,F,*,-4.691947987134387
553,TCT,S,*,-4.569928682496162
554,GTC,V,*,-3.727049358885125
555,AGG,R,*,-3.7176176468740056
556,CTA,L,*,-3.7844780317295657
557,TTG,L,*,-1.449250217971543
558,AAG,K,*,-2.079182191055586
559,GAC,D,*,-4.064756643578225
560,ACT,T,*,-3.5764271292062046
561,CCT,P,*,-4.164252909300905
562,TTC,F,*,-4.598131677054559
563,ATT,I,*,-4.348423998250455
564,TCG,S,*,-2.7526216935934964
565,CAG,Q,*,-2.0760067953272796
566,CAA,Q,*,-3.2611928277893862
567,AAC,N,*,-3.9932514604479885
568,TTT,F,*,-5.698364207425795
569,TTC,F,*,-4.981704939282034
570,CAG,Q,*,-3.3590745919527745
571,GGC,G,*,-3.0236814821171105
572,CCA,P,*,-4.135176027054999
573,GTG,V,*,-5.200885533781643
574,GAA,E,*,-3.59755154845477
575,GAC,D,*,-5.103505100231289
576,GCG,A,*,-4.325400751777912
577,ATA,I,*,-1.1328659174286115
578,ACA,T,*,-3.0736664802907243
579,GCC,A,*,-3.7750633926367683
580,GCT,A,*,-4.078696713980475
581,ATA,I,*,-4.674960308888674
582,GGG,G,*,-3.6139792015142436
583,AGA,R,*,-2.6495900647072084
584,GTT,V,*,-4.3087873341770635
585,GCG,A,*,-4.0889017528570095
586,GAT,D,*,-4.107857427355434
587,ACC,T,*,-4.678457505308946
588,GTG,V,*,-4.464741595795074
589,GGT,G,*,-3.940903791612846
590,ACA,T,*,-3.911518696922322
591,GGG,G,*,-3.738442904590541
592,CCA,P,*,-3.54519085527238
593,ACC,T,*,-3.901888004356271
594,AAC,N,*,-4.633685619747441
595,TCA,S,*,-3.830251555470197
596,GAA,E,*,-4.211392367948942
597,GCT,A,*,-3.4139169319083704
598,ATA,I,*,-4.194757252481654
599,CCA,P,*,-3.580795257669614
600,GCA,A,*,-3.2021766683616337
601,CTC,L,*,-3.1691153508686383
602,ACT,T,*,-2.6168285286305637
603,GCT,A,*,-3.3045110968185356
604,GCT,A,*,-3.1633132855561907
605,GAG,E,*,-1.8370425440706992
606,ACG,T,*,-3.096096780850189
607,GGT,G,*,NA
608,CAC,H,*,-3.0398912857850564
609,ACG,T,*,-3.1973741445027275
610,TCA,S,*,NA
611,CAA,Q,*,NA
612,GTA,V,*,-2.8470954366061547
613,GTG,V,*,-2.2121216789044285
614,CCG,P,*,-2.276019987808142
615,GGT,G,*,NA
616,GAC,D,*,-3.662386166340035
617,ACT,T,*,-3.981998246635354
618,ATG,M,*,-4.5748546100407745
619,CAG,Q,*,-1.0412766825405435
620,ACA,T,*,-2.7810674187617725
621,CGC,R,*,-3.0787699147497705
622,CAC,H,*,-2.043894705463452
623,GTT,V,*,-4.310969501936074
624,AAG,K,*,-2.2817369909271776
625,AAC,N,*,-3.7540582517160055
626,TAC,Y,*,-2.2087181923773676
627,CAT,H,*,-4.336886876018624
628,TCA,S,*,-3.0769089195387807
629,AGG,R,*,-2.210508111361483
630,TCC,S,*,-3.84530972388876
631,GAG,E,*,-2.5784059722702555
632,TCA,S,*,-2.429207505175002
633,ACC,T,*,-3.765570577702184
634,ATA,I,*,-4.231533399847617
635,GAG,E,*,-2.4050314581051273
636,AAC,N,*,-3.9608593464174597
637,TTC,F,*,-5.111410015253026
638,CTA,L,*,-3.244709872268826
639,TGT,C,*,-4.180389711221241
640,AGG,R,*,-3.802602216098821
641,TCA,S,*,-3.4096035616345435
642,GCA,A,*,-3.318295121646987
643,TGC,C,*,-2.9712291186427207
644,GTG,V,*,-2.8081333515754126
645,TAC,Y,*,-3.2359968712817
646,TTT,F,*,-3.23765693951331
647,ACG,T,*,-4.423235500740558
648,GAG,E,*,-2.895635319356391
649,TAT,Y,*,-2.5752716196987837
650,AAA,K,*,-3.640190360040393
651,AAC,N,*,-4.477735228979871
652,TCA,S,*,-3.1537744788451447
653,GGT,G,*,-3.3618548821961705
654,GCC,A,*,-3.2150999858107494
655,AAG,K,*,-2.9412825312162822
656,CGG,R,*,-3.9241328805805296
657,TAT,Y,*,-3.33046291251266
658,GCT,A,*,-3.9229949991564075
659,GAA,E,*,-3.8462563312053852
660,TGG,W,*,-3.113294895496706
661,GTA,V,*,-3.6382840146260946
662,TTA,L,*,-3.279127759258752
663,ACA,T,*,1.2345285065177938
664,CCA,P,*,-3.7251846561470248
665,CGA,R,*,-2.6067163087770107
666,CAA,Q,*,-3.5632182474459593
667,GCA,A,*,-3.3632995034361413
668,GCA,A,*,-4.428317320225801
669,CAA,Q,*,-2.4729599251082015
670,CTT,L,*,-4.197091858143974
671,AGG,R,*,-2.4215218816526005
672,AGA,R,*,-2.3101572080515997
673,AAG,K,*,-2.8209654224243996
674,CTA,L,*,-3.689685530345393
675,GAA,E,*,-4.118090979520778
676,TTC,F,*,-4.57788536168885
677,TTT,F,*,-3.4692729456655207
678,ACC,T,*,-4.023715252629079
679,TAC,Y,*,-2.6803150990316182
680,GTC,V,*,-3.682568550556287
681,CGG,R,*,-3.0289047059363043
682,TTC,F,*,-4.6698543321765795
683,GAC,D,*,-3.395506339001867
684,CTG,L,*,-4.109380715687937
685,GAG,E,*,-3.477385493741908
686,CTG,L,*,-3.480355445746782
687,ACG,T,*,-2.256734350457198
688,TTT,F,*,-4.142979370485904
689,GTC,V,*,-2.9968104206181247
690,ATA,I,*,-3.5605872616676426
691,ACA,T,*,-4.524313601394447
692,AGT,S,*,-4.069021917454408
693,ACT,T,*,-2.822421101168235
694,CAA,Q,*,-3.241644283324851
695,CAG,Q,*,-2.6779219524807365
696,CCC,P,*,-3.3025034108072853
697,TCA,S,*,-2.1105280824018577
698,ACC,T,*,-4.457276559047521
699,ACA,T,*,-4.470343850467275
700,CAG,Q,*,-3.347780895125429
701,AAC,N,*,-3.9034617216433234
702,CAA,Q,*,-3.584281582039877
703,GAT,D,*,-4.039113551486106
704,GCA,A,*,-4.552702209187304
705,CAG,Q,*,-2.940434508778417
706,ATC,I,*,-3.86889173560036
707,CTA,L,*,-3.8689743174579228
708,ACA,T,*,-4.3646904034833804
709,CAC,H,*,-3.5709050172301615
710,CAA,Q,*,-3.0916032427973077
711,ATT,I,*,-4.23056888686245
712,ATG,M,*,-4.507943703826698
713,TAT,Y,*,-1.8858453657903458
714,GTA,V,*,-4.194411434985226
715,CCA,P,*,-3.1934852840370906
716,CCA,P,*,-3.9405099496163176
717,GGT,G,*,-2.862180204634662
718,GGA,G,*,-1.9488782299215257
719,CCT,P,*,-3.2960036571705684
720,GTA,V,*,-3.5008156869884335
721,CCA,P,*,-2.441287821008481
722,GAT,D,*,-3.336219941911783
723,AAA,K,*,-3.6194181028621193
724,GTT,V,*,-4.6904449500199705
725,GAT,D,*,-4.293234886995904
726,TCA,S,*,-2.71832134848247
727,TAC,Y,*,-2.524921571708494
728,GTG,V,*,-3.2297512943104087
729,TGG,W,*,NA
730,CAA,Q,*,-2.8221585255467403
731,ACA,T,*,-3.586246832378979
732,TCT,S,*,-4.577290447017926
733,ACG,T,*,-4.071490283189084
734,AAT,N,*,-3.941353636472192
735,CCC,P,*,-4.7719259620785754
736,AGT,S,*,-4.610226247886086
737,GTG,V,*,-4.354176840518512
738,TTT,F,*,-4.132135052085987
739,TGG,W,*,-2.40732236342496
740,ACC,T,*,-4.569367732930588
741,GAG,E,*,-3.1552727040432296
742,GGA,G,*,-4.269979387671612
743,AAC,N,*,-4.62568756076747
744,GCC,A,*,-4.092948728196493
745,CCG,P,*,-4.021353592668839
746,CCG,P,*,-3.57932473933786
747,CGC,R,*,-3.932930869495909
748,ATG,M,*,-4.425328793463831
749,TCC,S,*,-4.222818495094946
750,ATA,I,*,-4.4713021446453745
751,CCG,P,*,-3.4597312485911167
752,TTT,F,*,-4.098262887785042
753,TTG,L,*,-3.1341780587397223
754,AGC,S,*,-3.4023996256058253
755,ATT,I,*,-3.8719096020999872
756,GGC,G,*,-2.6986398000089937
757,AAC,N,*,-3.240901957023706
758,GCC,A,*,-3.466720245777439
759,TAT,Y,*,-2.023703116519336
760,TCA,S,*,-2.545362356538839
761,AAT,N,*,-3.3846471856788503
762,TTC,F,*,-4.416782228648531
763,TAT,Y,*,-2.4354059333996316
764,GAC,D,*,-4.035725601152871
765,GGA,G,*,-1.6232107431200158
766,TGG,W,*,-1.7168937810237694
767,TCT,S,*,-3.685050327300357
768,GAA,E,*,-2.997656843585049
769,TTT,F,*,-4.7385619473097105
770,TCC,S,*,-4.0685969214320314
771,AGG,R,*,-3.0050468733892925
772,AAC,N,*,-4.140530171033128
773,GGA,G,*,-3.569093934433152
774,GTT,V,*,-3.5093708065294327
775,TAC,Y,*,-2.9608275757810545
776,GGC,G,*,-2.6120896511249545
777,ATC,I,*,-4.14130067913827
778,AAC,N,*,-3.2605079828695858
779,ACG,T,*,-4.09170411096783
780,CTA,L,*,-5.152399274368777
781,AAC,N,*,-4.995560824993615
782,AAC,N,*,-4.9613901805602945
783,ATG,M,*,-3.9044197976110624
784,GGC,G,*,-4.023395384471894
785,ACG,T,*,-3.880010171096677
786,CTA,L,*,-3.6409367757940267
787,TAT,Y,*,-2.3531303307274474
788,GCA,A,*,-4.602889454596947
789,AGA,R,*,-3.6967309391675127
790,CAT,H,*,-3.32412464312778
791,GTC,V,*,-3.6312859058972085
792,AAC,N,*,-3.6180361834295485
793,GCT,A,*,-4.885741539192101
794,GGA,G,*,-4.118564727592826
795,AGC,S,*,-4.00792317122558
796,ACG,T,*,-3.8866314348466995
797,GGT,G,*,-3.670066012354874
798,CCA,P,*,-4.506297286673048
799,ATA,I,*,-4.412949928239138
800,AAA,K,*,-4.621016190259543
801,AGC,S,*,-3.61654453541095
802,ACC,T,*,-4.953125461779834
803,ATT,I,*,-5.148273224170834
804,AGA,R,*,-1.9322164131133228
805,ATC,I,*,-4.302705798884197
806,TAC,Y,*,-3.436302590237959
807,TTC,F,*,-4.181025273392524
808,AAA,K,*,-3.008719850497774
809,CCG,P,*,-3.87002123424962
810,AAG,K,*,-2.9144804861483955
811,CAT,H,*,-2.7399242187142803
812,GTC,V,*,-4.173583002135181
813,AAA,K,*,-3.505881761413092
814,GCG,A,*,-4.030722491423279
815,TGG,W,*,-3.6959522000560843
816,ATA,I,*,-4.790517468389154
817,CCT,P,*,-4.967999826318061
818,AGA,R,*,-4.487238781131264
819,CCA,P,*,-4.096783571162758
820,CCT,P,*,-4.236040994402865
821,AGA,R,*,-3.1373202022551983
822,CTC,L,*,-3.9910920342570204
823,TGC,C,*,-3.772087100209566
824,CAA,Q,*,-4.116524192070205
825,TAC,Y,*,-2.892968368513616
826,GAG,E,*,-3.3549172945248507
827,AAG,K,*,-3.8767401658090934
828,GCA,A,*,-5.3075201837863375
829,AAG,K,*,-4.348093325153725
830,AAC,N,*,-4.818195369302624
831,GTG,V,*,-5.535568133865001
832,AAC,N,*,-5.706049284660797
833,TTC,F,*,-6.480468901786281
834,CAA,Q,*,-5.568750101648411
835,CCC,P,*,-4.9838123893848065
836,AGC,S,*,-5.888817591578314
837,GGA,G,*,-5.011305065766637
838,GTT,V,*,-5.8079851343320295
839,ACC,T,*,-5.6967740119605645
840,ACT,T,*,-6.363158754336591
841,ACT,T,*,-5.608198198057651
842,AGG,R,*,-5.562196278327137
843,CAA,Q,*,-4.755912522403791
844,AGC,S,*,-5.24434641287643
845,ATC,I,*,-5.934856227525124
846,ACT,T,*,-6.612509934160259
847,ACA,T,*,-6.763815850308573
848,ATG,M,*,-6.853062841004717
849,ACA,T,*,-6.016605836878123
850,AAT,N,*,-5.532318291217976
851,ACG,T,*,-5.99825556449233
