"site","wildtype","p2_L1_virus","p2_L2_virus","p2_L3_virus"
847,"ACA",0,0,0
848,"ATG",0,0,0
849,"ACA",0,0,0
850,"AAT",0,0,0
851,"ACG",0,0,0
852,"GGC",0,0,0
853,"GCA",0,0,0
854,"TTT",0,0,0
855,"GGA",0,0,0
856,"CAA",0,0,0
857,"CAA",0,0,0
858,"TCA",0.000320018152674381,0.0002035539435512,0.000299771993360193
859,"GGG",0,0,0
860,"GCA",0,0,0
861,"GTG",0,0,0
862,"TAT",0,0,0
863,"GTG",0,0,0
864,"GGG",0,0,0
865,"AAC",0,0,0
866,"TAC",0,0,0
867,"AGG",0.000216532398322368,0.000155033458079816,0.000239773083978908
868,"GTG",0,0,0
869,"GTA",0,0,0
870,"AAT",0,0,0
871,"AGA",0.000384285663259825,0.000125801964899501,0.000128303931115024
872,"CAT",0,0,0
873,"CTA",0.000310854774552436,7.63075118743006e-05,0.000102451096541092
874,"GCT",0,0,0
875,"ACC",0,0,0
876,"AGT",0.00018096326985713,0.000161681814448412,0.000141651787135924
877,"GCT",0,0,0
878,"GAC",0,0,0
879,"TGG",0,0,0
880,"CAA",0,0,0
881,"AAC",0,0,0
882,"TGT",0,0,0
883,"GTG",0,0,0
884,"TGG",0,0,0
885,"GAA",0,0,0
886,"AGT",0.00033224355563395,5.80845300552952e-05,3.21897032716386e-05
887,"TAC",0,0,0
888,"AAC",0,0,0
889,"AGA",0.00013852840311791,0.000127788961881999,0.000138016479306351
890,"GAC",0,0,0
891,"CTC",0.000184448110955799,8.41698196814006e-05,0.000148323202015844
892,"TTA",0.000177547389321394,4.82466218108925e-05,5.81989186236415e-05
893,"GTG",0,0,0
894,"AGC",3.4012752607087e-05,0.000120230382274787,-4.82723141961259e-06
895,"ACG",0,0,0
896,"ACC",0,0,0
897,"ACA",0,0,0
898,"GCA",0,0,0
899,"CAT",0,0,0
900,"GGA",0,0,0
901,"TGT",0,0,0
902,"GAT",0,0,0
903,"ATT",0,0,0
904,"ATA",0,0,0
905,"GCC",0,0,0
906,"AGA",0.000164867178950467,0.000146566064856801,2.43182614085907e-05
907,"TGT",0,0,0
908,"CAG",0,0,0
909,"TGC",0,0,0
910,"ACA",0,0,0
911,"ACG",0,0,0
912,"GGA",0,0,0
913,"GTG",0,0,0
914,"TAC",0,0,0
915,"TTT",0,0,0
916,"TGT",0,0,0
917,"GCG",0,0,0
918,"TCC",0.000102788495902956,0.000134864836241226,9.83318510404558e-07
919,"AAA",0,0,0
920,"AAC",0,0,0
921,"AAG",0,0,0
922,"CAC",0,0,0
923,"TAC",0,0,0
924,"CCA",0,0,0
925,"ATT",0,0,0
926,"TCG",0.000107663300422186,9.51747449060278e-05,1.51495347695104e-05
927,"TTT",0,0,0
928,"GAA",0,0,0
929,"GGA",0,0,0
930,"CCA",0,0,0
931,"GGT",0,0,0
932,"CTA",0.000181469868958204,9.53171392175357e-05,9.39842694235476e-05
933,"GTA",0,0,0
934,"GAG",0,0,0
935,"GTC",0,0,0
936,"CAA",0,0,0
937,"GAG",0,0,0
938,"AGT",0.00013182934804485,7.92858176534538e-05,0.000140033778939736
939,"GAA",0,0,0
940,"TAC",0,0,0
941,"TAC",0,0,0
942,"CCC",0,0,0
943,"AGG",0.000169118477800251,0.00024054276980086,0.000116819313807825
944,"AGA",2.24978545880545e-05,8.08331933904543e-05,0.00017611616776998
945,"TAC",0,0,0
946,"CAA",0,0,0
947,"TCC",0.000107115058870218,7.81216243838868e-05,-2.53092824262784e-05
948,"CAT",0,0,0
949,"GTG",0,0,0
950,"CTT",0.000109742846675811,4.63966081845091e-05,-1.53706802079878e-05
951,"TTA",0.000271752616696297,0.000272234684415212,7.30889375609286e-05
952,"GCA",0,0,0
953,"GCT",0,0,0
954,"GGA",0,0,0
955,"TTT",0,0,0
956,"TCC",0.000140787568062002,0.000240045639395406,7.14820149376715e-05
957,"GAA",0,0,0
958,"CCA",0,0,0
959,"GGT",0,0,0
960,"GAC",0,0,0
961,"TGT",0,0,0
962,"GGC",0,0,0
963,"GGT",0,0,0
964,"ATC",0,0,0
965,"CTA",0.00027800967380886,0.000188603588080447,5.9231859073584e-05
966,"AGG",2.93634579572915e-05,8.48182403716487e-05,7.44198030737352e-05
967,"TGT",0,0,0
968,"GAG",0,0,0
969,"CAT",0,0,0
970,"GGT",0,0,0
971,"GTC",0,0,0
972,"ATT",0,0,0
973,"GGC",0,0,0
974,"ATT",0,0,0
975,"GTG",0,0,0
976,"ACC",0,0,0
977,"ATG",0,0,0
978,"GGG",0,0,0
979,"GGT",0,0,0
980,"GAA",0,0,0
981,"GGC",0,0,0
982,"GTG",0,0,0
983,"GTC",0,0,0
984,"GGC",0,0,0
985,"TTT",0,0,0
986,"GCA",0,0,0
987,"GAC",0,0,0
988,"ATC",0,0,0
989,"CGT",0.000190425196604721,8.16449069913416e-05,0.000157154669590717
990,"GAT",0,0,0
991,"CTC",0.000319695020097832,-1.47710806896948e-05,0.000133278330175965
992,"CTG",0.000338420243169477,0.000128304826407201,3.27674534365688e-05
993,"TGG",0,0,0
994,"CTG",0.000186383249940585,0.000152448363889546,3.88649613186735e-05
995,"GAA",0,0,0
996,"GAT",0,0,0
997,"GAT",0,0,0
998,"GCA",0,0,0
999,"ATG",0,0,0
1000,"GAA",0,0,0
1001,"CAG",0,0,0
1002,"GGA",0,0,0
1003,"GTG",0,0,0
1004,"AAG",0,0,0
1005,"GAC",0,0,0
1006,"TAT",0,0,0
1007,"GTG",0,0,0
1008,"GAA",0,0,0
1009,"CAG",0,0,0
1010,"CTT",0.000151130195996946,-1.92458533824065e-05,4.6892820111943e-05
1011,"GGA",0,0,0
1012,"AAT",0,0,0
1013,"GCA",0,0,0
1014,"TTC",0,0,0
1015,"GGC",0,0,0
1016,"TCC",0.000262879654382227,0.00012928757854779,0.000112229433095643
1017,"GGC",0,0,0
1018,"TTT",0,0,0
1019,"ACT",0,0,0
1020,"AAC",0,0,0
1021,"CAA",0,0,0
1022,"ATA",0,0,0
1023,"TGT",0,0,0
1024,"GAG",0,0,0
1025,"CAA",0,0,0
1026,"GTC",0,0,0
1027,"AAC",0,0,0
1028,"CTC",0.000237667748901454,5.63941957952685e-05,0.000102198872288781
1029,"CTG",0.000206203108247053,0.000280130928640719,0.000193992548907216
1030,"AAA",0,0,0
1031,"GAA",0,0,0
1032,"TCA",0.000136488477060566,0.000189088661985173,0.000142549074560741
1033,"CTA",0.000145720918709026,6.83840453433075e-06,5.93894539849373e-05
1034,"GTG",0,0,0
1035,"GGT",0,0,0
1036,"CAA",0,0,0
1037,"GAC",0,0,0
1038,"TCC",-8.44552876551178e-06,0,0
1039,"ATC",0,0,0
1040,"TTA",0.000254923169087284,-2.51645213653197e-05,5.91468360370848e-05
1041,"GAG",0,0,0
1042,"AAA",0,0,0
1043,"TCT",0.00013486981993856,6.25842533497658e-05,-4.85561322746395e-05
1044,"CTA",0.000182671165564748,0.000119587926430806,7.49294160262867e-05
1045,"AAA",0,0,0
1046,"GCC",0,0,0
1047,"TTA",0.00029656589177878,5.06044231517077e-05,0.000155593143401095
1048,"GTT",0,0,0
1049,"AAG",0,0,0
1050,"ATA",0,0,0
1051,"ATA",0,0,0
1052,"TCA",0.000170620044598071,4.89891015052661e-05,-1.07983581681343e-07
1053,"GCC",0,0,0
1054,"TTA",0.000162323469466452,0.000187423207560089,-1.78698935142216e-05
1055,"GTA",0,0,0
1056,"ATT",0,0,0
1057,"GTG",0,0,0
1058,"GTG",0,0,0
1059,"AGG",0.000305455287334229,7.33328041677079e-05,-1.52008718191381e-06
1060,"AAC",0,0,0
1061,"CAC",0,0,0
1062,"GAT",0,0,0
1063,"GAC",0,0,0
1064,"CTG",0.000127075280918199,6.75049411421296e-05,4.0940576360946e-05
1065,"ATC",0,0,0
1066,"ACT",0,0,0
1067,"GTG",0,0,0
1068,"ACT",0,0,0
1069,"GCC",0,0,0
1070,"ACA",0,0,0
1071,"CTA",0.000303944351118417,0.00030854487861753,0.000287364598446723
1072,"GCC",0,0,0
1073,"CTT",0.000239894053806704,6.39857918259864e-05,0.000140610844430713
1074,"ATC",0,0,0
1075,"GGT",0,0,0
1076,"TGT",0,0,0
1077,"ACC",0,0,0
1078,"TCG",8.57348879669188e-05,1.69751533316217e-05,-1.07343585368176e-05
1079,"TCC",4.89513352427631e-05,0.000130148118732627,0.000106074760523141
1080,"CCG",0,0,0
1081,"TGG",0,0,0
1082,"CGG",0.000152884246792062,8.97167661691492e-05,6.17818260317927e-05
1083,"TGG",0,0,0
1084,"CTC",0.000127271374526986,-2.177890248973e-05,1.98839184228943e-05
1085,"AAA",0,0,0
1086,"CAG",0,0,0
1087,"AAG",0,0,0
1088,"GTG",0,0,0
1089,"TCA",6.81779493605823e-05,2.60088337592557e-05,-3.8426271598591e-06
1090,"CAA",0,0,0
1091,"TAT",0,0,0
1092,"TAC",0,0,0
1093,"GGA",0,0,0
1094,"ATC",0,0,0
1095,"CCT",0,0,0
1096,"ATG",0,0,0
1097,"GCT",0,0,0
1098,"GAA",0,0,0
1099,"CGC",8.19126551733795e-05,0.000184059635210588,9.24570161092084e-05
1100,"CAA",0,0,0
1101,"AAC",0,0,0
1102,"AAT",0,0,0
1103,"AGC",0.000161592381051982,9.77552377510496e-05,3.20840648448063e-05
1104,"TGG",0,0,0
1105,"CTT",3.01573980259894e-05,7.76338116458344e-05,4.74025335942775e-05
1106,"AAG",0,0,0
1107,"AAA",0,0,0
1108,"TTT",0,0,0
1109,"ACT",0,0,0
1110,"GAA",0,0,0
1111,"ATG",0,0,0
1112,"ACA",0,0,0
1113,"AAT",0,0,0
1114,"GCT",0,0,0
1115,"TGC",0,0,0
1116,"AAG",0,0,0
1117,"GGT",0,0,0
1118,"ATG",0,0,0
1119,"GAA",0,0,0
1120,"TGG",0,0,0
1121,"ATA",0,0,0
1122,"GCT",0,0,0
1123,"GTC",0,0,0
1124,"AAA",0,0,0
1125,"ATT",0,0,0
1126,"CAG",0,0,0
1127,"AAA",0,0,0
1128,"TTC",0,0,0
1129,"ATT",0,0,0
1130,"GAA",0,0,0
1131,"TGG",0,0,0
1132,"CTC",2.3101269252052e-05,7.9303587753814e-05,0.000163838897983645
1133,"AAA",0,0,0
1134,"GTA",0,0,0
1135,"AAA",0,0,0
1136,"ATT",0,0,0
1137,"TTG",0.000121227431676303,0.00016895871430219,9.92408136357345e-05
1138,"CCA",0,0,0
1139,"GAG",0,0,0
1140,"GTC",0,0,0
1141,"AGA",-1.31533052723666e-05,0.000322715324691147,3.51966226367441e-05
1142,"GAA",0,0,0
1143,"AAA",0,0,0
1144,"CAC",0,0,0
1145,"GAG",0,0,0
1146,"TTC",0,0,0
1147,"CTG",2.87057236503572e-05,4.26571510077465e-05,4.92616531333592e-05
1148,"AAC",0,0,0
1149,"AGA",0.00016360708182593,4.77320407987827e-05,0.000120361114664912
1150,"CTT",3.69266890717723e-05,2.84213697027113e-05,6.40857683985829e-05
1151,"AAA",0,0,0
1152,"CAA",0,0,0
1153,"CTC",0.00021800448968413,0.000124547352033693,0.000137192534658022
1154,"CCC",0,0,0
1155,"TTA",8.95325028440949e-05,3.55986607687962e-05,0.000169642687105925
1156,"TTA",7.10489199759497e-05,3.99225232363162e-05,0.000121252807693893
1157,"GAA",0,0,0
1158,"AGT",0.000209010133426038,0.000126708329222754,0.00012624256388001
1159,"CAG",0,0,0
1160,"ATC",0,0,0
1161,"GCC",0,0,0
1162,"ACA",0,0,0
1163,"ATC",0,0,0
1164,"GAG",0,0,0
1165,"CAG",0,0,0
1166,"AGC",6.66661685646762e-05,8.19433643995903e-07,3.90313564847616e-05
1167,"GCG",0,0,0
1168,"CCA",0,0,0
1169,"TCC",0.000423596178669335,4.82888011241588e-05,0.000233174880673291
1170,"CAA",0,0,0
1171,"AGT",0.000284007069419694,0.000174431611007786,0.00017262616853893
1172,"GAC",0,0,0
1173,"CAG",0,0,0
1174,"GAA",0,0,0
1175,"CAA",0,0,0
1176,"TTA",2.07649028805173e-05,0.000145973923603705,0.000212231352088556
1177,"TTT",0,0,0
1178,"TCC",0.000207735395935794,7.47078415402881e-05,5.09785177662781e-05
1179,"AAT",0,0,0
1180,"GTC",0,0,0
1181,"CAA",0,0,0
1182,"TAC",0,0,0
1183,"TTT",0,0,0
1184,"GCC",0,0,0
1185,"CAC",0,0,0
1186,"TAT",0,0,0
1187,"TGC",0,0,0
1188,"AGA",0.000119953205043649,0.000278686845173964,2.94519578214905e-05
1189,"AAG",0,0,0
1190,"TAC",0,0,0
1191,"GCT",0,0,0
1192,"CCC",0,0,0
1193,"CTC",0.000324411166242297,0.000303445132034321,0.000133289080230012
1194,"TAC",0,0,0
1195,"GCA",0,0,0
1196,"GCT",0,0,0
1197,"GAA",0,0,0
1198,"GCA",0,0,0
1199,"AAG",0,0,0
1200,"AGG",0.000111566216402266,0.000232961120828115,0.00015099034458241
1201,"GTG",0,0,0
1202,"TTC",0,0,0
1203,"TCC",0.000124713025269799,0.000106283090666744,8.312114203579e-05
1204,"CTT",0.000308194077881267,0.000249480326527833,9.05873014113915e-05
1205,"GAG",0,0,0
1206,"AAG",0,0,0
1207,"AAG",0,0,0
1208,"ATG",0,0,0
1209,"AGC",0.000292096904365326,0.000174390926071376,0.000163611170602779
1210,"AAT",0,0,0
1211,"TAC",0,0,0
1212,"ATA",0,0,0
1213,"CAG",0,0,0
1214,"TTC",0,0,0
1215,"AAG",0,0,0
1216,"TCC",-6.11965370581264e-05,-0.000100660031844705,-0.000113262488364514
1217,"AAA",0,0,0
1218,"TGC",0,0,0
1219,"CGT",0,-2.87262168996103e-05,-3.03587546488738e-05
1220,"ATT",0,0,0
1221,"GAA",0,0,0
1222,"CCT",0,0,0
1223,"GTA",0,0,0
1224,"TGT",0,0,0
1225,"TTG",0.000273210081412838,7.76057732104731e-05,6.97114220831216e-05
1226,"CTC",0.000209358235031379,0.000117264204791803,1.91652344541663e-05
1227,"CTG",0.000249672578128955,0.000149713065272631,8.606509874531e-05
1228,"CAC",0,0,0
1229,"GGG",0,0,0
1230,"AGC",0.000255600978558489,0.000160366755535928,0.000117580505846383
1231,"CCT",0,0,0
1232,"GGT",0,0,0
1233,"GCC",0,0,0
1234,"GGC",0,0,0
1235,"AAG",0,0,0
1236,"TCG",0.00018864594613118,3.46025641763852e-05,0.000120460343439776
1237,"GTG",0,0,0
1238,"GCA",0,0,0
1239,"ACA",0,0,0
1240,"AAC",0,0,0
1241,"TTA",0.000260194528683185,0.000240327645052607,0.000188157346633828
1242,"ATT",0,0,0
1243,"GGA",0,0,0
1244,"AGG",0.000196227543094869,4.90213081120508e-05,0.000118915624657277
1245,"TCG",6.06469755720141e-05,0.000129357524046872,0.000132717858999416
1246,"CTT",0.000269755105700353,0.000153336849750295,3.78968148592463e-05
1247,"GCT",0,0,0
1248,"GAG",0,0,0
1249,"AAA",0,0,0
1250,"CTC",0.000295242983160302,0.000244423033193532,7.90302018145419e-05
1251,"AAC",0,0,0
1252,"AGC",0.000201818858311174,9.46179118562044e-05,1.90987383667707e-05
1253,"TCA",0.000123152004852331,0.000178953194371853,-4.6285683702787e-05
1254,"GTG",0,0,0
1255,"TAC",0,0,0
1256,"TCA",0.000292490024142148,8.43362301076301e-05,0.000117035880578068
1257,"CTA",0.000205674181588077,0.000253952529266294,8.27136773708643e-05
1258,"CCG",0,0,0
1259,"CCA",0,0,0
1260,"GAC",0,0,0
1261,"CCA",0,0,0
1262,"GAT",0,0,0
1263,"CAC",0,0,0
1264,"TTC",0,0,0
1265,"GAC",0,0,0
1266,"GGA",0,0,0
1267,"TAC",0,0,0
1268,"AAA",0,0,0
1269,"CAG",0,0,0
1270,"CAG",0,0,0
1271,"GCC",0,0,0
1272,"GTG",0,0,0
1273,"GTG",0,0,0
1274,"ATT",0,0,0
1275,"ATG",0,0,0
1276,"GAC",0,0,0
1277,"GAT",0,0,0
1278,"CTA",0.000243745667279775,0.000126502984239505,9.48314800845865e-05
1279,"TGC",0,0,0
1280,"CAG",0,0,0
1281,"AAT",0,0,0
1282,"CCT",0,0,0
1283,"GAT",0,0,0
1284,"GGG",0,0,0
1285,"AAA",0,0,0
1286,"GAC",0,0,0
1287,"GTC",0,0,0
1288,"TCC",0.000265308154393336,0.000118301734647906,5.40404849677581e-06
1289,"TTG",0.000629617992421984,0.000284396716715447,0.000143651367680202
1290,"TTC",0,0,0
1291,"TGC",0,0,0
1292,"CAA",0,0,0
1293,"ATG",0,0,0
1294,"GTT",0,0,0
1295,"TCC",0.000283827811731654,9.58500004790268e-05,5.85145972670835e-05
1296,"AGT",0.000399623136652395,0.000143179903057853,-1.57583278692233e-05
1297,"GTA",0,0,0
1298,"GAT",0,0,0
1299,"TTT",0,0,0
1300,"GTA",0,0,0
1301,"CCA",0,0,0
1302,"CCC",0,0,0
1303,"ATG",0,0,0
1304,"GCT",0,0,0
1305,"GCC",0,0,0
1306,"CTA",0.00023103512028216,6.21533007238078e-05,4.80308740963792e-05
1307,"GAA",0,0,0
1308,"GAG",0,0,0
1309,"AAA",0,0,0
1310,"GGC",0,0,0
1311,"ATT",0,0,0
1312,"CTG",0.000467056830881275,0.000130843533138802,0.000246451747860621
1313,"TTC",0,0,0
1314,"ACC",0,0,0
1315,"TCA",0.000373505538017878,0.000101882391282886,-4.44100841776429e-05
1316,"CCG",0,0,0
1317,"TTT",0,0,0
1318,"GTC",0,0,0
1319,"TTG",0.000346441585679462,0.000204170633317073,0.000277115966207158
1320,"GCA",0,0,0
1321,"TCG",0.00033973478540001,0.000281751541400111,0.000222295585240444
1322,"ACC",0,0,0
1323,"AAT",0,0,0
1324,"GCA",0,0,0
1325,"GGA",0,0,0
1326,"TCT",-5.56027276925801e-06,0.000251227506993377,2.23548715102497e-05
1327,"ATT",0,0,0
1328,"AAT",0,0,0
1329,"GCT",0,0,0
1330,"CCA",0,0,0
1331,"ACC",0,0,0
1332,"GTG",0,0,0
1333,"TCA",0.000367874354674032,0.000284250545982005,8.8101024434129e-05
1334,"GAT",0,0,0
1335,"AGC",0.000224296001317306,0.000126258393918459,1.12110528380145e-05
1336,"AGA",0.000431968062654215,0.000169160714358651,5.03944010483745e-05
1337,"GCC",0,0,0
1338,"TTG",0.0002386765129325,0.000107803492620022,5.24977278870394e-05
1339,"GCA",0,0,0
1340,"AGG",0.000520715790162451,9.7512271990309e-05,0.000241751875805537
1341,"AGA",0.000287552722834788,0.000338013388566173,0.000147106642707712
1342,"TTT",0,0,0
1343,"CAC",0,0,0
1344,"TTT",0,0,0
1345,"GAC",0,0,0
1346,"ATG",0,0,0
1347,"AAC",0,0,0
1348,"ATC",0,0,0
1349,"GAG",0,0,0
1350,"GTT",0,0,0
1351,"ATT",0,0,0
1352,"TCC",0.000289844018485028,0.000328214482104777,0.000135046415810745
1353,"ATG",0,0,0
1354,"TAC",0,0,0
1355,"AGT",0.000382974934395972,0.0002656428228044,0.000130151480804713
1356,"CAG",0,0,0
1357,"AAT",0,0,0
1358,"GGC",0,0,0
1359,"AAG",0,0,0
1360,"ATA",0,0,0
1361,"AAC",0,0,0
1362,"ATG",0,0,0
1363,"CCC",0,0,0
1364,"ATG",0,0,0
1365,"TCA",0.000277965905112385,0.000135164239444787,0.000180233512456058
1366,"GTC",0,0,0
1367,"AAG",0,0,0
1368,"ACT",0,0,0
1369,"TGT",0,0,0
1370,"GAC",0,0,0
1371,"GAT",0,0,0
1372,"GAG",0,0,0
1373,"TGT",0,0,0
1374,"TGC",0,0,0
1375,"CCG",0,0,0
1376,"GTC",0,0,0
1377,"AAT",0,0,0
1378,"TTT",0,0,0
1379,"AAA",0,0,0
1380,"AAG",0,0,0
1381,"TGC",0,0,0
1382,"TGC",0,0,0
1383,"CCT",0,0,0
1384,"CTT",0.000121926825815605,0.000167415432784751,0.000122197633363264
1385,"GTG",0,0,0
1386,"TGT",0,0,0
1387,"GGG",0,0,0
1388,"AAG",0,0,0
1389,"GCT",0,0,0
1390,"ATA",0,0,0
1391,"CAA",0,0,0
1392,"TTC",0,0,0
1393,"ATT",0,0,0
1394,"GAT",0,0,0
1395,"AGA",0.000480662964874534,0.000294372202503121,-3.82124727861967e-05
1396,"AGA",0.00059050099756727,0.000156418879286459,0.000114581260831297
1397,"ACA",0,0,0
1398,"CAG",0,0,0
1399,"GTC",0,0,0
1400,"AGA",0.000514158556088803,0.000456554485538234,4.84513752564213e-05
1401,"TAC",0,0,0
1402,"TCT",0.000406263502022658,0.00011903316383027,0.000188665598065029
1403,"CTA",0.000314373867228747,0.000244298266979104,5.79192556232463e-05
1404,"GAC",0,0,0
1405,"ATG",0,0,0
1406,"CTA",0.000390684746521205,0.000185171968263311,6.30052969110701e-05
1407,"GTC",0,0,0
1408,"ACC",0,0,0
1409,"GAG",0,0,0
1410,"ATG",0,0,0
1411,"TTT",0,0,0
1412,"AGG",0.000613918646877095,0.000426709970682383,0.000277878210455579
1413,"GAG",0,0,0
1414,"TAC",0,0,0
1415,"AAT",0,0,0
1416,"CAT",0,0,0
1417,"AGA",0.000594268681896188,0.000375585843409935,0.000196974909808732
1418,"CAT",0,0,0
1419,"AGC",0.000316314217667984,0.000245570940491699,0.000258947026748418
1420,"GTG",0,0,0
1421,"GGG",0,0,0
1422,"ACC",0,0,0
1423,"ACG",0,0,0
1424,"CTT",0.000160946327176075,8.95397452916336e-05,3.18663718898441e-05
1425,"GAG",0,0,0
1426,"GCA",0,0,0
1427,"CTG",0.000324744150755712,0.000235745530551874,0.000107179693963531
1428,"TTC",0,0,0
1429,"CAG",0,0,0
1430,"GGA",0,0,0
1431,"CCA",0,0,0
1432,"CCA",0,0,0
1433,"GTA",0,0,0
1434,"TAC",0,0,0
