mut.rate,s.rate,ns.rate,stop.rate
0.002178854548939322,0,0.0021037373319366085,7.511721700271378e-5
0.001230002284483831,0,0.0011960743067948691,3.392797768896187e-5
0.0012390558412697546,0,0.0012258550259145662,1.3200815355188421e-5
0.0017503457571682727,0,0.0017115607234458267,3.878503372244608e-5
0.002094184209888354,0,0.002034510216374171,5.967399351418283e-5
0.002259041627529362,7.008308030610833e-5,0.0021789466786080952,1.0011868615158332e-5
0.0023071847868703006,0,0.0022185512670297326,8.863351984056819e-5
0.0030709824025251203,0,0.003017652612459195,5.332979006592556e-5
0.0018898296283745006,0,0.0018497464740488906,4.008315432561004e-5
0.0016496767325085548,0,0.0015580779155701374,9.15988169384173e-5
0.0019934129129713482,0,0.0019508747032507337,4.253820972061447e-5
0.0013349147924826465,0,0.0013232951792906315,1.1619613192015002e-5
0.0020304220808039486,0,0.001948896461498682,8.152561930526665e-5
0.0012930225071760067,0,0.001274975795457594,1.8046711718412768e-5
0.0031721282168216862,0,0.0031120444344195364,6.008378240214962e-5
0.0012955393900045743,6.984304987875837e-5,0.0011976607496815255,2.8035590444290332e-5
0.00105106655169203,0,0.001009570423989215,4.149612770281485e-5
0.0011644156449451969,0,0.001152724724815225,1.1690920129971856e-5
0.001425813810651926,0,0.001393288614971272,3.252519568065401e-5
9.285258479406756e-4,7.446077369211512e-5,8.004533171902376e-4,5.361175705832289e-5
6.340013382035167e-4,0,6.223011981674655e-4,1.1700140036051057e-5
3.7541101663348346e-4,0,3.637250705904178e-4,1.1685946043065632e-5
3.6744981946252046e-4,1.1460423219103953e-5,3.538405668898345e-4,2.148829353581991e-6
0.00106102406117372,0,0.0010214915612231355,3.953249995058438e-5
0.0011957082862444715,0,0.0011573395839437446,3.8368702300726915e-5
0.0010732729513833563,0,0.0010505107358334523,2.2762215549904087e-5
0.0016432762501643276,0,0.0016392519001639252,4.024350000402435e-6
0.0015604530443345498,0,0.0014855350997319827,7.491794460256705e-5
0.0017853729531423436,0,0.0017498264593344757,3.554649380786785e-5
0.00187167460893334,0,0.001754988338079022,1.1668627085431786e-4
0.0014088636690710377,0,0.0013678418629548882,4.1021806116149546e-5
0.0012281709332409919,0,0.001193683611906431,3.44873213345608e-5
9.984129756115889e-4,0,9.838020540172728e-4,1.4610921594315934e-5
0.0012809687150720545,0,0.0012739612275716604,7.007487500394171e-6
0.0014708931805300191,0,0.001428729419246029,4.216376128399021e-5
8.487097761913276e-4,0,7.966500966186553e-4,5.205967957267223e-5
0.0010737171961252257,0,0.001018216903681377,5.5500292443848645e-5
8.723038857303412e-4,3.3687989013414986e-5,7.891590617823384e-4,4.945683493458796e-5
0.0010404410278450956,0,0.0010071071980504674,3.3333829794628146e-5
0.0014985133113990926,2.5799368345465008e-5,0.0014698473465707981,2.8665964828294455e-6
0.0010274016492537632,0,0.0010010580172216154,2.6343632032147774e-5
3.6409653313384914e-4,0,3.5841861448848695e-4,5.677918645362169e-6
9.866909965508283e-4,2.8312510661429796e-6,9.753659922862565e-4,8.493753198428938e-6
8.021236906299325e-4,0,7.877744296168747e-4,1.4349261013057828e-5
0.0012928644852796803,0,0.0012033529296265925,8.951155565308786e-5
0.0026138336930141004,0,0.0025346045849666764,7.922910804742407e-5
0.0019015805532659464,0,0.0018365074544849827,6.507309878096395e-5
0.0023041423654533585,0,0.002234051579440528,7.00907860128303e-5
0.0013443743021083238,0,0.0013244740246100097,1.9900277498314003e-5
6.525156823253069e-4,0,6.443313351125608e-4,8.184347212746154e-6
0.00107486377723989,0,0.0010107150715892095,6.414870565068046e-5
0.0019857783339813375,0,0.0019424936819595646,4.328465202177294e-5
0.0018728971510178394,0,0.0017405235640113282,1.3237358700651127e-4
8.368683586073218e-4,0,7.645653938011745e-4,7.230296480614729e-5
0.001537636441983675,0,0.0015198110195211627,1.782542246251236e-5
0.0012179659734169758,0,0.00120470176999091,1.326420342606572e-5
8.413020501739057e-4,0,7.785768274209584e-4,6.27252227529473e-5
0.0011797895280684372,0,0.0011537995050869563,2.599002298148093e-5
0.0012319461322389785,0,0.0012056497400243042,2.6296392214674184e-5
0.0018011098336707882,0,0.0016901102622749727,1.1099957139581556e-4
0.0018531571430747975,0,0.0017898081970328637,6.33489460419338e-5
0.0012626365613218858,0,0.001171283011665522,9.135354965636383e-5
6.438237027694312e-4,0,6.314583307572141e-4,1.2365372012216987e-5
0.0013812304280564722,5.9981055983151986e-05,0.0013129186698534378,8.33070221988222e-6
0.002381085461964116,4.041567956385462e-5,0.002302833827063887,3.783595533637454e-5
0.0011967350344836015,0,0.001159200675269309,3.753435921429239e-5
0.0013373917872545333,0,0.0013163028234607693,2.1088963793763994e-5
0.001522245987243964,4.116545535124644e-5,0.00142502544375485,5.605508813786749e-5
0.0019792787283335043,0,0.001959637712535878,1.9641015797626117e-5
0.001458248193842592,2.5204289770118874e-5,0.0013934371630051434,3.960674106732966e-5
9.101019528749566e-4,0,8.367931511699012e-4,7.330880170505545e-5
0.0010258651240497424,0,0.00100454844614741,2.1316677902332312e-5
2.4194657176885263e-4,0,2.4016098821336295e-4,1.7855835554896874e-6
0.001223727060787213,0,0.0011729274200132443,5.079964077396881e-5
0.0010476913470343326,0,0.001007640591804523,4.005075522980941e-5
0.0015011139363783979,0,0.0014681626548481404,3.295128153025751e-5
0.0019827726609778994,0,0.0019342784519184493,4.849420905945024e-5
0.001828109434028832,0,0.001806755184672477,2.1354249356355072e-5
0.0020625364846620134,9.366564769795383e-5,0.001941433425012134,2.743741195192587e-5
0.0016948715327504784,0,0.0015897780329745188,1.0509349977595977e-4
0.0017048172880602143,5.198200652470445e-5,0.0016278069080236152,2.5028373511894735e-5
0.0013032175489604849,0,0.001283795528856752,1.942202010373301e-5
0.0015586808576800765,9.85039947232762e-5,0.001420582119979797,3.959474297700318e-5
0.0015719685490845736,3.8481482229732525e-5,0.0015286768815761245,4.810185278716566e-6
0.0018783763311158456,0,0.0018198868179978944,5.8489513117951295e-5
0.0027241333624365076,0,0.0025763934494982084,1.4773991293829904e-4
0.0015304517249091205,3.980122132890592e-5,0.0014887552073264572,1.8952962537574249e-6
0.0017206405089016232,0,0.0016894763284440197,3.116418045760349e-5
8.966752742495849e-4,0,8.798099085897182e-4,1.68653656598668e-5
0.0010082594662796352,3.285761761618923e-5,9.650751688412151e-4,1.03266798222309e-5
0.0011859872779332948,0,0.0011539844466239837,3.200283130931113e-5
0.001218184356242148,0,0.001132567121120469,8.561723512167884e-5
0.0016500622375587631,0,0.0015505936970411362,9.946854051762685e-5
0.0013219678355415958,0,0.0012874004787111794,3.4567356830416285e-5
0.0018212439291869027,0,0.0017680893444640899,5.315458472281283e-5
0.0015929465114190788,0,0.0015583375737076835,3.460893771139513e-5
0.0010774010919656128,0,0.0010428570361573565,3.4544055808256216e-5
5.518074007001288e-4,0,5.138474956184085e-4,3.795990508172027e-5
8.812999173781328e-4,0,8.467574418029305e-4,3.4542475575202234e-5
0.0011212277917012126,0,0.001010617630125292,1.1061016157592064e-4
0.0012138622692407111,0,0.0011409547850507464,7.29074841899647e-5
0.0014714902338764672,0,0.001411487719485388,6.0002514391079244e-5
0.0010730717640780572,0,0.0010336488766880929,3.942288738996447e-5
0.0020418889520546143,0,0.0020272622403636788,1.4626711690935633e-5
0.0015053479726536657,0,0.001494518131123783,1.0829841529882487e-5
0.0011388293911804102,0,0.0011108826576545106,2.7946733525899635e-5
0.0010305152964989676,0,0.0010198313490329086,1.0683947466059042e-5
0.001226979435354256,0,0.001219139311166689,7.84012418756713e-6
0.0012247324965314037,0,0.001195149585987167,2.9582910544236807e-5
0.001212085494263712,0,0.0012022630834512022,9.822410812509822e-6
0.0015496607419932561,2.9423938139112455e-6,0.001516313612102262,3.040473607708287e-5
0.0013393171366172874,0,0.001304619801471762,3.469733514552558e-5
0.001800512776446655,0,0.001737564771498742,6.294800494791302e-5
9.843955791689445e-4,1.0310862785761672e-4,8.793415055026935e-4,1.9454458086342775e-6
0.0012686119359500505,0,0.0012647530403273888,3.8588956226617504e-6
0.001197732986550095,0,0.0010800812761160277,1.176517104340673e-4
0.0013904564041746185,0,0.001364654120385811,2.5802283788807352e-5
0.0013322470249964866,0,0.0012971129266893804,3.51340983071062e-5
0.0011740235990032087,0,0.0011636756345889177,1.0347964414291104e-5
9.692454526079745e-4,0,9.23841028919838e-4,4.540442368813647e-5
0.0018853269843419128,0,0.0018354904106909794,4.983657365093336e-5
0.001017688075322049,0,9.85797389090759e-4,3.1890686231290015e-5
0.0010541617819460726,0,0.001001641266119578,5.252051582649472e-5
0.001038507871889669,0,0.0010228148640477805,1.569300784188833e-5
9.426912260264268e-4,0,9.167625871966234e-4,2.592863882980349e-5
5.963907248277274e-4,0,5.824996365165225e-4,1.389108831120483e-5
0.001709859977576513,0,0.0015707496022456652,1.3911037533084777e-4
0.001031628096705346,0,9.697122003452721e-4,6.191589636007372e-5
7.726882526754445e-4,0,7.498816336472436e-4,2.2806619028200842e-5
0.0014129949720470742,0,0.0013855047974936292,2.7490174553445024e-5
0.0012888164997991694,3.13222022824673e-5,0.0012261720952342348,3.13222022824673e-5
9.68520775368484e-4,0,9.381682724367081e-4,3.0352502931775853e-5
0.0010716323605138268,0,0.0010716323605138268,0
8.776377891328939e-4,0,8.30273210036833e-4,4.7364579096060936e-5
0.001020769085708013,9.382068802463356e-6,0.0010010667412228402,1.0320275682709692e-5
7.713336022620675e-4,0,7.224665044790049e-4,4.8867097783062665e-5
5.164096594474704e-4,3.832353687921858e-6,4.5796626570666205e-4,5.461104005288648e-5
7.460031446901792e-4,0,7.220927874885708e-4,2.3910357201608305e-5
6.253109873622361e-4,0,6.234045514251562e-4,1.9064359370799884e-6
4.049017828034601e-4,0,4.049017828034601e-4,0
7.060672434147841e-4,0,6.738007296028182e-4,3.226651381196594e-5
6.446295985347222e-4,0,6.388395123203385e-4,5.790086214383732e-6
4.2736526899894267e-4,0,4.2254173323146027e-4,4.823535767482423e-6
6.170494641213613e-4,1.5119129289344227e-5,5.98150552509681e-4,3.7797823223360568e-6
7.029322046322105e-4,0,6.86016723772077e-4,1.6915480860133406e-5
3.2486354330907123e-4,0,3.052597087990411e-4,1.9603834510030162e-5
2.058693347332448e-4,0,1.993189468099143e-4,6.550387923330517e-6
6.341775044182587e-4,0,6.229861366932306e-4,1.1191367725028094e-5
0.0011855202166620852,0,0.0011798523909250552,5.667825737029889e-6
8.426606440470485e-4,0,8.407627597136093e-4,1.8978843334392985e-6
8.248517128561349e-4,9.546894824723785e-6,7.97165717864436e-4,1.8139100166975192e-5
6.348798379617864e-4,0,5.90764320520333e-4,4.4115517441453434e-5
7.778861432678645e-4,0,7.485688263105329e-4,2.9317316957331577e-5
0.0013657870827417217,0,0.0012497590944310498,1.1602798831067182e-4
9.433054004720417e-4,5.8348787658064434e-5,8.771767744595687e-4,7.77983835440859e-6
9.466198971425082e-4,2.265583520736492e-5,9.210089529950522e-4,2.9551089400910765e-6
8.253404404868812e-4,0,8.114022424569459e-4,1.3938198029935267e-5
9.816853072412421e-4,1.8179357541504483e-05,9.513863780054013e-4,1.2119571694336323e-5
9.755633042318984e-4,0,9.674589361801277e-4,8.104368051770704e-6
6.342879708309378e-4,0,6.301957903739639e-4,4.092180456973791e-6
7.352171025938012e-4,0,7.260650224785257e-4,9.152080115275533e-6
0.0011727366082188784,0,0.0011504566381145473,2.2279970104331025e-5
0.0013105300422873924,0,0.0012920863043974994,1.8443737889892935e-5
9.092823171940023e-4,0,8.855439593103904e-4,2.3738357883611864e-5
0.0013046300950501468,0,0.0012788264934866548,2.5803601563491827e-5
0.0014626941540207758,0,0.001431051782231073,3.164237178970276e-5
0.0014263182739000068,0,0.0013875762478755605,3.874202602444622e-5
7.211195276458677e-4,0,6.898571203779834e-4,3.126240726788444e-5
0.0012078008383070882,0,0.0012046906215560829,3.1102167510053776e-6
0.0014479326564423036,4.301828906821336e-5,0.0013902251954971392,1.4689171876950905e-5
9.064223802399921e-4,0,8.864894806745293e-4,1.993289956546279e-5
0.0012779747945020745,4.214261482282191e-6,0.0012526892256083813,2.1071307411410955e-5
9.326878541200058e-4,0,8.914465544480328e-4,4.124129967197305e-5
0.001207613046881869,0,0.0011874861627671712,2.0126884114697817e-5
5.43754002778032e-4,0,5.416746375666437e-4,2.0793652113882673e-6
9.964143553953667e-4,0,9.064889934457848e-4,8.992536194958184e-5
8.81830542778672e-4,0,8.526791198768978e-4,2.915142290177428e-5
8.98063444793456e-4,0,8.800598144143419e-4,1.8003630379114095e-5
6.235372679377558e-4,0,5.929923679881022e-4,3.054489994965358e-5
4.2252000155168636e-4,0,4.2252000155168636e-4,0
5.09717413511953e-4,0,4.89624818373515e-4,2.0092595138437982e-5
6.244603674758102e-4,0,5.915381372177317e-4,3.292223025807843e-5
6.340313380413456e-4,0,6.254777955382584e-4,8.553542503087294e-6
5.904854817591333e-4,1.2836640907807246e-5,5.15605076463591e-4,6.204376438773502e-5
4.4762041788563297e-4,0,4.4762041788563297e-4,0
3.9758058958550897e-4,0,3.8273758090764996e-4,1.4843008677859002e-5
3.3355957680156477e-4,0,3.135037794622302e-4,2.0055797339334593e-5
3.9264528931202633e-4,0,3.9264528931202633e-4,0
0.001036363733693063,0,0.001025657496774746,1.0706236918316766e-5
0.001555982041732126,0,0.0015344905770673177,2.149146466480837e-5
0.001112207505239499,6.536195765388524e-5,0.0010131103436352212,3.373520395039238e-5
9.662173914888021e-4,7.424282920331081e-6,9.428839308820473e-4,1.5909177686423744e-5
0.0011724919815114488,0,0.001162801965135321,9.690016376127676e-6
9.448067232751557e-4,0,9.088452216972085e-4,3.59615015779471e-5
5.67292496227993e-4,0,5.586149819453469e-4,8.677514282646164e-6
8.333135950698842e-4,0,7.902482929990892e-4,4.306530207079505e-5
0.0010162933366411832,0,9.825619732194736e-4,3.373136342170951e-5
0.001500844155915763,0,0.001495330400750753,5.513755165010151e-6
5.489826148141357e-4,0,5.302045374462477e-4,1.877807736788794e-5
0.001111828776160271,0,0.0010952672750258084,1.6561501134462828e-5
5.575702377448394e-4,0,4.8759628360554684e-4,6.99739541392926e-5
5.42180182706992e-4,0,5.245123967124667e-4,1.7667785994525195e-5
4.748940789243321e-4,0,4.50821107181624e-4,2.407297174270808e-5
3.995249846591235e-4,0,3.5317125715723626e-4,4.635372750188726e-5
5.684325972688485e-4,0,5.572868600674986e-4,1.1145737201349972e-5
0.0013706122067856975,2.0008937325338652e-5,0.0013283711168766493,2.2232152583709614e-5
5.093328718864579e-4,0,5.071562356818149e-4,2.176636204642983e-6
5.62133992903885e-4,0,5.489073107179112e-4,1.3226682185973765e-5
6.544799476416042e-4,0,6.33959949283204e-4,2.0519998358400133e-5
4.565664266462504e-4,0,4.08110084195587e-4,4.8456342450663365e-5
7.759139195746493e-4,2.4615200207195773e-5,7.106301277207823e-4,4.0668591646671275e-5
0.0015563464527338327,1.2783133082002734e-4,0.0013880352004874636,4.047992142634199e-5
0.0012711204233486447,0,0.0012152469981465065,5.5873425202138234e-5
0.001140693902225927,0,0.0011211577554703924,1.953614675553443e-5
4.2293726142173985e-4,1.298017170603805e-5,4.0779372776469545e-4,2.163361951006342e-6
5.717751393905332e-4,0,5.59840553938359e-4,1.1934585452174319e-5
4.798119137298179e-4,0,4.6345468939811956e-4,1.6357224331698338e-5
5.933724182754269e-4,0,5.933724182754269e-4,0
4.6983783475945727e-4,0,4.6436186931937034e-4,5.475965440086915e-6
8.538741130014602e-4,9.814644977028278e-5,7.110165027802708e-4,4.47111604509066e-5
9.926082597772464e-4,0,9.81603733615636e-4,1.100452616161027e-5
4.310282579015367e-4,0,3.9992312588802375e-4,3.1105132013512956e-5
1.329138171172892e-4,0,1.329138171172892e-4,0
5.525842966793103e-4,0,4.632443205694817e-4,8.93399761098286e-5
8.686555556164114e-4,0,8.555107048378528e-4,1.3144850778558558e-5
6.004288777698356e-4,0,5.982295045911915e-4,2.1993731786440864e-6
2.189618761809492e-4,0,2.1785039457596978e-4,1.1114816049794376e-6
4.619347961268544e-4,0,4.452784933818957e-4,1.665630274495869e-5
9.697280997535828e-4,0,9.453741977049769e-4,2.4353902048605962e-5
5.435373410153277e-4,0,5.347528991403326e-4,8.784441874995196e-6
8.265494243712751e-4,1.5326744292977286e-5,7.816639589418416e-4,2.9558721136456194e-5
7.702373293771143e-4,0,7.242856705222296e-4,4.595165885488466e-5
0.0010046508405290007,3.3560534543533424e-5,9.375297714419338e-4,3.3560534543533424e-5
9.60392538623059e-4,0,9.211037529521157e-4,3.928878567094332e-5
3.937229937546243e-4,0,3.9261703028902145e-4,1.1059634656028772e-6
0.001489705248826816,8.11171364335426e-5,0.001395433982160807,1.3154130232466367e-5
9.286518525623488e-4,0,9.014026784848151e-4,2.724917407753371e-5
8.101253677184122e-4,0,8.079446803221311e-4,2.180687396281056e-6
8.635416471118286e-4,4.858802106511568e-5,7.707826978056987e-4,4.417092824101425e-5
9.00762816155531e-4,0,8.507821420161982e-4,4.998067413933279e-5
9.618389833119836e-4,0,9.497334583503911e-4,1.2105524961592471e-5
8.221914436909222e-4,0,8.089480915777798e-4,1.3243352113142371e-5
9.757192595646602e-4,0,9.423803327002642e-4,3.333892686439614e-5
0.0014847942157581856,0,0.00143804657178379,4.674764397439565e-5
0.0011444306955349494,0,0.0011156539082197573,2.877678731519215e-5
0.0010468665507702346,0,0.0010088799309984225,3.798661977181214e-5
8.30632384405518e-4,0,8.005289288633046e-4,3.0103455542213407e-5
9.628301440785946e-4,0,9.316967142700652e-4,3.1133429808529406e-5
0.0014377234457012417,0,0.001388908259994328,4.8815185706913625e-5
0.0015861407170008198,0,0.001499962733845122,8.617798315569799e-5
7.302041650845576e-4,0,7.033326518094459e-4,2.687151327511172e-5
2.964914398350898e-4,0,2.964914398350898e-4,0
0.0011818751011277058,3.869233962025227e-5,0.0010974554510471554,4.572731046029814e-5
5.211920406529792e-4,0,4.944344135658842e-4,2.6757627087094913e-5
5.06044936790387e-4,0,4.7384207717645325e-4,3.220285961393372e-5
4.168702610906283e-4,0,3.9295147561821517e-4,2.3918785472413098e-5
8.23528084563925e-4,0,8.020937919519872e-4,2.1434292611937774e-5
6.327582465894103e-4,0,6.134460559394642e-4,1.9312190649946097e-5
0.001193863608692319,0,0.0011205858612277292,7.327774746458993e-5
9.531336654893763e-4,0,9.508883565011799e-4,2.2453089881964108e-6
0.0010989803716469828,0,0.0010482582006478911,5.072217099909151e-5
0.0010074016811501484,0,9.896305379325052e-4,1.7771143217643192e-5
8.680297049250483e-4,1.8750323994569023e-5,8.28323136465961e-4,2.095624446451832e-5
7.053000936365647e-4,1.2103433744153217e-5,6.678894802455457e-4,2.5307179646865817e-5
7.48751716117072e-4,0,6.711438740085871e-4,7.760784210848484e-5
5.71229475877842e-4,0,5.29725230976584e-4,4.150424490125812e-5
5.371435295450732e-4,0,5.295167451499099e-4,7.626784395163311e-6
0.0011833287932443476,1.1876872786706619e-4,0.0010264233178970308,3.813674748025061e-5
0.001118075996570799,0,0.0010952581190897624,2.2817877481036713e-5
0.0011096525658272612,0,0.0010629646398677972,4.668792595946402e-5
4.749658002735978e-4,0,4.662106703146375e-4,8.755129958960328e-6
7.025502684004253e-4,0,6.774201654871908e-4,2.5130102913234495e-5
4.058811527892934e-4,0,3.917729843768313e-4,1.4108168412462071e-5
6.609991114791715e-4,0,6.480594877634291e-4,1.2939623715742346e-5
7.230052991783056e-4,0,7.197871747012508e-4,3.2181244770547724e-6
5.027777928925503e-4,0,4.918951566827549e-4,1.0882636209795462e-5
5.015520856389283e-4,0,4.851971263246154e-4,1.635495931431288e-5
5.307288784469061e-4,6.040816502647711e-5,4.60612258326888e-4,9.708455093540964e-6
4.276482684553926e-4,0,4.2010787077481897e-4,7.540397680573673e-6
5.762710398394658e-4,0,5.719463040808207e-4,4.324735758645147e-6
7.60553216038166e-4,0,7.14098971308562e-4,4.6454244729603884e-5
4.63789800516331e-4,0,4.562221347736403e-4,7.5676657426907156e-6
5.183791433730432e-4,0,5.010275402475857e-4,1.7351603125457512e-5
6.699206713218125e-4,0,6.5678497188413e-4,1.3135699437682599e-5
7.316511869249374e-4,0,7.099404692120313e-4,2.1710717712906153e-5
5.302497715471015e-4,4.563625082987349e-5,4.7592090151153785e-4,8.692619205690188e-6
3.9028597611924206e-4,0,3.784264575078839e-4,1.1859518611358184e-5
0.0010124203818240513,0,9.866808805912364e-4,2.5739501232814862e-5
6.505734585321047e-4,0,6.30209544673604e-4,2.036391385850081e-5
7.193326822532802e-4,0,7.021801890847966e-4,1.715249316848358e-5
6.290731162696281e-4,0,6.174431931117023e-4,1.1629923157925898e-5
6.136448080702187e-4,2.2103843858446985e-5,5.504909684746559e-4,4.104999573711583e-5
6.980243921327313e-4,0,6.886057721489314e-4,9.418619983799974e-6
0.0011158258683011159,0,0.0010843941537010844,3.143171460003143e-5
5.421229534858506e-4,0,4.968583185346048e-4,4.5264634951245776e-5
8.765696835890083e-4,0,8.649384815148477e-4,1.1631202074160545e-5
7.630260568172197e-4,0,7.421212333427753e-4,2.0904823474444377e-5
0.0010606937499219313,0,9.763795264247022e-4,8.431422349722909e-5
8.827537788056496e-4,0,8.373255141653589e-4,4.542826464029074e-5
0.0010263121426792685,5.2097063080165916e-6,9.940119635695657e-4,2.7090472801686277e-5
9.745818243090038e-4,0,9.673010636151265e-4,7.280760693877296e-6
0.0016992717705470715,0,0.0016982260648421192,1.045705704952044e-6
0.001270304966292437,0,0.0012123757495885474,5.7929216703889636e-5
8.879493039037613e-4,0,8.371204301989898e-4,5.082887370477138e-5
6.034561768270769e-4,0,5.766816706879916e-4,2.677450613908532e-5
9.039508514003525e-4,5.039088932720964e-5,8.412193361154589e-4,1.2340625957683994e-5
9.801032893821462e-4,0,9.422496132786603e-4,3.785367610348581e-5
8.551642304033388e-4,0,8.449349931975573e-4,1.0229237205781565e-5
9.229109853880907e-4,0,9.229109853880907e-4,0
0.0010340780784544828,0,9.471467834915449e-4,8.693129496293796e-5
0.0011399339974158791,0,0.0011216788266387564,1.825517077712262e-5
4.0299424725712043e-4,0,3.99971790402692e-4,3.022456854428403e-6
0.0014641036937042531,0,0.0014105512466605502,5.3552447043702835e-5
0.0012088250281268762,0,0.0011513099808787694,5.7515047248106795e-5
0.001056042458322427,0,0.0010018864348187127,5.41560235037142e-5
8.835613264099201e-4,0,8.57366805900618e-4,2.6194520509302076e-5
0.0010967941032139913,0,0.0010694754309014656,2.731867231252561e-5
9.644743462045338e-4,0,8.891088745898183e-4,7.536547161471541e-5
6.715401293194421e-4,0,6.149893815872785e-4,5.655074773216354e-5
0.0010620113992579007,0,0.0010368452523560547,2.5166146901845986e-5
9.202731652368069e-4,0,8.629446729761534e-4,5.732849226065354e-5
7.445191202383267e-4,0,7.273921580677562e-4,1.712696217057044e-5
9.012439191351299e-4,0,8.941554838160895e-4,7.088435319040347e-6
7.616861543415595e-4,0,7.214344469983063e-4,4.025170734325314e-5
0.0013948481274112382,0,0.0013361285238200707,5.8719603591167334e-5
8.630514515427174e-4,1.6577218757123023e-5,8.381856234070329e-4,8.288609378561511e-6
9.710870631904624e-4,2.1556900979915127e-5,8.961511693079003e-4,5.337899290264698e-5
0.001035615496349095,9.985556972749723e-5,9.357599266215978e-4,0
8.323183529815608e-4,0,8.126735719795115e-4,1.964478100204926e-5
7.856187998370414e-4,0,7.720736481157131e-4,1.35451517213283e-5
8.009326690849266e-4,0,7.906246553257899e-4,1.0308013759136766e-5
7.337569598244778e-4,0,7.337569598244778e-4,0
9.94948243957979e-4,0,9.116889766811608e-4,8.325926727681834e-5
9.919942880825274e-4,3.795634814793538e-5,9.54037939934592e-4,0
0.0015048703352308665,0,0.0014613535736875396,4.351676154332701e-5
0.0017387136578252312,0,0.0016550922385046042,8.362141932062696e-5
0.0014084051353706844,0,0.0013406641848539324,6.774095051675223e-5
0.0010877796074377681,0,0.001052722253606901,3.50573538308673e-5
0.0018034811657940734,0,0.0017567794496550532,4.670171613902008e-5
8.130607852612805e-4,0,7.751976604574464e-4,3.786312480383414e-5
5.957768930685614e-4,0,5.837612246369266e-4,1.2015668431634852e-5
5.868056008337655e-4,2.8086421920248605e-5,5.416667084619373e-4,1.705247045157951e-5
9.297504154416464e-4,0,9.147705483829733e-4,1.4979867058673144e-5
0.0013831217177092546,0,0.0013411483707845518,4.197334692470281e-5
9.197397654066364e-4,0,8.898780847116158e-4,2.9861680695020665e-5
0.0016528991571910091,1.3965351961782818e-5,0.001592050123643241,4.688368158598517e-5
0.0011886187542213661,0,0.0011414279351952077,4.719081902615846e-5
3.725867329395409e-4,2.8736742700124163e-5,3.438499902394167e-4,0
6.273875027591131e-4,0,5.717081047329477e-4,5.567939802616534e-5
6.046182925777653e-4,0,5.847947420014451e-4,1.9823550576320175e-5
0.0011620417924567948,0,0.0011229487128114864,3.909307964530849e-5
0.0015135600249611436,0,0.0014912732896384122,2.2286735322731307e-5
7.199236957879651e-4,5.4860495534644405e-5,6.650632002533208e-4,0
6.232536911001291e-4,0,6.213359874352056e-4,1.917703664923474e-6
6.505058014496986e-4,2.8447775573601983e-6,6.087823972750824e-4,3.8878626617256045e-5
6.533934804810399e-4,0,5.841225384243107e-4,6.927094205672915e-5
8.951889144539717e-4,0,8.036355027484519e-4,9.155341170551984e-5
8.263254045221519e-4,0,7.871983842403815e-4,3.9127020281770444e-5
0.001177048026522939,0,0.0011566742605249023,2.037376599803671e-5
8.48319534934451e-4,0,8.48319534934451e-4,0
0.0010618795549290705,0,9.906502114386828e-4,7.122934349038779e-5
0.0012198628282394058,0,0.001137980350066204,8.188247817320191e-5
6.707087309140526e-4,0,6.108240227967265e-4,5.988470811732612e-5
8.191776531301575e-4,0,8.099109375970109e-4,9.266715533146577e-6
9.151138523024918e-4,0,8.544175253640613e-4,6.069632693843058e-5
1.8236621567657398e-4,0,1.8236621567657398e-4,0
9.434834890389418e-5,1.1099805753399315e-5,8.23235593377116e-5,9.249838127832763e-7
3.5229136971836683e-4,0,3.218229269319135e-4,3.046844278645335e-5
9.770922033243425e-4,0,9.269372803400132e-4,5.0154922984329375e-5
5.946333870802382e-4,0,5.787889237881316e-4,1.584446329210666e-5
7.775278543973832e-4,0,7.644287088359351e-4,1.3099145561448092e-5
7.302640564217247e-4,0,7.265476999004946e-4,3.716356521230151e-6
8.140815522570177e-4,0,8.037885671135381e-4,1.0292985143479535e-5
7.633094475231779e-4,0,7.548802634400999e-4,8.429184083078039e-6
9.416442889508115e-4,2.0613108812853585e-5,9.144724636975045e-4,6.558716440453413e-6
8.40254812156989e-4,0,8.290886352512483e-4,1.1166176905740717e-5
8.818597525374487e-4,0,8.799914056041066e-4,1.8683469333420523e-6
6.748621373203462e-4,0,6.598234267393914e-4,1.5038710580954789e-5
8.443067976162531e-4,0,8.405206684789604e-4,3.786129137292615e-6
0.0012804846403178093,0,0.0012644431967766135,1.604144354119584e-5
0.0011442004050016285,0,0.001137591986820926,6.6084181807024745e-6
4.570915915020711e-4,0,4.485743568778089e-4,8.517234624262195e-6
7.266462401476288e-4,2.5446755491551205e-5,6.983720673792386e-4,2.8274172768390228e-6
7.061455572229757e-4,0,6.700304412411815e-4,3.611511598179418e-5
3.971776799351685e-4,0,3.971776799351685e-4,0
6.335990955536692e-4,0,6.214324954913388e-4,1.2166600062330429e-5
4.972093316099212e-4,0,4.851726066361242e-4,1.2036724973796976e-5
5.204659603244083e-4,0,5.130703516519478e-4,7.39560867246051e-6
4.8250770903121327e-4,0,4.640208236277185e-4,1.848688540349476e-5
0.0012264416315049226,0,0.00113173933427098,9.47022972339428e-5
0.0012379536338536206,0,0.0012379536338536206,0
6.247540613676332e-4,0,6.070371551497452e-4,1.771690621788811e-5
7.759765846969593e-4,0,7.759765846969593e-4,0
4.5226336834566723e-4,0,4.4480335402243974e-4,7.4600143232275005e-6
8.319853377656417e-4,0,8.227101389053781e-4,9.275198860263565e-6
9.309043625059797e-4,3.878768177108249e-5,8.874990995716732e-4,4.617581163224106e-6
9.8381198748342e-4,0,9.471709451190467e-4,3.664104236437318e-5
0.001436237330724305,0,0.0014335120226963653,2.725308027939858e-6
6.743915149285758e-4,0,6.338198328807337e-4,4.057168204784213e-5
9.480585876886924e-4,0,9.435739207649048e-4,4.48466692378757e-6
7.401865305600182e-4,0,7.321893171446038e-4,7.997213415414362e-6
6.895860087702561e-4,0,6.381111200847028e-4,5.1474888685553215e-5
9.509303877960071e-4,0,9.072606698934726e-4,4.366971790253454e-5
5.08758417478678e-4,0,4.972760226397496e-4,1.1482394838928498e-5
3.547551791159784e-4,2.654028771441235e-5,3.211374813443894e-4,7.0774100571766264e-6
4.0463210795620055e-4,3.0989329931000046e-5,3.1786198414940044e-4,5.578079387580008e-5
1.5069225362038138e-4,0,1.4537370349260322e-4,5.318550127778167e-6
1.8464799135098104e-4,0,1.8375597206909226e-4,8.920192818887973e-7
6.562585427142391e-4,0,6.500254222271296e-4,6.233120487109461e-6
6.923386178035711e-4,1.1436343114925571e-5,6.043667476887591e-4,7.653552699988652e-5
8.588711831058229e-4,0,8.545639053570475e-4,4.307277748775441e-6
0.0012467989922210771,0,0.0012287044664182835,1.8094525802793795e-5
6.151517403092001e-4,0,6.082399230023552e-4,6.911817306844945e-6
2.28838639618568e-4,0,2.2626741894869642e-4,2.5712206698715503e-6
7.361849338571539e-4,0,7.14300720603374e-4,2.188421325377984e-5
5.903347293834098e-4,0,5.824868526264664e-4,7.847876756943408e-6
9.656076356208125e-4,0,9.115754394037635e-4,5.403219621704907e-5
7.583827293284369e-4,0,7.211136352014394e-4,3.7269094126997475e-5
7.968334756766365e-4,0,7.465436589309945e-4,5.028981674564191e-5
7.238304936350594e-4,0,7.047595105692255e-4,1.90709830658339e-5
8.591964550513773e-4,0,8.417508417508417e-4,1.744561330053558e-5
9.181104953420552e-4,0,8.874776380141506e-4,3.0632857327904606e-5
0.001378685133678476,0,0.0013401265065712468,3.855862710722897e-5
0.0017467993824791246,1.7058587719522702e-5,0.001723770289057769,5.970505701832945e-6
8.828720210702816e-4,5.05993846067948e-5,8.209313950861019e-4,1.1341241377385041e-5
0.001093011992478536,0,0.0010606069894964,3.240500298213608e-5
9.539345863424573e-4,0,8.926727321736756e-4,6.126185416878165e-5
5.080601627909439e-4,2.2933271237091214e-5,4.745423048290413e-4,1.058458672481133e-5
5.957888680991129e-4,0,5.833209396187129e-4,1.2467928480399972e-5
6.591119963830548e-4,0,6.400467733471813e-4,1.9065223035873486e-5
6.004270911254522e-4,1.8112431104840186e-6,5.723528229129498e-4,2.626302510201827e-5
7.572618425076314e-4,0,7.228819739111081e-4,3.437986859652329e-5
7.931417000645113e-4,0,7.803490919989546e-4,1.2792608065556634e-5
8.976293283872252e-4,0,8.864670983969177e-4,1.1162229990307463e-5
0.0010353341188227983,0,9.329992237298949e-4,1.023348950929035e-4
7.250253666635919e-4,3.597454109399502e-5,6.669126464348308e-4,2.2138179134766164e-5
6.815986754357725e-4,0,6.586027687071702e-4,2.299590672860231e-5
9.657840448064986e-4,0,9.492434997955405e-4,1.654054501095811e-5
7.474087393827756e-4,0,7.474087393827756e-4,0
5.313886405812052e-4,0,5.06608859414206e-4,2.4779781166999204e-5
4.014140849281469e-4,0,3.7926710093211117e-4,2.214698399603569e-5
5.690633490425168e-4,0,5.590478340993685e-4,1.0015514943148296e-5
6.238842945098182e-4,1.5483259863747312e-5,6.084010346460709e-4,0
2.412118188288295e-4,0,2.3570888760079535e-4,5.5029312280341325e-6
6.506561927186905e-4,1.1896667377416282e-5,6.259477297040567e-4,1.2811795637217534e-5
8.904380029136656e-4,0,8.287154909889671e-4,6.172251192469853e-5
0.00106390070747114,0,0.0010337644642552193,3.0136243215920705e-5
5.573636880298381e-4,9.137109639833412e-7,5.473128674260214e-4,9.137109639833412e-6
8.14278844051939e-4,0,7.368585960156808e-4,7.742024803625817e-5
9.387133417829709e-4,0,8.830114800623861e-4,5.570186172058485e-5
0.0010357535562999529,0,9.965480959822609e-4,3.920546031769188e-5
0.001103434600844926,0,0.0010226507032789081,8.078389756601789e-5
0.0012623999113973595,0,0.0012164091339561174,4.599077744124209e-5
6.284527549202341e-4,0,6.209822912659074e-4,7.470463654326706e-6
5.661427719446485e-4,4.820247307041247e-5,5.132145662202739e-4,4.725732653962007e-6
4.243714235103663e-4,0,4.1774062001801685e-4,6.630803492349474e-6
5.424103683607345e-4,0,4.8309918169695047e-4,5.9311186663784014e-5
7.481697074398454e-4,0,7.156821339367104e-4,3.248757350313505e-5
9.981314600629155e-4,0,9.555571323825066e-4,4.2574327680408716e-5
0.0014937979861249513,0,0.001466275659824047,2.752232630090444e-5
9.919523710983998e-4,0,9.663229796920297e-4,2.562939140637014e-5
0.0010047260768924595,0,9.506254419828655e-4,5.4100634909593975e-5
0.0010067426540762408,1.2608530349702438e-5,9.194528285783009e-4,7.468129514823753e-5
6.589441355410679e-4,1.534658830954452e-5,6.109860470737413e-4,3.261150015778211e-5
6.567374901634033e-4,0,6.036970173895601e-4,5.304047277384314e-5
3.8103273479441244e-4,0,3.8103273479441244e-4,0
6.207900859243101e-4,9.66962750660919e-7,6.178891976723272e-4,1.933925501321838e-6
4.0754876201070175e-4,0,3.8357530542183695e-4,2.397345658886481e-5
3.530941670566013e-4,0,3.5022348277158826e-4,2.8706842850130184e-6
4.7082684437361924e-4,0,4.489057564776815e-4,2.1921087895937737e-5
7.932539257055073e-4,0,7.676344807365495e-4,2.561944496895777e-5
3.322619772419424e-4,0,3.322619772419424e-4,0
4.2804603702310297e-4,0,4.270862925454727e-4,9.597444776302757e-7
0.0011645037228975056,0,0.0010809178113029049,8.358591159460073e-5
7.834363476800115e-4,0,7.655453733940497e-4,1.78909742859618e-5
0.0010959885864701639,0,0.0010912234187029023,4.765167767261582e-6
6.49708256004275e-4,1.826103086402548e-5,6.179917287141255e-4,1.3455496426124038e-5
8.556899071662594e-4,0,8.250611856569526e-4,3.062872150930682e-5
8.078393564560381e-4,0,7.746923723107142e-4,3.3146984145323955e-5
5.482450949107895e-4,0,5.321480886698854e-4,1.609700624090401e-5
6.932177970338277e-4,0,6.494155735948771e-4,4.380222343895065e-5
5.674677995573368e-4,1.629552802782893e-5,5.473380296406069e-4,3.8342418889009245e-6
5.80310485198742e-4,0,5.430866218389543e-4,3.722386335978773e-5
5.68781213310249e-4,0,5.293892711722081e-4,3.939194213804089e-5
4.6816614418555917e-4,0,4.5566889598348055e-4,1.249724820207858e-5
0.0011869883650008554,0,0.0011434912343615733,4.349713063928216e-5
0.0010976266010292435,0,0.0010636293169265679,3.3997284102675684e-5
7.726527974835836e-4,0,7.628475589368376e-4,9.805238546745984e-6
0.0011876027305977995,0,0.0011569995014635254,3.0603229134274134e-5
7.209682603736818e-4,0,6.739050544881777e-4,4.706320588550423e-5
5.759540664240588e-4,0,5.442319835917527e-4,3.1722082832306165e-5
9.672298951178626e-4,1.8790764833578108e-5,8.792099966868915e-4,6.922913359739303e-5
0.0010092577717283639,0,9.70819243312928e-4,3.843852841543573e-5
0.0013384925652640172,3.50128847415849e-5,0.0012664660595098996,3.701362101253261e-5
0.0010569332034124127,9.246922663909162e-5,9.356294867460775e-4,2.883449002724362e-5
0.0017075885472065768,0,0.0016907990704555578,1.6789476751018974e-5
7.458065690326078e-4,0,7.349261018451294e-4,1.0880467187478363e-5
6.023639037176741e-4,3.9957804558386345e-6,5.554134833615702e-4,4.295463990026532e-5
6.207122500374993e-4,0,6.15778130402861e-4,4.934119634638309e-6
5.07521549605718e-4,0,4.6338924094435115e-4,4.413230866136678e-5
8.85124821908008e-4,0,8.546383182831628e-4,3.048650362484528e-5
8.862152416839917e-4,0,8.862152416839917e-4,0
3.779542239677695e-4,0,3.475557609140615e-4,3.0398463053708004e-5
5.090852525881026e-4,3.0302693606434676e-5,4.53530314309639e-4,2.5252244672028895e-5
0.0013083936797898587,0,0.0012465169382589881,6.187674153087051e-5
7.378533610407491e-4,0,7.002683372880032e-4,3.758502375274593e-5
6.085385378055804e-4,0,5.689587955092824e-4,3.957974229629791e-5
7.2285916013852e-4,0,7.090150722562502e-4,1.3844087882269877e-5
4.960803650191331e-4,1.0001620262482523e-6,4.770772865204163e-4,1.800291647246854e-5
5.206774671012723e-4,0,4.8326957140661775e-4,3.740789569465451e-5
7.511264338174721e-4,0,7.316831065115703e-4,1.9443327305901867e-5
6.404836412763794e-4,0,6.161229322579433e-4,2.436070901843598e-5
0.0022956618591148397,1.0312946357209523e-4,0.002166750029649721,2.5782365893023807e-5
5.557882948059912e-4,0,5.21312705090582e-4,3.4475589715409234e-5
5.059119272410481e-4,0,4.912173899352916e-4,1.4694537305756586e-5
3.127454613201987e-4,0,2.910700333079077e-4,2.1675428012291e-5
9.812233756565614e-4,0,9.408991273419083e-4,4.032424831465321e-5
6.792104731095835e-4,0,6.697331176708451e-4,9.477355438738374e-6
8.851513447862976e-4,0,8.41162005227221e-4,4.398933955907661e-5
6.098937352410057e-4,0,5.795075704959022e-4,3.0386164745103488e-5
9.994438063252646e-4,0,9.79199208968996e-4,2.0244597356268686e-5
8.939380619549917e-4,0,8.515713291609163e-4,4.2366732794075434e-5
9.067318685741936e-4,0,8.553468276160339e-4,5.138504095815973e-5
9.299364850132995e-4,0,9.191106819281622e-4,1.0825803085137364e-5
0.0010519298367127842,0,0.0010313674222091392,2.056241450364496e-5
4.0356569821747634e-4,0,4.013959901625437e-4,2.1697080549326683e-6
7.537910940338191e-4,0,7.365122150874851e-4,1.7278878946333962e-5
6.146540893434347e-4,0,5.627114902439895e-4,5.194259909944519e-5
2.7927780269831957e-4,0,2.598685345571236e-4,1.9409268141195957e-5
7.309472820302382e-4,0,6.62554553887058e-4,6.839272814318018e-5
6.259629683314275e-4,0,6.055628029827189e-4,2.0400165348708617e-5
5.538643756563826e-4,0,5.464085090610082e-4,7.45586659537438e-6
6.39503304982726e-4,0,5.844467290570609e-4,5.505657592566515e-5
6.955596915713905e-4,0,6.572720021270938e-4,3.828768944429673e-5
7.49411519800157e-4,0,7.344659909152535e-4,1.4945528884903415e-5
0.001054038957364019,0,0.0010351041257946054,1.8934831569413513e-5
6.428110041730539e-4,0,6.219405170245782e-4,2.0870487148475776e-5
8.424796737170777e-4,6.693091985394186e-5,7.553632383516296e-4,2.0185515511506276e-5
0.0012965677709688142,3.0896027410103216e-5,0.001207075829505067,5.8595914053644024e-5
7.860147900389349e-4,0,7.797433954375605e-4,6.271394601374481e-6
0.001086766250437624,0,0.001051339546204758,3.542670423286598e-5
7.541517461794339e-4,0,6.800925843831133e-4,7.405916179632062e-5
0.0010188024957497163,0,9.62905464409411e-4,5.589703134030535e-5
4.413628443943766e-4,0,4.371593887334778e-4,4.203455660898825e-6
8.411922597550653e-4,0,8.007810007529256e-4,4.041125900213967e-5
5.932354212395231e-4,0,5.656923481105452e-4,2.7543073128977856e-5
4.651326534857745e-4,4.2672720503282065e-6,4.608653814354463e-4,0
6.396129323949487e-4,0,6.149712281318267e-4,2.4641704263121975e-5
4.330102052876671e-4,0,4.1366979909615836e-4,1.9340406191508703e-5
6.039873914945249e-4,0,5.319817772060317e-4,7.200561428849319e-5
0.0011181863935753517,0,0.001080986454845839,3.719993872951268e-5
6.904065373143846e-4,0,6.431334782307563e-4,4.727305908362824e-5
8.17493706944417e-4,1.8654218816181328e-5,7.911583392039257e-4,7.681148924309958e-6
6.964824331040745e-4,0,6.689317039464766e-4,2.7550729157597886e-5
4.921347912453694e-4,1.7895810590740706e-5,4.5858014638773065e-4,1.565883426689812e-5
6.870464288716411e-4,2.2415870436268878e-6,6.556642102608647e-4,2.9140631567149543e-5
6.386230750594243e-4,3.349421722339638e-6,6.330407055221916e-4,2.232947814893092e-6
5.155026206584314e-4,0,4.964514368514893e-4,1.9051183806942026e-5
5.94759631025435e-4,0,5.668104002441645e-4,2.7949230781270436e-5
0.0010903555917856041,0,0.0010834473198207534,6.908271964850712e-6
9.904549909771267e-4,0,9.469436734544322e-4,4.351131752269459e-5
9.603725416362952e-4,0,8.751596302680868e-4,8.521291136820845e-5
0.001005768745594812,0,9.582521119446635e-4,4.7516633650148604e-5
7.863948104654271e-4,8.949016335310693e-6,7.763271670882026e-4,1.1186270419138367e-6
8.515085673423361e-4,0,8.36106603591958e-4,1.5401963750378175e-5
9.144738090904726e-4,0,8.97725204528376e-4,1.6748604562096568e-5
0.001313376337091645,0,0.0012907903295750218,2.25860075166233e-5
0.00271870318198199,0,0.002548713404033971,1.699897779480194e-4
0.0019088761057582373,0,0.001832655568358613,7.622053739962428e-5
0.0010758595169596348,0,0.0010575858945908935,1.827362236874114e-5
4.297407990443112e-4,0,4.2518121496957047e-4,4.559584074740702e-6
6.270498612751759e-4,0,6.145316244802086e-4,1.2518236794967214e-5
0.0012891779614411464,0,0.0011525318178305297,1.3664614361061673e-4
0.0015319316550345048,0,0.001474861885562803,5.706976947170179e-5
0.0012617151307818403,0,0.0012015804290499608,6.013470173187941e-5
0.001086341240661987,0,0.0010327498947711594,5.359134589082773e-5
3.8154419353145935e-4,0,3.6733194563487204e-4,1.4212247896587312e-5
4.685167751053336e-4,0,4.398545723930073e-4,2.866220271232629e-5
6.897762196014949e-4,0,6.81950557466632e-4,7.82566213486299e-6
0.001087106340786718,0,0.0010648751272736973,2.2231213513020823e-5
7.200129090413368e-4,0,6.554677023575693e-4,6.454520668376743e-5
8.129796721207817e-4,0,7.531353351452241e-4,5.984433697555754e-5
8.08227667348844e-4,2.3705001416656036e-5,7.721057604282252e-4,1.2416905503962686e-5
8.750783901226222e-4,0,8.217063917415727e-4,5.3371998381049384e-5
6.886684556470813e-4,0,6.452790052912878e-4,4.338945035579349e-5
7.3510526175947e-4,0,6.686800875040963e-4,6.642517425537379e-5
8.610388305060138e-4,0,7.694627162368918e-4,9.15761142691221e-5
5.238169164942017e-4,0,5.115312318855957e-4,1.228568460860601e-5
5.32360976381215e-4,0,4.900393924848005e-4,4.232158389641458e-5
7.576323098983548e-4,0,7.29778180857974e-4,2.7854129040380687e-5
4.44044816413491e-4,0,4.362934106406869e-4,7.751405772804083e-6
7.151254027446135e-4,0,6.917698297156292e-4,2.3355573028984265e-5
8.414871935133799e-4,0,8.1391552924361e-4,2.7571664269769986e-5
0.0010549303094940417,0,0.001043895473620673,1.1034835873368637e-5
0.002120810907277012,2.947086695649991e-5,0.0020815164180016787,9.823622318833304e-6
8.312642754073577e-4,0,7.984943302533226e-4,3.2769945154035126e-5
7.518691250082489e-4,0,7.07514255763158e-4,4.435486924509094e-5
3.7409354256992674e-4,0,3.538434647669962e-4,2.0250077802930505e-5
5.183775942634287e-4,0,4.983181761554753e-4,2.0059418107953454e-5
4.709631089505266e-4,0,4.3383763865037245e-4,3.712547030015412e-5
1.2782465865490112e-4,9.586849399117583e-6,1.1504219278941101e-4,3.195616466372528e-6
1.3941362628783338e-4,0,1.3619638875811413e-4,3.2172375297192317e-6
2.649313125021627e-4,0,2.508737326551092e-4,1.4057579847053532e-5
3.792792831621548e-4,0,3.792792831621548e-4,0
3.7761530600707014e-4,0,3.7761530600707014e-4,0
1.2990038465543656e-4,0,1.2882682775745773e-4,1.0735568979788143e-6
9.379073368867231e-5,0,9.379073368867231e-5,0
1.5991697026179784e-4,0,1.5991697026179784e-4,0
2.3235893964054072e-4,0,2.207409926585137e-4,1.1617946982027036e-5
1.9345733631447918e-4,7.4000074000074e-6,1.8605732891447177e-4,0
8.453692784350524e-5,0,8.453692784350524e-5,0
1.9136517791645848e-5,0,1.9136517791645848e-5,0
3.400711924739385e-4,0,3.358335452156962e-4,4.237647258242224e-6
7.093685349528111e-5,0,6.670181746571209e-5,4.235036029569022e-6
5.2016819479343485e-5,0,5.2016819479343485e-5,0
3.0564838210123075e-4,0,2.8956162514853437e-4,1.6086756952696356e-5
3.4529722286958026e-4,0,3.089501467780455e-4,3.634707609153477e-5
5.823004178673274e-4,0,5.449049781877743e-4,3.739543967955313e-5
5.080445715916812e-4,0,5.080445715916812e-4,0
3.018797328151773e-4,0,2.9762790559242837e-4,4.2518272227489766e-6
4.6806550774932255e-4,4.284352473678009e-6,4.47714833499352e-4,1.6066321776292536e-5
5.930415740374335e-4,0,5.823174949409157e-4,1.0724079096517784e-5
0.0012186247011046936,0,0.0011768249092462212,4.179979185847234e-5
8.177971625994097e-4,0,8.091774296602855e-4,8.619732939124213e-6
0.0010085197338712106,0,9.698132195648528e-4,3.870651430635776e-5
7.785704670884372e-4,0,7.624175528334904e-4,1.615291425494683e-5
9.116712019468866e-4,0,8.807851448715832e-4,3.08860570753034e-5
8.565411622769827e-4,3.542087513175492e-5,8.039465295055889e-4,1.717375763963875e-5
4.3133353053486436e-4,4.1950143867480574e-5,3.8938338666738375e-4,0
8.704496891944511e-4,1.7257986402863962e-5,8.370123405389022e-4,1.6179362252684964e-5
8.178191839724302e-4,0,8.125497304674532e-4,5.269453504976999e-6
5.792080260165367e-4,2.9757476565987204e-5,5.441367143494803e-4,5.313835101069143e-6
6.962494865690714e-4,0,6.644088088296322e-4,3.184067773943924e-5
0.0010309223453483357,0,9.585021805924609e-4,7.242016475587482e-5
6.918358085328532e-4,0,6.548109563942449e-4,3.702485213860835e-5
8.2348278889012e-4,0,7.584990241782218e-4,6.498376471189821e-5
0.0010007572148107815,0,9.018513476722025e-4,9.890586713857881e-5
7.21268497775115e-4,1.0622511012888293e-6,6.904632158377391e-4,2.974303083608722e-5
9.951442530687184e-4,0,9.855034583672992e-4,9.640794701419232e-6
6.136842038321875e-4,2.437778357191764e-5,5.74467769390407e-4,1.4838650869862912e-5
6.804118282118124e-4,2.001211259446507e-5,6.382810648550438e-4,2.2118650762303498e-5
6.383718357930664e-4,0,6.225705527288816e-4,1.5801283064184813e-5
3.699886360633209e-4,0,3.3193266206823645e-4,3.8055973995084436e-5
4.091844369622147e-4,0,4.006819032071557e-4,8.502533755059007e-6
7.488480486400707e-4,0,7.297285239939412e-4,1.9119524646129466e-5
5.061159218114697e-4,0,4.774076657423317e-4,2.8708256069137987e-5
6.740710559048947e-4,0,6.418188522730816e-4,3.225220363181314e-5
9.893677800537882e-4,0,9.743611181678152e-4,1.5006661885972952e-5
6.889710408885174e-4,0,6.87907813973566e-4,1.0632269149514158e-6
9.32092387805763e-4,0,8.884670591527535e-4,4.362532865300945e-5
0.0010224224868576332,0,9.891642527625792e-4,3.325823409505418e-5
0.0010065881890805996,4.5899567476633916e-5,9.137216223255496e-4,4.69669992784161e-5
5.157106035830214e-4,0,4.966102108577244e-4,1.910039272529709e-5
3.817648896194656e-4,0,3.4811068447394795e-4,3.3654205145517625e-5
3.781949595016231e-4,0,3.7609387639328073e-4,2.1010831083423506e-6
7.466769180725385e-4,1.0561201104279188e-6,6.790852310051517e-4,6.653556695695888e-5
5.759678467000616e-4,0,5.665085207506081e-4,9.459325949453567e-6
8.325428011718354e-4,0,8.126705483800453e-4,1.987225279179004e-5
6.692725652170695e-4,0,6.54470328387624e-4,1.4802236829445455e-5
6.066308597817624e-4,0,6.023588114734401e-4,4.272048308322271e-6
6.04181233020746e-4,0,5.871019048788169e-4,1.7079328141929218e-5
4.787582789699071e-4,7.414398125640154e-6,4.7134388084426693e-4,0
8.133160191609237e-4,0,7.732304047275708e-4,4.008561443335292e-5
7.517050036218514e-4,0,7.411916469278395e-4,1.0513356694011908e-5
0.0010506442024927583,3.467125868226103e-5,0.0010117703670005263,4.202576809971034e-6
8.476451748946706e-4,0,8.20503826930063e-4,2.7141347964607682e-5
6.50651275901126e-4,0,6.350356452794989e-4,1.5615630621627023e-5
6.62599794949401e-4,0,6.375171528692975e-4,2.5082642080103507e-5
7.536202356908307e-4,0,7.442649500063928e-4,9.355285684437898e-6
0.0010065266635006956,6.408990237321756e-5,8.920053625387166e-4,5.043139858876136e-5
6.935185526752636e-4,3.6889284716769345e-5,6.460894723251316e-4,1.0539795633362669e-5
8.09791829654429e-4,4.32874380910451e-5,7.36942238720719e-4,2.9562152842664942e-5
7.940925374133718e-4,0,7.878151260504202e-4,6.277411362951555e-6
8.041150535376863e-4,1.0497585555322276e-6,7.789208482049129e-4,2.4144446777241235e-5
8.176311784374136e-4,0,7.699713299533675e-4,4.765984848404613e-5
8.540154126413401e-4,0,8.115270836542087e-4,4.248832898713135e-5
7.960251879799134e-4,0,7.513882615511332e-4,4.463692642878019e-5
9.81046104951912e-4,0,9.599710006564895e-4,2.1075104295422383e-5
9.231386714830423e-4,0,8.977893258130275e-4,2.5349345670014894e-5
3.737921372984575e-4,0,3.609396855861896e-4,1.285245171226788e-5
5.230310506814945e-4,2.1435698798421903e-6,5.112414163423624e-4,9.646064459289857e-6
7.918269685937325e-4,0,7.208207458665771e-4,7.100622272715537e-5
5.495394620377923e-4,0,5.343348128905016e-4,1.5204649147290694e-5
6.425129784349082e-4,0,6.043330900729018e-4,3.817988836200643e-5
6.61823437678293e-4,0,6.498693197563533e-4,1.1954117921939609e-5
8.360096499399594e-4,0,8.012663917606363e-4,3.474325817932298e-5
5.364917565978169e-4,0,5.299756623881268e-4,6.5160942096900835e-6
7.206122269308984e-4,0,6.760494798657901e-4,4.456274706510835e-5
5.853824408941287e-4,0,5.617088862991455e-4,2.3673554594983143e-5
5.325179510083485e-4,0,5.078245782801388e-4,2.469337272820971e-5
0.0015946145173879108,0,0.0014894631861937387,1.0515133119417224e-4
7.395942890269223e-4,1.0223803407136867e-4,6.156034817488794e-4,2.1752773206674185e-5
6.756668538078887e-4,0,6.604344287623002e-4,1.5232425045588472e-5
8.616406460572905e-4,0,8.583932566877278e-4,3.2473893695626525e-6
6.269619964574455e-4,0,6.258659090510514e-4,1.0960874063941355e-6
6.886409009247774e-4,0,6.462797098584267e-4,4.236119106635066e-5
0.0012432807203752525,7.061663299893861e-5,0.001149125209710001,2.353887766631287e-5
9.149274825539487e-4,0,8.456783841037645e-4,6.924909845018419e-5
0.0010659278445653234,0,0.0010306734216905947,3.525442287472859e-5
0.0012614556582952504,0,0.0012399186104706972,2.1537047824553055e-5
7.158862313601123e-4,0,6.923642551868515e-4,2.352197617326083e-5
0.001158156592208858,0,0.0011520016413202369,6.1549508886210345e-6
0.0010261064370804614,0,9.525211148993925e-4,7.358532218106895e-5
0.0010801336920192386,0,0.0010516018586451455,2.8531833374093094e-5
8.029232962459239e-4,0,7.803922853818801e-4,2.2531010864043784e-5
8.719256395492309e-4,0,7.968660031257712e-4,7.505963642345974e-5
8.344983463999556e-4,2.052886461008501e-6,7.811232984137346e-4,5.1322161525212525e-5
4.0921762704928513e-4,0,3.764802168853423e-4,3.273741016394281e-5
8.791276113459535e-4,0,8.63811799301599e-4,1.5315812044354592e-5
0.0011890364325649388,0,0.0011768203048331074,1.2216127731831564e-5
5.542371583862819e-4,0,5.195335425757228e-4,3.4703615810559084e-5
4.6645912318014156e-4,0,0.00043871816210995697,2.7740961070184632e-5
5.228259666129488e-4,0,5.207756687046628e-4,2.050297908286074e-6
7.581602389129338e-4,0,7.345319387842109e-4,2.362830012872287e-5
5.407431531470637e-4,0,5.253811317508403e-4,1.5362021396223402e-5
3.731195504222087e-4,0,3.533171161819239e-4,1.980243424028482e-5
3.662477030812031e-4,0,3.358145128538252e-4,3.043319022737791e-5
3.4253924756920943e-4,0,2.9507899037588525e-4,4.74602571933242e-5
4.7815114889095497e-4,0,4.5260888666387406e-4,2.5542262227080928e-5
4.802503445719423e-4,0,4.495307063264023e-4,3.071963824554002e-5
6.497064498785398e-4,0,6.342862018592707e-4,1.5420248019269142e-5
5.58411263186144e-4,0,5.264135752771412e-4,3.19976879090027e-5
0.0010204155330149306,0,0.0010059708237508164,1.4444709264114287e-5
0.0011510630222559591,0,0.0011158052359886595,3.5257786267299646e-5
6.087958998692602e-4,0,5.973091847773875e-4,1.1486715091872836e-5
7.915043134398467e-4,7.242523129514937e-6,7.832271441489725e-4,1.0346461613592767e-6
6.941071039715908e-4,0,6.710748923767567e-4,2.3032211594834084e-5
3.5782105808314634e-4,0,3.4421967283437176e-4,1.3601385248774568e-5
5.63372083354122e-4,0,5.63372083354122e-4,0
4.345927533992103e-4,0,4.2214618289613024e-4,1.2446570503080008e-5
9.050193277992648e-4,0,8.818407187054536e-4,2.3178609093811206e-5
9.516520743172896e-4,2.7370524261337976e-5,8.842784761355346e-4,4.0003073920417045e-5
7.511120834244878e-4,0,6.771468158473191e-4,7.396526757716869e-5
5.677670532889934e-4,0,5.552886565134112e-4,1.2478396775582274e-5
0.0015635951339406276,0,0.0014868865016975726,7.670863224305497e-5
7.542128861745747e-4,5.1133077028784725e-5,6.56207821869404e-4,4.6871987276386e-5
9.561680917662944e-4,0,9.163277546093655e-4,3.9840337156928933e-5
5.769311798890866e-4,0,5.293937792989746e-4,4.753740059011201e-5
6.770761667005204e-4,0,6.585111750329255e-4,1.8564991667594917e-5
0.001228493003949923,0,0.0012117560420432483,1.67369619066747e-5
0.0011760302420699943,0,0.001162460662353802,1.3569579716192241e-5
0.0014133351666867659,0,0.0013907939359581094,2.2541230728656555e-5
0.0014355968633864553,0,0.0013750665262667401,6.05303371197153e-5
0.0016258607498087223,0,0.0015853548764570864,4.0505873351635985e-5
0.001117180432428944,0,0.0010993767601990005,1.780367222994333e-5
9.808795668005859e-4,0,9.237735646238395e-4,5.710600217674644e-5
0.0011523503144956068,4.24315038283266e-5,0.0010630208327517612,4.6897977915518876e-5
0.0014758099183904195,0,0.001376519954462012,9.928996392840742e-5
0.0011115093799858207,6.105951833085892e-5,0.0010108742479219975,3.9575613732964115e-5
7.313214866753225e-4,0,6.604395579667912e-4,7.088192870853126e-5
0.0010960460225276805,0,0.001060689699220336,3.535632330734454e-5
7.581784677315165e-4,0,6.958469046145756e-4,6.233156311694081e-5
6.13335471912511e-4,3.5015468930548515e-5,5.534703153538313e-4,2.4849687628131202e-5
6.210939458725173e-4,7.977353433224993e-6,5.960222636538102e-4,1.709432878548213e-5
6.759590025136509e-4,0,6.484623651232651e-4,2.74966373903858e-5
5.276351779626658e-4,0,4.967993558739386e-4,3.0835822088727224e-5
4.418192855839531e-4,0,4.1312972158499513e-4,2.8689563998957996e-5
6.352446212484118e-4,0,6.23673680970663e-4,1.157094027774885e-5
2.553027062086858e-4,0,2.4955264525803976e-4,5.750060950646077e-6
4.433168283068025e-4,3.069116503662479e-5,4.1148895345400645e-4,1.1367098161712886e-6
5.88498118520093e-4,0,5.793564001741497e-4,9.14171834594319e-6
9.677710530194571e-4,0,9.094991242071875e-4,5.827192881226955e-5
6.754194035579682e-4,0,6.480837110025024e-4,2.7335692555465828e-5
8.492446344492908e-4,0,7.764522372107802e-4,7.279239723851064e-5
2.457611909930238e-4,0,2.3661658853746945e-4,9.144602455554374e-6
4.3458379240737864e-4,0,4.3004505828301957e-4,4.538734124359045e-6
6.49639512645216e-4,6.029928926479238e-5,5.631726072843817e-4,2.6167616096041976e-5
6.278085047580379e-4,0,6.209844992715374e-4,6.824005486500411e-6
0.001181857967341059,0,0.0010975209474922273,8.433701984883159e-5
0.0016124877588235761,5.900729307447288e-5,0.0014513524585048232,1.0212800724427999e-4
7.920503634782847e-4,3.1864095082459726e-5,7.510822412294078e-4,9.104027166417065e-6
9.162086589836579e-4,0,8.953330186523847e-4,2.0875640331273217e-5
6.663174776812616e-4,0,6.141708924714236e-4,5.2146585209837856e-5
0.0010464532264885316,0,0.0010011031408335572,4.535008565497428e-5
9.299058386713719e-4,0,9.221008735985906e-4,7.804965072781299e-6
5.16830679422519e-4,0,4.792831514302847e-4,3.754752799223429e-5
6.983016464229166e-4,0,6.452660783401635e-4,5.3035568082753164e-5
0.0011135637550905772,0,0.0011069811122033423,6.582642887234939e-6
0.0011206027663300997,0,0.0010837408332271359,3.6861933102963804e-5
0.0016980785548581976,2.5650733457072472e-5,0.0015975276797064735,7.490014169465162e-5
0.0012340787209137022,0,0.0011957658194474271,3.831290146627507e-5
0.0014540035077834626,0,0.0013772644337615575,7.673907402190496e-5
0.001259396082537362,0,0.0011774118669682632,8.198421556909886e-5
7.966563862846231e-4,0,7.712727269177111e-4,2.538365936691201e-5
8.79403325814079e-4,0,8.68726243491833e-4,1.0677082322245993e-5
9.005206682135653e-4,6.8073916603617255e-6,8.927407920302948e-4,9.724845229088178e-7
9.8337380618032e-4,0,9.824040095272823e-4,9.69796653037791e-7
0.001255547713666637,0,0.0012308172283974454,2.473048526919133e-5
0.0010703770565288772,8.645714591804802e-5,9.388118344796736e-4,4.510807613115549e-5
8.002094145243133e-4,0,7.601523658345048e-4,4.0057048689808464e-5
5.283772650493167e-4,0,4.998412106651202e-4,2.853605438419655e-5
5.724197594797821e-4,0,5.473060332696253e-4,2.5113726210156858e-5
0.0012520660376872735,0,0.001198859667340042,5.320637034723164e-5
0.001600833954237268,0,0.001572956634717569,2.787731951969913e-5
6.599200809457806e-4,3.0636189454195587e-05,5.845716149908671e-4,4.471227650071788e-5
7.83493313643449e-4,0,7.482156042333251e-4,3.527770941012388e-5
6.548941644252134e-4,0,6.081160098234125e-4,4.677815460180096e-5
0.0015861496336485562,0,0.0015211824658367772,6.496716781177903e-5
0.0014351491021319085,0,0.0013928928035958545,4.2256298536054015e-5
0.001975689682932919,0,0.001921241542064689,5.4448140868230056e-5
0.0011156937023992083,5.1349919357285734e-5,0.0010277764162268856,3.656736681503681e-5
0.0015464003784991778,0,0.0014870697196093913,5.933065888978646e-5
0.0012789627943457314,0,0.0012258876812662543,5.307511307947703e-5
9.468724604601902e-4,1.9069468607254027e-5,9.021325533431712e-4,2.5670438509765036e-5
7.104697953623805e-4,0,6.821997930338251e-4,2.8270002328555455e-5
0.0014636532254143826,0,0.0014445012456153015,1.9151979799081e-5
0.0010444072390975046,0,0.0010212142955505787,2.3192943546925847e-5
7.271353238575679e-4,0,7.173751181682046e-4,9.760205689363328e-6
7.07422117808625e-4,0,7.053455362494999e-4,2.0765815591251223e-6
9.079088566887552e-4,0,9.044672006740139e-4,3.441656014741301e-6
8.736322932274271e-4,0,8.3855207759204e-4,3.508021563538703e-5
0.0011663511727149248,0,0.001146148785196768,2.0202387518156897e-5
0.00135957516319975,0,0.0013460470521231356,1.3528111076614428e-5
0.0011184802888359123,0,0.0010877152442163426,3.076504461956971e-5
0.0014088144664845031,0,0.0014026324429845711,6.182023499931998e-6
5.499553292989228e-4,0,5.345031999955048e-4,1.545212930341801e-5
0.001423944705504943,0,0.001386077636066026,3.7867069438917204e-5
0.001123522861966165,8.045688014079955e-5,9.8918860673108e-4,5.3877375094285404e-5
0.0012499416256100124,0,0.0012214841104910455,2.8457515118967008e-5
0.0010981833692236148,0,0.0010167267470964417,8.145662212717303e-5
0.0011397623354212887,5.049110020107338e-5,0.001058828071863686,3.044316335652954e-5
0.00122076846650588,1.8300089441687147e-5,0.001181118272715558,2.1350104348635005e-5
0.001626865325257026,0,0.0015959216195935543,3.0943705663471726e-5
0.0010089497580389006,0,9.801448652553826e-4,2.8804892783517996e-5
7.917126201354971e-4,0,7.751693713565463e-4,1.6543248778950684e-5
8.612411970202954e-4,0,8.602414974300223e-4,9.99699590273123e-7
8.644429651299407e-4,0,8.267053502377721e-4,3.773761489216854e-5
9.85844025391697e-4,0,9.568486128801765e-4,2.89954125115205e-5
9.670665949824564e-4,0,9.244582153025363e-4,4.260837967992011e-5
0.0012397086613425508,0,0.0011950772503252396,4.463141101731129e-5
0.0016949634476819194,0,0.0016621919053326527,3.2771542349266566e-5
0.0013242520143077004,0,0.0012905437812162316,3.370823309146874e-5
0.001780464234517163,0,0.00168947029850877,9.099393600839285e-5
9.216902172071431e-4,0,8.897408714426098e-4,3.194934576453332e-5
9.216315709428421e-4,0,8.866086117138845e-4,3.502295922895756e-5
0.001431741916486126,5.0021306245065705e-5,0.0012802623004043703,1.0145830983668988e-4
0.0014663377602678936,0,0.0014423380087359096,2.399975153198414e-5
0.0014699833924459002,0,0.0014067075252477794,6.327586719812099e-5
0.0013225434001949898,0,0.001287924294565549,3.461910562944084e-5
0.0015924250176241887,0,0.0015306519417258265,6.177307589836206e-5
0.0011366464159620706,0,0.0010547891637837322,8.185725217833842e-5
0.001243989661671266,6.106029841170316e-5,0.0011318938899602287,5.1035473299333985e-5
0.0015558834341582756,0,0.0015158957758037407,3.998765835453512e-5
0.0013578464909705257,5.917534154413957e-5,0.001225384764898644,7.328638452774209e-5
0.0011775348086562052,0,0.0011164807735905384,6.105403506566676e-5
0.0025725143556676235,0,0.0024585646504958585,1.1394970517176477e-4
0.004170559351617514,0,0.004058165709099487,1.123936425180263e-4
0.004601222221876518,0,0.004460323125630879,1.4089909624563914e-4
0.002265053212176926,0,0.00220185270303716,6.320050913976594e-5
0.0022111239279629276,0,0.002142555217341114,6.856871062181405e-5
0.0014943311739871827,0,0.0014262098051381735,6.81213688490092e-5
