"site","wtAA","rP2"
847,"T",13.1378984220876
848,"M",10.7338675518607
849,"T",10.757182108299
850,"N",5.65375663399847
851,"T",10.0230867640243
852,"G",1.31699092749869
853,"A",4.91708472971402
854,"F",12.4196895084113
855,"G",5.86565696067585
856,"Q",4.08188911632655
857,"Q",6.54354922521757
858,"S",7.13595953141308
859,"G",7.42853406902047
860,"A",6.76090038868216
861,"V",13.891569691821
862,"Y",8.84358618242699
863,"V",10.4773756803644
864,"G",11.3951821376345
865,"N",8.11147453898219
866,"Y",3.68814881709453
867,"R",6.46649710708726
868,"V",3.7234076346144
869,"V",7.43368845618885
870,"N",6.81214303050814
871,"R",14.5102138122333
872,"H",NA
873,"L",11.925114449227
874,"A",8.96520343009829
875,"T",7.69757767264296
876,"S",8.19519490727161
877,"A",7.98040250740004
878,"D",9.83189519753394
879,"W",4.4008758185057
880,"Q",10.2809333467708
881,"N",9.50507268895526
882,"C",10.0655682211976
883,"V",10.0018620162828
884,"W",8.35333838036692
885,"E",5.19947102875922
886,"S",8.37736116715569
887,"Y",10.7263943026309
888,"N",10.035523129338
889,"R",4.35719150111451
890,"D",NA
891,"L",1.64499284911885
892,"L",6.11529075791446
893,"V",3.67644716722381
894,"S",11.6616834302207
895,"T",9.98318298856528
896,"T",5.02251168714779
897,"T",9.14284459053027
898,"A",9.71430060830967
899,"H",7.87161870850172
900,"G",5.36720734249472
901,"C",5.98609458597976
902,"D",6.56020194410237
903,"I",3.53119361177315
904,"I",4.99773162992845
905,"A",4.16605621815881
906,"R",4.76913029241028
907,"C",NA
908,"Q",6.68531467737735
909,"C",NA
910,"T",12.6946298308384
911,"T",8.78273008919295
912,"G",1.65237761730278
913,"V",6.34964666815421
914,"Y",4.15255594054564
915,"F",12.174255520307
916,"C",8.04264467499498
917,"A",9.05193458655246
918,"S",7.72884988806706
919,"K",5.44279630646325
920,"N",5.93263612411634
921,"K",6.77779066395801
922,"H",7.66080115819979
923,"Y",9.68160119783251
924,"P",8.00324000794027
925,"I",7.55573630709666
926,"S",8.43376793787069
927,"F",5.4851457902227
928,"E",12.3977976646919
929,"G",6.91928783953664
930,"P",10.0647553754314
931,"G",10.2935637586827
932,"L",14.9529767142535
933,"V",8.72470932001814
934,"E",6.12666457978212
935,"V",7.60402581241611
936,"Q",7.24454950136007
937,"E",13.5529068068406
938,"S",3.79103191420783
939,"E",8.61689969826114
940,"Y",5.22952436234438
941,"Y",2.50913744677824
942,"P",10.120548389201
943,"R",9.07012610949798
944,"R",9.0356870265347
945,"Y",9.70830613388936
946,"Q",1.80063756799849
947,"S",10.1918955803395
948,"H",7.66919742379689
949,"V",3.70094635206443
950,"L",6.44814844004498
951,"L",10.5485392800833
952,"A",2.67208932058334
953,"A",10.7148906533123
954,"G",2.37348186516899
955,"F",11.5953366844485
956,"S",5.27021847823503
957,"E",8.18499137374963
958,"P",10.0004906273558
959,"G",NA
960,"D",2.6425182792357
961,"C",NA
962,"G",3.9226790130926
963,"G",4.59902927245501
964,"I",7.88657929673875
965,"L",3.13703897263053
966,"R",11.9819671730811
967,"C",NA
968,"E",11.9715553857321
969,"H",NA
970,"G",NA
971,"V",7.52414938285062
972,"I",4.41174525544959
973,"G",0.304095512643297
974,"I",4.32851793921443
975,"V",3.68697642298445
976,"T",2.49846502362815
977,"M",6.58105068529618
978,"G",NA
979,"G",9.30074645067537
980,"E",9.5523312491724
981,"G",11.3699489057589
982,"V",11.5026755871604
983,"V",4.67277782238975
984,"G",NA
985,"F",4.15367554432706
986,"A",2.74203105392935
987,"D",10.9148359005012
988,"I",3.62225157982528
989,"R",1.6441057583055
990,"D",8.7527440873859
991,"L",8.62615465899987
992,"L",8.95693276527054
993,"W",8.67914117291511
994,"L",3.31244986604016
995,"E",7.62873413368712
996,"D",13.4716163831546
997,"D",9.56403305304676
998,"A",7.3547673363516
999,"M",9.19835997376825
1000,"E",14.000932493002
1001,"Q",NA
1002,"G",4.36070446048631
1003,"V",3.12262975195471
1004,"K",5.46129199492037
1005,"D",8.32962745012015
1006,"Y",0.931866658895117
1007,"V",4.96782366850775
1008,"E",14.4465929975057
1009,"Q",8.28666778159387
1010,"L",1.61378132221794
1011,"G",NA
1012,"N",7.98135811624048
1013,"A",2.4008505066148
1014,"F",1.81315807366092
1015,"G",1.27278176706241
1016,"S",12.4189464054829
1017,"G",NA
1018,"F",NA
1019,"T",5.08574873614853
1020,"N",12.8230627418785
1021,"Q",7.46432626018921
1022,"I",2.39211254498377
1023,"C",14.0305877705659
1024,"E",10.822636333688
1025,"Q",9.6923585981641
1026,"V",3.86709217278872
1027,"N",8.47145642631395
1028,"L",12.4226199431646
1029,"L",2.78572310195631
1030,"K",4.01737821925645
1031,"E",10.9136855198165
1032,"S",16.5723627527677
1033,"L",2.23193861217155
1034,"V",9.82061829387364
1035,"G",5.32620476889985
1036,"Q",7.82451991381346
1037,"D",11.3671975021404
1038,"S",12.2466950695718
1039,"I",14.1418510200005
1040,"L",7.60143359619323
1041,"E",5.7598592221692
1042,"K",5.22118545432775
1043,"S",3.46695436483791
1044,"L",4.95498335012568
1045,"K",7.62485058965337
1046,"A",11.8626416115115
1047,"L",4.70294073298895
1048,"V",4.03184367122729
1049,"K",5.28425807622941
1050,"I",4.15435470245751
1051,"I",3.27055620889256
1052,"S",3.63295858668863
1053,"A",5.7800741796439
1054,"L",4.48135007099167
1055,"V",4.20268853006264
1056,"I",1.60550133112025
1057,"V",4.73769825956898
1058,"V",6.9763214843977
1059,"R",11.9955176730482
1060,"N",8.29491256283211
1061,"H",16.5776312740035
1062,"D",14.7456881721832
1063,"D",NA
1064,"L",7.73037179722297
1065,"I",9.77850491841013
1066,"T",7.62123765122155
1067,"V",7.16507628781381
1068,"T",6.93337387165423
1069,"A",2.25611943997915
1070,"T",4.73089234676017
1071,"L",4.78694711164583
1072,"A",4.61327942602237
1073,"L",3.02167969133921
1074,"I",4.22822480090615
1075,"G",4.88723365194262
1076,"C",5.06586497889011
1077,"T",16.4170630247761
1078,"S",9.01903993942113
1079,"S",2.12806696291334
1080,"P",NA
1081,"W",3.37155682649648
1082,"R",10.1616122499131
1083,"W",10.1618855419558
1084,"L",5.0989188026348
1085,"K",1.58665990526849
1086,"Q",13.1380676749305
1087,"K",2.51077275037044
1088,"V",2.77539233755117
1089,"S",10.418002492949
1090,"Q",12.5888286071139
1091,"Y",13.5284576244924
1092,"Y",8.88410621668601
1093,"G",13.8162934533809
1094,"I",14.3973667363758
1095,"P",16.1057204065897
1096,"M",12.2604126207483
1097,"A",2.53208839451486
1098,"E",9.24102187201243
1099,"R",7.12772259046574
1100,"Q",NA
1101,"N",9.60628854118105
1102,"N",9.03179629757553
1103,"S",11.7721688555141
1104,"W",0.133748003571399
1105,"L",10.0411997183764
1106,"K",0.406773015789728
1107,"K",8.82011770178313
1108,"F",3.96583831450545
1109,"T",13.1088209637384
1110,"E",4.21718851234305
1111,"M",6.66466498367013
1112,"T",4.80573515780489
1113,"N",6.8697302659672
1114,"A",1.90771557934883
1115,"C",5.55826502643449
1116,"K",1.70381194580458
1117,"G",1.63035837099307
1118,"M",6.21774813720261
1119,"E",NA
1120,"W",1.70159746523667
1121,"I",2.21562421378814
1122,"A",7.40473663746278
1123,"V",9.86632493014901
1124,"K",NA
1125,"I",4.71537969382523
1126,"Q",12.8493087803072
1127,"K",2.78681172233104
1128,"F",1.6114378230948
1129,"I",10.115257304495
1130,"E",11.1939421540083
1131,"W",2.79963717046318
1132,"L",5.16803902492473
1133,"K",4.37610836588188
1134,"V",11.5318543457049
1135,"K",14.1970723922405
1136,"I",4.9447726769865
1137,"L",15.8880161243876
1138,"P",16.2919711216993
1139,"E",10.0626424001958
1140,"V",11.1190158192697
1141,"R",8.25916996947288
1142,"E",13.9100369297225
1143,"K",5.50111085094591
1144,"H",7.91939900177634
1145,"E",13.09810391642
1146,"F",3.13319089844261
1147,"L",7.75882840934219
1148,"N",12.1651937656456
1149,"R",14.0223405191213
1150,"L",3.69046935458283
1151,"K",7.45317392266535
1152,"Q",7.47350275319577
1153,"L",2.09644077432646
1154,"P",6.85904968955226
1155,"L",1.17369429644313
1156,"L",5.90888296784735
1157,"E",4.54678091899097
1158,"S",8.19717761414386
1159,"Q",1.13475339507407
1160,"I",3.78009018876574
1161,"A",11.7222911985896
1162,"T",11.5107629916686
1163,"I",2.80252418291836
1164,"E",4.58463701602049
1165,"Q",13.8282873520692
1166,"S",0.905816831597159
1167,"A",7.09643440621567
1168,"P",NA
1169,"S",3.9827254572645
1170,"Q",NA
1171,"S",17.0897150420303
1172,"D",8.08335661776662
1173,"Q",NA
1174,"E",NA
1175,"Q",11.5295968284071
1176,"L",2.67921934940252
1177,"F",1.53248823557991
1178,"S",8.73795534058794
1179,"N",NA
1180,"V",4.10083924120202
1181,"Q",9.5428049190445
1182,"Y",3.30081790575461
1183,"F",0.986523367129045
1184,"A",6.96525939275559
1185,"H",4.18768334174546
1186,"Y",7.36323524675616
1187,"C",8.07273738477768
1188,"R",NA
1189,"K",9.72775356596713
1190,"Y",5.61599231276051
1191,"A",10.0996433589847
1192,"P",NA
1193,"L",10.2059007610233
1194,"Y",2.32856430923404
1195,"A",1.76638176278831
1196,"A",10.5475383625428
1197,"E",NA
1198,"A",3.85382625063356
1199,"K",NA
1200,"R",7.16701580236641
1201,"V",2.69972984435696
1202,"F",3.06090396268746
1203,"S",7.6551562010653
1204,"L",5.87909853322345
1205,"E",NA
1206,"K",2.23010536110223
1207,"K",4.04932597955912
1208,"M",1.70834396881441
1209,"S",6.69811981605252
1210,"N",5.89096886558035
1211,"Y",1.29982429346198
1212,"I",1.6784436099797
1213,"Q",0.913444941106953
1214,"F",NA
1215,"K",0.983756419522828
1216,"S",NA
1217,"K",NA
1218,"C",2.32431679894386
1219,"R",NA
1220,"I",NA
1221,"E",NA
1222,"P",NA
1223,"V",NA
1224,"C",NA
1225,"L",6.6154842012197
1226,"L",1.42407948888999
1227,"L",2.91414397894181
1228,"H",NA
1229,"G",NA
1230,"S",8.44162806553932
1231,"P",NA
1232,"G",NA
1233,"A",6.48805194615862
1234,"G",NA
1235,"K",NA
1236,"S",NA
1237,"V",3.25618957674663
1238,"A",2.26104275470548
1239,"T",NA
1240,"N",4.59200084598904
1241,"L",2.15632156620895
1242,"I",3.23375901155026
1243,"G",NA
1244,"R",NA
1245,"S",7.94884983358874
1246,"L",1.77726062165776
1247,"A",3.48462620412824
1248,"E",8.6775425214946
1249,"K",5.08075854763631
1250,"L",3.02068125494997
1251,"N",13.7498633656947
1252,"S",2.39044844723
1253,"S",5.79703232580926
1254,"V",5.9147793953642
1255,"Y",NA
1256,"S",1.44384977554383
1257,"L",1.12360435025166
1258,"P",NA
1259,"P",NA
1260,"D",NA
1261,"P",1.82441737549552
1262,"D",7.69710071150481
1263,"H",0.715948308602599
1264,"F",1.23494508162794
1265,"D",NA
1266,"G",0.634843582853603
1267,"Y",NA
1268,"K",NA
1269,"Q",7.32430564523458
1270,"Q",2.42408365927347
1271,"A",8.72910249439957
1272,"V",2.87807418732563
1273,"V",1.16617168887384
1274,"I",NA
1275,"M",1.02501221945129
1276,"D",NA
1277,"D",NA
1278,"L",NA
1279,"C",5.58555515198821
1280,"Q",NA
1281,"N",NA
1282,"P",NA
1283,"D",0.728216903696924
1284,"G",NA
1285,"K",7.07479232634248
1286,"D",NA
1287,"V",1.74648551167804
1288,"S",2.06422541457999
1289,"L",1.94417057698027
1290,"F",NA
1291,"C",NA
1292,"Q",NA
1293,"M",NA
1294,"V",NA
1295,"S",NA
1296,"S",0.730190930815661
1297,"V",NA
1298,"D",2.05370099190374
1299,"F",NA
1300,"V",8.83752751319986
1301,"P",2.60470397529922
1302,"P",NA
1303,"M",NA
1304,"A",NA
1305,"A",3.64407461128689
1306,"L",0.874279478242445
1307,"E",NA
1308,"E",3.47535560415774
1309,"K",NA
1310,"G",NA
1311,"I",8.76409028982334
1312,"L",10.7371647782278
1313,"F",NA
1314,"T",8.65340391736131
1315,"S",1.10004321737701
1316,"P",12.1017572915236
1317,"F",1.91105556397631
1318,"V",2.00948337817508
1319,"L",1.20104454255822
1320,"A",1.62881705580479
1321,"S",NA
1322,"T",NA
1323,"N",NA
1324,"A",5.54767040438625
1325,"G",4.32459556185501
1326,"S",4.33343921083956
1327,"I",1.67305371614365
1328,"N",2.47352237030567
1329,"A",NA
1330,"P",2.65189617238946
1331,"T",NA
1332,"V",2.42911105379375
1333,"S",NA
1334,"D",NA
1335,"S",3.18971504618383
1336,"R",NA
1337,"A",NA
1338,"L",1.21090470802523
1339,"A",8.9030003990776
1340,"R",1.57525642108155
1341,"R",NA
1342,"F",0.253447163458588
1343,"H",10.7255513079613
1344,"F",3.82820958528582
1345,"D",NA
1346,"M",4.13756984320809
1347,"N",NA
1348,"I",2.8498515652406
1349,"E",NA
1350,"V",5.43818857800667
1351,"I",4.70900083340849
1352,"S",4.89662953134342
1353,"M",8.16248813984652
1354,"Y",0.545353775721484
1355,"S",7.77406152514435
1356,"Q",14.2772255620163
1357,"N",6.52060749782072
1358,"G",5.03115536657653
1359,"K",4.96377766629698
1360,"I",2.7750162085707
1361,"N",10.124768823791
1362,"M",1.55429532814758
1363,"P",9.60040648269313
1364,"M",12.5842326498052
1365,"S",4.05566186920538
1366,"V",3.49940111129921
1367,"K",14.9203359512361
1368,"T",10.8962481822034
1369,"C",NA
1370,"D",10.7328675712835
1371,"D",8.49264102660056
1372,"E",5.62632192975226
1373,"C",0.651950808104979
1374,"C",10.497494457836
1375,"P",6.91582174064666
1376,"V",10.921706942575
1377,"N",NA
1378,"F",1.25739783417212
1379,"K",0.925353227356703
1380,"K",4.81391642569933
1381,"C",NA
1382,"C",6.7986484008356
1383,"P",2.69403320334288
1384,"L",1.50665702332301
1385,"V",0.997773970752622
1386,"C",3.13014643749044
1387,"G",NA
1388,"K",3.56282698041516
1389,"A",3.24786619221364
1390,"I",4.88485709318194
1391,"Q",1.17754898749229
1392,"F",3.21515790271471
1393,"I",15.7383356159803
1394,"D",1.12045198816086
1395,"R",1.13765370227799
1396,"R",11.8708052450876
1397,"T",9.19170960959403
1398,"Q",2.07557981325765
1399,"V",6.14965141002074
1400,"R",NA
1401,"Y",6.29006222272664
1402,"S",2.16821472790963
1403,"L",3.82502896238372
1404,"D",NA
1405,"M",5.66249898721559
1406,"L",1.98873991443568
1407,"V",2.02256398902271
1408,"T",8.75223626648426
1409,"E",NA
1410,"M",2.16970027023232
1411,"F",9.79064222345155
1412,"R",9.69768662755485
1413,"E",7.68121009211709
1414,"Y",2.05161158391272
1415,"N",9.25600965594272
1416,"H",20.1774728885573
1417,"R",2.48617123227213
1418,"H",15.2631803216216
1419,"S",8.6004569057861
1420,"V",1.35295134438307
1421,"G",12.8557966230827
1422,"T",10.2641266488044
1423,"T",10.0918018021495
1424,"L",1.08065583925216
1425,"E",8.66865994526943
1426,"A",6.00831344564685
1427,"L",0.939538986739291
1428,"F",NA
1429,"Q",NA
1430,"G",0.673645603202191
1431,"P",14.9676933233238
1432,"P",14.0955309183841
1433,"V",7.83392957986901
1434,"Y",NA
