site,wildtype,wtAA,mutAA,p3_L2_hela_RPE
1416,CAT,H,*,3.2618189480065615e-5
1417,AGA,R,*,-3.203426503814918e-16
1418,CAT,H,*,3.0399858669062796e-5
1419,AGC,S,*,-3.562459265404172e-4
1420,GTG,V,*,3.166850155054472e-5
1421,GGG,G,*,-5.028604273502347e-4
1422,ACC,T,*,-3.7991991002045e-4
1423,ACG,T,*,-4.486964317256656e-4
1424,CTT,L,*,-2.4569299260756602e-5
1425,GAG,E,*,-3.6116367563655686e-4
1426,GCA,A,*,-1.9410846581351546e-5
1427,CTG,L,*,-4.979548822228621e-5
1428,TTC,F,*,0
1429,CAG,Q,*,-1.1200457613814393e-5
1430,GGA,G,*,2.808834819290641e-4
1431,CCA,P,*,-8.869746798993301e-4
1432,CCA,P,*,7.97901762925174e-4
1433,GTA,V,*,6.205422774567468e-4
1434,TAC,Y,*,-1.667884224657974e-4
1435,AGA,R,*,2.2171061547318613e-4
1436,GAG,E,*,8.81268005670992e-4
1437,ATC,I,*,-2.7439360192911636e-4
1438,AAA,K,*,1.1204680900923143e-5
1439,ATT,I,*,9.788550583989174e-5
1440,AGC,S,*,-2.3091362108432225e-4
1441,GTT,V,*,2.4169855906845008e-4
1442,GCA,A,*,5.658755010143874e-4
1443,CCA,P,*,-3.040997737386492e-4
1444,GAG,E,*,-2.913775140792162e-4
1445,ACA,T,*,-1.9879601492165836e-4
1446,CCA,P,*,-6.462470387845899e-4
1447,CCA,P,*,-5.30563337204674e-4
1448,CCG,P,*,-9.841547101831925e-5
1449,CCC,P,*,-3.2043152769063965e-4
1450,GCC,A,*,-1.9556510654732896e-4
1451,ATT,I,*,9.694682088790599e-5
1452,GCG,A,*,0.0014182326080193158
1453,GAC,D,*,-2.1265790847250403e-5
1454,CTG,L,*,-2.0809285742973756e-4
1455,CTC,L,*,0.0016022199423902375
1456,AAA,K,*,1.9253480908029425e-4
1457,TCG,S,*,2.7656953821730623e-4
1458,GTA,V,*,1.7002986538278324e-4
1459,GAC,D,*,-4.104961371138844e-4
1460,AGT,S,*,9.925545416581697e-5
1461,GAG,E,*,-2.676230687958631e-4
1462,GCT,A,*,4.02990030035301e-4
1463,GTG,V,*,-6.001207952967079e-4
1464,AGG,R,*,6.422081140458993e-4
1465,GAG,E,*,-3.9490283405749184e-4
1466,TAC,Y,*,-1.0172466726414643e-4
1467,TGC,C,*,1.9242120405890792e-4
1468,AAA,K,*,4.1264788465564066e-4
1469,GAA,E,*,-5.699912390300329e-4
1470,AAA,K,*,1.9465626245572583e-4
1471,GGA,G,*,-1.0368118430835026e-4
1472,TGG,W,*,-5.112696527797526e-5
1473,TTG,L,*,-6.489947203165187e-4
1474,GTT,V,*,-8.902649908260627e-4
1475,CCT,P,*,2.266940938542643e-4
1476,GAG,E,*,0.0011471987559149796
1477,ATC,I,*,3.2043724571659575e-4
1478,AAC,N,*,-6.142450180343874e-4
1479,TCC,S,*,-5.557509866655285e-4
1480,ACC,T,*,5.585835844374249e-4
1481,CTC,L,*,-4.0424686067524024e-5
1482,CAA,Q,*,6.878687589367954e-4
1483,ATT,I,*,-4.2910796746292593e-4
1484,GAG,E,*,-2.7209780784100444e-4
1485,AAA,K,*,-0.8367165789671447
1486,CAT,H,*,-1.1818453875370877e-4
1487,GTC,V,*,-2.0146572674548468e-4
1488,AGT,S,*,3.3954139446680504e-4
1489,CGG,R,*,3.8723199395534936e-5
1490,GCT,A,*,-2.463345691295717e-4
1491,TTC,F,*,5.6304546905996986e-5
1492,ATT,I,*,2.7750768273270855e-5
1493,TGC,C,*,-5.162408853405837e-4
1494,TTA,L,*,-5.9247679093631647e-5
1495,CAG,Q,*,3.524771888695639e-5
1496,GCA,A,*,0
1497,TTG,L,*,-3.425612084507333e-4
1498,ACC,T,*,3.4476291954807233e-05
1499,ACA,T,*,0
1500,TTT,F,*,0
1501,GTG,V,*,2.4809562835719968e-5
1502,TCA,S,*,5.375299689840896e-4
1503,GTG,V,*,-1.1071596157215904e-4
1504,GCT,A,*,-2.1752841008742336e-4
1505,GGA,G,*,-6.640587096686578e-5
1506,ATC,I,*,5.382564667357384e-4
1507,ATA,I,*,5.815255934668496e-5
1508,TAT,Y,*,4.3471648133750564e-4
1509,ATA,I,*,-3.1228682434786747e-4
1510,ATA,I,*,1.3112295791937556e-4
1511,TAT,Y,*,1.6994143419342249e-4
1512,AAG,K,*,-4.493132336662438e-5
1513,CTC,L,*,2.1677021955022755e-4
1514,TTT,F,*,-4.944963057148923e-4
1515,GCG,A,*,0
1516,GGT,G,*,4.444519785874595e-5
1517,TTT,F,*,-7.89430543074711e-5
1518,CAA,Q,*,5.470544016957159e-5
1519,GGT,G,*,-2.3371696014112573e-5
1520,GCT,A,*,1.299612070871823e-4
1521,TAT,Y,*,0
1522,ACA,T,*,1.2397559538526875e-4
1523,GGA,G,*,-2.4068846961455424e-5
1524,GTG,V,*,3.0404687039097136e-4
1525,CCC,P,*,-2.184003291926658e-4
1526,AAC,N,*,-0.0011174556579849626
1527,CAG,Q,*,-9.841787768956746e-4
1528,AAG,K,*,-4.546303668422449e-4
1529,CCC,P,*,-0.001071392836235618
1530,AGA,R,*,-5.151369399434585e-4
1531,GTG,V,*,4.173557592903219e-4
1532,CCT,P,*,-3.203426503814918e-16
1533,ACC,T,*,-3.100286263895909e-5
1534,CTG,L,*,-1.3129836759369028e-4
1535,AGG,R,*,3.4772373690199476e-5
1536,CAA,Q,*,5.65530620097871e-4
1537,GCA,A,*,1.0500716916513753e-6
1538,AAA,K,*,-8.734892181334854e-4
1539,GTG,V,*,-1.2357521832294617e-5
1540,CAA,Q,*,2.059546876710265e-5
1541,GGC,G,*,3.854197745170971e-5
1542,CCT,P,*,1.2708649817080167e-4
1543,GCC,A,*,4.8551416409562607e-4
1544,TTT,F,*,3.203426503814917e-16
1545,GAG,E,*,-2.8993214882145875e-5
1546,TTC,F,*,0
1547,GCC,A,*,-4.410438238661688e-5
1548,GTC,V,*,-3.487626395035621e-4
1549,GCA,A,*,-2.1615966711486192e-4
1550,ATG,M,*,2.6834349359583663e-6
1551,ATG,M,*,1.2177583618872067e-5
1552,AAA,K,*,-1.884921082340989e-4
1553,AGG,R,*,6.216045252375412e-5
1554,AAC,N,*,-2.49466380572212e-6
1555,TCA,S,*,-3.8635208503875476e-4
1556,AGC,S,*,-7.566985029527974e-4
1557,ACG,T,*,5.272986627925914e-4
1558,GTG,V,*,-4.989168320527079e-5
1559,AAA,K,*,3.4096981710060267e-4
1560,ACT,T,*,1.116487766037329e-4
1561,GAA,E,*,-5.78859523796002e-4
1562,TAT,Y,*,-3.4762534217777326e-4
1563,GGC,G,*,3.203426503814917e-16
1564,GAG,E,*,9.56187663661859e-7
1565,TTT,F,*,-1.9845811095669318e-4
1566,ACC,T,*,1.6319151526060773e-5
1567,ATG,M,*,3.78857413989511e-5
1568,CTG,L,*,-3.121026731075876e-5
1569,GGC,G,*,0
1570,ATC,I,*,2.8704453281030567e-4
1571,TAT,Y,*,-3.288035659825878e-5
1572,GAC,D,*,-2.591439147220261e-4
1573,AGG,R,*,3.3286981805590196e-5
1574,TGG,W,*,-1.289047953304801e-4
1575,GCC,A,*,2.0561670771013978e-5
1576,GTT,V,*,-2.1412395025984353e-5
1577,TTG,L,*,3.0436770255871975e-5
1578,CCA,P,*,3.203426503814917e-16
1579,CGC,R,*,-1.4628221522028573e-4
1580,CAC,H,*,3.102066697358796e-5
1581,GCC,A,*,-1.5236051608031394e-4
1582,AAA,K,*,5.704978317648368e-4
1583,CCT,P,*,4.935598341347379e-5
1584,GGG,G,*,9.902701484462126e-5
1585,CCA,P,*,-7.833374430701063e-4
1586,ACC,T,*,-4.37491241883274e-4
1587,ATC,I,*,-3.432179727184851e-4
1588,TTG,L,*,-5.03858236122125e-4
1589,ATG,M,*,-3.584746767559417e-4
1590,AAT,N,*,-3.375067381056819e-4
1591,GAT,D,*,-2.118536401236393e-4
1592,CAA,Q,*,-7.584319728917744e-4
1593,GAG,E,*,-5.483639757237715e-4
1594,GTT,V,*,3.2781740648056074e-4
1595,GGT,G,*,0.001596169573196353
1596,GTG,V,*,-2.5821766518740693e-4
1597,CTA,L,*,8.789308738064632e-4
1598,GAT,D,*,7.856337294187865e-5
1599,GCC,A,*,-1.3580202155575355e-4
1600,AAG,K,*,1.3472336800827707e-4
1601,GAG,E,*,-4.558484826765744e-4
1602,CTA,L,*,1.5402364815829353e-5
1603,GTA,V,*,-6.912476822367314e-5
1604,GAC,D,*,-8.288316081889054e-5
1605,AAG,K,*,-5.865806632655804e-4
1606,GAC,D,*,-1.4055026037604302e-4
1607,GGC,G,*,-5.500919080177249e-4
1608,ACC,T,*,3.4237669016829705e-4
1609,AAC,N,*,1.1545855696053305e-5
1610,TTA,L,*,7.286800776276993e-6
1611,GAA,E,*,1.0000169302313981
1612,CTG,L,*,8.68745218629098e-5
1613,ACA,T,*,4.2639534480198174e-5
1614,CTA,L,*,-5.62488667127018e-4
1615,CTC,L,*,-4.8178069813601825e-4
1616,AAA,K,*,-5.345128423875443e-4
1617,TTG,L,*,-2.185010291642905e-6
1618,AAC,N,*,-2.5493399183539874e-4
1619,CGG,R,*,-1.3411958355953116e-5
1620,AAT,N,*,-2.1487651503577105e-4
1621,GAG,E,*,-0.0010734593456159759
1622,AAG,K,*,-6.234015593004573e-5
1623,TTC,F,*,9.158246630525387e-6
1624,AGA,R,*,3.203426503814917e-16
1625,GAC,D,*,-1.1651968691921677e-5
1626,ATC,I,*,-8.067160634027435e-5
1627,AGA,R,*,3.203426503814917e-16
1628,GGC,G,*,-5.445783684936006e-4
1629,TTC,F,*,-1.7831454354493871e-4
1630,TTA,L,*,5.1042852506833834e-5
1631,GCC,A,*,-4.52554067074126e-5
1632,AAG,K,*,-0.0012318783945873195
1633,GAG,E,*,-5.9993558605332976e-5
1634,GAA,E,*,-0.0017603314234630476
1635,GTG,V,*,1.49319739884167e-4
1636,GAG,E,*,-0.846932022420033
1637,GTT,V,*,-2.8276715097234206e-4
1638,AAT,N,*,2.8849723428135774e-4
1639,GAG,E,*,-6.778209447559156e-4
1640,GCA,A,*,1.3446225902352446e-4
1641,GTG,V,*,-2.845610085954115e-4
1642,CTA,L,*,-4.441853105281763e-6
1643,GCA,A,*,-8.110266245780877e-5
1644,ATT,I,*,2.370633227618516e-5
1645,AAC,N,*,1.3604846349255735e-5
1646,ACC,T,*,-6.16840883508175e-5
1647,AGC,S,*,-2.2340373905746326e-4
1648,AAG,K,*,-1.0160272473146936e-4
1649,TTT,F,*,3.082908242456769e-5
1650,CCC,P,*,-1.0564029980431853e-5
1651,AAC,N,*,1.168022360632671e-4
1652,ATG,M,*,4.4187455169970375e-5
1653,TAC,Y,*,1.7707144259183755e-4
1654,ATT,I,*,7.85957032415817e-5
1655,CCA,P,*,0
1656,GTA,V,*,-1.6017132519074588e-16
1657,GGA,G,*,-1.6017132519074588e-16
1658,CAG,Q,*,-3.752382605257964e-5
1659,GTC,V,*,-3.411531235609322e-5
1660,ACA,T,*,-6.024782057327857e-4
1661,GAA,E,*,-1.5194239005644804e-4
1662,TAC,Y,*,4.2983080040670935e-5
1663,GGC,G,*,0
1664,TTC,F,*,1.7651338232141338e-5
1665,CTA,L,*,-1.3459750479052218e-4
1666,AAC,N,*,2.842035701304314e-4
1667,CTA,L,*,0
1668,GGT,G,*,-3.996667945895649e-4
1669,GGC,G,*,3.203426503814917e-16
1670,ACA,T,*,0.0010871611127663665
1671,CCC,P,*,2.621143688533841e-5
1672,ACC,T,*,-2.1385306411556988e-5
1673,AAG,K,*,-2.78364562223572e-4
1674,AGA,R,*,-1.4543642068226587e-6
1675,ATG,M,*,-8.546634581569949e-5
1676,CTT,L,*,-5.223390988719057e-6
1677,ATG,M,*,6.870012039676195e-5
1678,TAC,Y,*,0
1679,AAC,N,*,1.2165852220923576e-5
1680,TTC,F,*,3.203426503814917e-16
1681,CCC,P,*,-4.035287569392556e-6
1682,ACA,T,*,0
1683,AGA,R,*,-6.96773128359299e-5
1684,GCA,A,*,4.366429078037328e-5
1685,GGC,G,*,3.203426503814917e-16
1686,CAG,Q,*,-7.52131985446152e-5
1687,TGT,C,*,-1.6017132519074588e-16
1688,GGT,G,*,0
1689,GGA,G,*,-1.6017132519074588e-16
1690,GTG,V,*,-1.125724591504483e-4
1691,CTC,L,*,3.203426503814917e-16
1692,ATG,M,*,1.2434400832141018e-4
1693,TCC,S,*,-3.047900711927216e-4
1694,ACC,T,*,7.268221202878123e-5
1695,GGC,G,*,0
1696,AAG,K,*,1.061154836594114e-4
1697,GTA,V,*,-3.1539898845968695e-5
1698,CTG,L,*,4.842924608174793e-5
1699,GGT,G,*,-7.941683026640176e-6
1700,ATC,I,*,-3.4151477403406374e-4
1701,CAT,H,*,4.916331569808614e-6
1702,GTT,V,*,-3.017677136853092e-6
1703,GGT,G,*,0
1704,GGA,G,*,0
1705,AAT,N,*,1.6568258951680853e-5
1706,GGC,G,*,-1.6017132519074588e-16
1707,CAT,H,*,-8.477162832937203e-6
1708,CAG,Q,*,-4.167823161650922e-6
1709,GGC,G,*,0
1710,TTC,F,*,3.203426503814917e-16
1711,TCA,S,*,9.335276607512486e-5
1712,GCA,A,*,0
1713,GCA,A,*,2.61142868804917e-4
1714,CTC,L,*,1.0733130139125709e-4
1715,CTC,L,*,-8.026108390157473e-4
1716,AAA,K,*,-4.3885475096239125e-4
1717,CAC,H,*,-4.4867921341090587e-4
1718,TAC,Y,*,0
1719,TTC,F,*,-1.6017132519074588e-16
1720,AAT,N,*,-8.325230397950767e-5
1721,GAT,D,*,5.183875520178393e-5
1722,GAG,E,*,-1.3267423498092512e-4
1723,CAA,Q,*,1.7986218281638551e-6
1724,GGT,G,*,-1.6017132519074588e-16
1725,GAA,E,*,-7.580059575673097e-4
1726,ATA,I,*,3.605383144483492e-5
1727,GAA,E,*,-6.341003969289824e-4
1728,TTT,F,*,-9.457057590643198e-4
1729,ATT,I,*,7.971903017191115e-6
1730,GAG,E,*,-3.723681908083518e-4
1731,AGC,S,*,8.892347560308907e-4
1732,TCA,S,*,-1.1795722789260458e-4
1733,AAG,K,*,-0.0010847111226392197
1734,GAC,D,*,3.7033024316599937e-4
1735,GCC,A,*,1.2667779816623756e-4
1736,GGG,G,*,-7.145447683899134e-5
1737,TTT,F,*,-1.6370357422675636e-4
1738,CCA,P,*,-2.6480331341042324e-4
1739,GTC,V,*,-7.842761675293588e-4
1740,ATC,I,*,-3.8178324915520513e-5
1741,AAC,N,*,-6.0160046473551414e-5
1742,ACA,T,*,-1.3130113563076368e-4
1743,CCA,P,*,9.635939935122943e-5
1744,AGT,S,*,3.6096590435839024e-4
1745,AAA,K,*,3.8955819012054536e-4
1746,ACA,T,*,2.8361726256619474e-5
1747,AAG,K,*,-4.894638258433747e-5
1748,TTG,L,*,4.166588257587408e-4
1749,GAG,E,*,1.7044042270822335e-4
1750,CCT,P,*,-1.1590365966370268e-4
1751,AGT,S,*,-1.6017132519074588e-16
1752,GTT,V,*,8.803136944136492e-5
1753,TTC,F,*,-1.2294464953996353e-5
1754,CAC,H,*,-5.078350822864062e-4
1755,CAG,Q,*,3.021029936599507e-4
1756,GTC,V,*,1.7065971434872853e-4
1757,TTT,F,*,3.203426503814917e-16
1758,GAG,E,*,-1.0161107269989167e-4
1759,GGG,G,*,-1.1796751517466693e-5
1760,AAC,N,*,9.270190136207706e-4
1761,AAA,K,*,-3.08832184382778e-5
1762,GAA,E,*,-3.884091636799543e-6
1763,CCA,P,*,-1.6017132519074588e-16
1764,GCA,A,*,-4.379923685936637e-5
1765,GTA,V,*,1.7117608391509134e-5
1766,CTC,L,*,-2.5399254994184025e-4
1767,AGG,R,*,5.02942173848973e-6
1768,AGT,S,*,7.250349181309611e-5
1769,GGG,G,*,-9.396818002517242e-4
1770,GAT,D,*,1.0484511843135026e-5
1771,CCA,P,*,-2.589444968481541e-4
1772,CGT,R,*,-1.6017132519074588e-16
1773,CTC,L,*,-1.5895546302134068e-4
1774,AAG,K,*,2.075918281347669e-4
1775,GCC,A,*,2.2843994783060866e-4
1776,AAT,N,*,-2.6779112791193786e-5
1777,TTT,F,*,0
1778,GAA,E,*,8.4497161200591e-4
1779,GAG,E,*,0.0015230131176534613
1780,GCT,A,*,-2.665743056350351e-4
1781,ATA,I,*,7.249646234459984e-5
1782,TTT,F,*,1.6040192762263622e-5
1783,TCC,S,*,-4.884094356338502e-4
1784,AAG,K,*,8.368805438427294e-7
1785,TAT,Y,*,0
1786,ATA,I,*,-1.089326018360325e-4
1787,GGA,G,*,0
1788,AAT,N,*,3.3116933245792825e-5
1789,GTC,V,*,-6.696864816421e-4
1790,AAC,N,*,-1.7574326314606572e-4
1791,ACA,T,*,6.937880770274098e-4
1792,CAC,H,*,-4.3877857858559785e-4
1793,GTG,V,*,-9.965976447131293e-5
1794,GAT,D,*,6.224642949974915e-6
1795,GAG,E,*,-2.070895759204441e-4
1796,TAC,Y,*,2.9770129535796653e-4
1797,ATG,M,*,8.592607656851397e-5
1798,CTG,L,*,-3.5519632822388194e-4
1799,GAA,E,*,-6.1715603075608066e-6
1800,GCA,A,*,-5.389778991338563e-6
1801,GTG,V,*,-1.5356283296994654e-4
1802,GAC,D,*,-4.9027892824050345e-5
1803,CAC,H,*,4.50419065034934e-4
1804,TAC,Y,*,3.203426503814917e-16
1805,GCA,A,*,1.1219659298848126e-4
1806,GGC,G,*,-9.255476539151054e-4
1807,CAA,Q,*,-5.382464408697328e-4
1808,CTA,L,*,-5.029107134351711e-7
1809,GCC,A,*,-7.809399806542588e-4
1810,ACC,T,*,-2.016551657548033e-4
1811,CTA,L,*,1.6089629843717498e-4
1812,GAT,D,*,-5.620574264042651e-4
1813,ATC,I,*,-5.8832956472186675e-6
1814,AGC,S,*,1.5962657399136475e-4
1815,ACT,T,*,-3.8446526861422625e-4
1816,GAA,E,*,-3.456482478142554e-4
1817,CCA,P,*,2.924678763313082e-5
1818,ATG,M,*,1.1713490877257722e-4
1819,AAA,K,*,3.4967066111973226e-4
1820,CTG,L,*,-2.654582596374365e-5
1821,GAG,E,*,4.418267536774023e-4
1822,GAC,D,*,2.2952372663821003e-4
1823,GCA,A,*,-3.789025976036231e-5
1824,GTG,V,*,-1.113353433520253e-4
1825,TAC,Y,*,4.905682651060864e-6
1826,GGT,G,*,3.203426503814917e-16
1827,ACC,T,*,-1.555003409686374e-4
1828,GAG,E,*,-7.601151967776229e-4
1829,GGT,G,*,-1.6017132519074588e-16
1830,CTT,L,*,-2.6601133182739646e-5
1831,GAG,E,*,-2.8423677518207873e-4
1832,GCG,A,*,-1.8953783442973664e-4
1833,CTT,L,*,4.0272773831413126e-4
1834,GAT,D,*,-1.2466494650362708e-6
1835,CTA,L,*,6.635444354684282e-5
1836,ACA,T,*,-8.334188037790562e-4
1837,ACG,T,*,-4.163654171516443e-5
1838,AGT,S,*,5.6914414702080975e-5
1839,GCC,A,*,2.066002972802514e-5
1840,GGT,G,*,0
1841,TAC,Y,*,7.568622005693848e-5
1842,CCA,P,*,0
1843,TAT,Y,*,-2.885235235711681e-5
1844,GTT,V,*,-2.7607218358420283e-4
1845,GCA,A,*,-1.8916998065845152e-4
1846,CTG,L,*,-2.3104500247305744e-4
1847,GGT,G,*,5.1969721436953874e-5
1848,ATC,I,*,1.5875686540202543e-4
1849,AAG,K,*,-2.4013704472824373e-4
1850,AAG,K,*,-4.276683134969404e-6
1851,AGG,R,*,1.1079488946073984e-4
1852,GAC,D,*,-5.5964651325080155e-5
1853,ATC,I,*,-1.4226935287209883e-4
1854,CTC,L,*,-1.2768030861369306e-4
1855,TCT,S,*,-4.776516502413272e-5
1856,AAG,K,*,-7.458982431837248e-4
1857,AAG,K,*,-9.141705616693897e-4
1858,ACT,T,*,1.5336751719058507e-4
1859,AAG,K,*,-9.005086018730324e-5
1860,GAC,D,*,-2.955706777600619e-4
1861,CTA,L,*,-4.100486585544818e-5
1862,ACA,T,*,2.5342917476171227e-4
1863,AAG,K,*,2.6736979971023894e-4
1864,TTA,L,*,-1.8184004658100127e-4
1865,AAG,K,*,-3.853737415483916e-6
1866,GAA,E,*,-5.266820304749266e-4
1867,TGT,C,*,2.803333913393951e-4
1868,ATG,M,*,4.3152594228148655e-4
1869,GAC,D,*,-2.185509551250614e-4
1870,AAG,K,*,-2.7941350129821975e-5
1871,TAT,Y,*,-1.0565893383360483e-4
1872,GGC,G,*,0
1873,CTG,L,*,3.700091465609893e-4
1874,AAC,N,*,5.5360174224744805e-5
1875,CTA,L,*,-0.00012630458933475189
1876,CCA,P,*,0
1877,ATG,M,*,-1.163005872328619e-5
1878,GTG,V,*,-6.612110675454592e-6
1879,ACT,T,*,5.6307618853859056e-5
1880,TAT,Y,*,-1.6920262769008163e-4
1881,GTA,V,*,-6.146042515634197e-5
1882,AAA,K,*,-1.6017132519074588e-16
1883,GAT,D,*,1.4786572725911039e-5
1884,GAG,E,*,3.203426503814917e-16
1885,CTC,L,*,-3.236532532303446e-7
1886,AGG,R,*,-4.8134971037814585e-4
1887,TCC,S,*,-1.923707853575942e-5
1888,ATA,I,*,7.90312214237648e-4
1889,GAG,E,*,9.094469822084731e-5
1890,AAG,K,*,-1.9471644354487902e-4
1891,GTA,V,*,6.209847061998612e-6
1892,GCG,A,*,-0.0011040874353160615
1893,AAA,K,*,-5.021769166583644e-4
1894,GGA,G,*,3.203426503814917e-16
1895,AAG,K,*,-4.970726035474142e-4
1896,TCT,S,*,-4.305130835404394e-6
1897,AGG,R,*,-7.928311767100306e-6
1898,CTG,L,*,-2.4210848023164375e-4
1899,ATT,I,*,-1.099887329597837e-4
1900,GAG,E,*,5.6879666033616505e-6
1901,GCG,A,*,-1.2403139518346552e-5
1902,TCC,S,*,-2.6699069265626225e-4
1903,AGT,S,*,-4.258405578609376e-6
1904,TTG,L,*,1.827262734428199e-4
1905,AAT,N,*,-4.312865767732646e-6
1906,GAT,D,*,-8.666914410738065e-6
1907,TCA,S,*,4.847089672953945e-6
1908,GTG,V,*,9.43602798489661e-5
1909,GCG,A,*,-2.574168570051649e-4
1910,ATG,M,*,-1.8565796169776156e-4
1911,AGA,R,*,0
1912,CAG,Q,*,1.1652171839893888e-4
1913,ACA,T,*,2.1724886710001326e-4
1914,TTT,F,*,-1.2495885610365085e-4
1915,GGT,G,*,0
1916,AAT,N,*,9.994872046935654e-6
1917,CTG,L,*,-6.976890366695477e-5
1918,TAC,Y,*,-1.1845839544241197e-4
1919,AAA,K,*,-1.3767139293550143e-4
1920,ACT,T,*,-8.039557089129755e-4
1921,TTC,F,*,-4.102289052812849e-5
1922,CAC,H,*,1.4261986257518269e-5
1923,CTA,L,*,-6.762386012955992e-5
1924,AAC,N,*,-2.250105870101983e-4
1925,CCA,P,*,-3.246112162924707e-5
1926,GGG,G,*,1.4671572945751094e-5
1927,GTT,V,*,2.2721483391299294e-4
1928,GTG,V,*,-3.7032991350431426e-4
1929,ACT,T,*,4.730661707270642e-5
1930,GGT,G,*,3.203426503814917e-16
1931,AGT,S,*,1.3684222690433785e-4
1932,GCT,A,*,0
1933,GTT,V,*,-3.526206272748896e-5
1934,GGG,G,*,1.2322333291767953e-5
1935,TGT,C,*,1.1832848527046164e-5
1936,GAC,D,*,-9.463264280552777e-5
1937,CCA,P,*,3.203426503814917e-16
1938,GAC,D,*,-9.10056459369955e-6
1939,CTC,L,*,4.348508898352039e-4
1940,TTT,F,*,0
1941,TGG,W,*,-4.621360612531575e-5
1942,AGC,S,*,3.203426503814917e-16
1943,AAG,K,*,-1.4376213975162322e-4
1944,ATA,I,*,-8.312227525324632e-6
1945,CCA,P,*,-2.3109488051874222e-4
1946,GTG,V,*,-2.2094098189057008e-4
1947,ATG,M,*,-3.605367449450506e-5
1948,TTA,L,*,-1.1837907118493832e-5
1949,GAT,D,*,-5.041015496420039e-4
1950,GGA,G,*,-2.824136126687798e-4
1951,CAT,H,*,2.059574703059108e-4
1952,CTC,L,*,-1.6017132519074588e-16
1953,ATA,I,*,1.5128939509373958e-4
1954,GCA,A,*,-4.3386587271480314e-5
1955,TTT,F,*,1.0021731942734508e-4
1956,GAT,D,*,-1.6017132519074588e-16
1957,TAC,Y,*,0
1958,TCT,S,*,-3.766098035520485e-4
1959,GGG,G,*,-2.311712433729705e-5
1960,TAC,Y,*,-2.8657052967047994e-5
1961,GAT,D,*,1.6871159665431638e-5
1962,GCT,A,*,-4.280315848629798e-5
1963,AGC,S,*,-1.3834885727809476e-4
1964,TTA,L,*,-1.0992933767965159e-5
1965,AGC,S,*,-1.4913211725686011e-5
1966,CCT,P,*,-3.203426503814918e-16
1967,GTC,V,*,-1.6772890160471617e-4
1968,TGG,W,*,1.9345080136712186e-5
1969,TTT,F,*,0
1970,GCT,A,*,-8.708905146585737e-4
1971,TGC,C,*,-4.5626226907852333e-4
1972,CTA,L,*,6.07663123797855e-5
1973,AAA,K,*,5.792736186186486e-7
1974,ATG,M,*,-1.807757039300317e-4
1975,TTA,L,*,-1.3706174418397527e-4
1976,CTT,L,*,-1.6184406847062055e-4
1977,GAG,E,*,-6.98313825840657e-4
1978,AAG,K,*,-8.457131705464054e-6
1979,CTT,L,*,-6.780518201817706e-4
1980,GGA,G,*,-5.7313839106654614e-5
1981,TAC,Y,*,2.609677874004677e-4
1982,ACG,T,*,-2.96937679840346e-4
1983,CAC,H,*,-2.751128706485525e-4
1984,AAA,K,*,-7.310994668685373e-5
1985,GAG,E,*,2.1532363619191025e-4
1986,ACA,T,*,6.732614058321708e-4
1987,AAC,N,*,4.1323679885455596e-5
1988,TAC,Y,*,3.1057480585788654e-4
1989,ATT,I,*,-8.261445607375183e-4
1990,GAC,D,*,-3.1549778110628635e-4
1991,TAC,Y,*,-1.6554736755892944e-4
1992,TTG,L,*,-9.926466669373511e-5
1993,TGC,C,*,6.611276531857075e-6
1994,AAC,N,*,3.8250342312581155e-5
1995,TCC,S,*,-1.303881493713008e-6
1996,CAT,H,*,-7.915628859013724e-4
1997,CAC,H,*,-3.237026140101883e-5
1998,CTG,L,*,-1.1951093008365857e-4
1999,TAC,Y,*,-1.5068637546763179e-4
2000,AGG,R,*,-1.941208568145247e-4
2001,GAT,D,*,-1.8725527636819232e-4
2002,AAA,K,*,-9.889819224708087e-5
2003,CAT,H,*,-3.540693177677295e-5
2004,TAC,Y,*,2.6669795911118713e-6
2005,TTT,F,*,-6.897150893939265e-4
2006,GTG,V,*,-1.395857971608991e-4
2007,AGG,R,*,-2.4653271301571693e-4
2008,GGT,G,*,0
2009,GGC,G,*,-7.253397942773764e-6
2010,ATG,M,*,6.871498551175787e-5
2011,CCC,P,*,0
2012,TCG,S,*,1.219017516759452e-5
2013,GGA,G,*,0
2014,TGT,C,*,2.0742115553600365e-4
2015,TCT,S,*,0
2016,GGT,G,*,-3.203426503814918e-16
2017,ACC,T,*,3.203426503814917e-16
2018,AGT,S,*,-1.8195648540431165e-5
2019,ATT,I,*,7.828010301381593e-5
2020,TTC,F,*,-7.56819135642902e-5
2021,AAC,N,*,-4.060631860021577e-6
2022,TCA,S,*,-7.4159702089337905e-6
2023,ATG,M,*,-2.8523753653286336e-4
2024,ATT,I,*,-1.3999595815757923e-4
2025,AAC,N,*,0
2026,AAT,N,*,0
2027,ATC,I,*,-3.110708324441888e-5
2028,ATA,I,*,1.504636060309356e-5
2029,ATT,I,*,-3.464417239247041e-4
2030,AGG,R,*,-3.0507463591045182e-5
2031,ACA,T,*,2.9974124169962544e-4
2032,CTA,L,*,-3.5244048243657624e-4
2033,ATG,M,*,4.253910823519969e-6
2034,CTA,L,*,-2.1531526636811061e-4
2035,AAA,K,*,-5.852563444471375e-5
2036,GTG,V,*,-1.5699966399626233e-4
2037,TAC,Y,*,-2.710146967842219e-5
2038,AAA,K,*,-9.017602926087633e-5
2039,GGG,G,*,-7.532824878506382e-4
2040,ATT,I,*,3.225922493201811e-4
2041,GAC,D,*,-7.906891753794995e-5
2042,TTG,L,*,-4.441690497661361e-5
2043,GAC,D,*,3.030000640686354e-5
2044,CAA,Q,*,-8.641552084676617e-6
2045,TTC,F,*,-2.4199657428859168e-5
2046,AGG,R,*,6.623576068568987e-5
2047,ATG,M,*,-7.825474138081998e-5
2048,ATC,I,*,-9.052155571188056e-5
2049,GCA,A,*,0
2050,TAT,Y,*,-9.18389883076589e-6
2051,GGT,G,*,3.203426503814917e-16
2052,GAT,D,*,3.933344702896816e-6
2053,GAT,D,*,1.9603109536352573e-6
2054,GTG,V,*,1.2318649674491753e-4
2055,ATC,I,*,2.0087527126689015e-4
2056,GCA,A,*,-5.654224447659686e-5
2057,TCG,S,*,-5.050836254702141e-5
2058,TAC,Y,*,0
2059,CCA,P,*,-1.1088708786422773e-4
2060,TGG,W,*,4.2106135475152365e-4
2061,CCT,P,*,-2.2857141765235994e-4
2062,ATA,I,*,1.8532198726513651e-4
2063,GAT,D,*,-2.71811107517992e-6
2064,GCA,A,*,-4.2466880091684327e-4
2065,TCT,S,*,-5.266002757134193e-4
2066,TTA,L,*,3.5436910290293806e-4
2067,CTC,L,*,-3.5850906867662125e-5
2068,GCT,A,*,4.029882456594656e-5
2069,GAA,E,*,0.9992818129935922
2070,GCT,A,*,2.786066588264491e-4
2071,GGT,G,*,-2.6343817428965054e-4
2072,AAG,K,*,-3.0476786922338907e-4
2073,GGT,G,*,-1.5233809629151276e-4
2074,TAC,Y,*,5.3841296769599457e-5
2075,GGG,G,*,4.6381299636996986e-5
2076,CTG,L,*,-1.4768777031978183e-5
2077,ATC,I,*,5.401228080021837e-4
2078,ATG,M,*,-8.782215866177321e-5
2079,ACA,T,*,0
2080,CCA,P,*,0
2081,GCA,A,*,-5.785313577316796e-4
2082,GAT,D,*,-7.171748151862222e-5
2083,AAG,K,*,-6.629413737973544e-6
2084,GGA,G,*,1.2006543228942657e-4
2085,GAG,E,*,8.928620850889023e-5
2086,TGC,C,*,4.3123299397289426e-4
2087,TTT,F,*,-3.3386130917750998e-6
2088,AAC,N,*,6.797401650199963e-5
2089,GAA,E,*,2.1739609286647855e-4
2090,GTT,V,*,-2.4914344044843e-4
2091,ACC,T,*,1.752544500963896e-4
2092,TGG,W,*,4.347858348094661e-5
2093,ACC,T,*,2.290628310810578e-4
2094,AAC,N,*,-9.990707125380748e-5
2095,GCC,A,*,-3.616106264366605e-4
2096,ACT,T,*,-3.577457972994766e-5
2097,TTC,F,*,3.203426503814917e-16
2098,CTA,L,*,3.203426503814917e-16
2099,AAG,K,*,-3.248602098781759e-5
2100,AGG,R,*,6.096601730196987e-6
2101,TAT,Y,*,-2.227597488185067e-4
2102,TTT,F,*,0
2103,AGA,R,*,1.2581002776407498e-5
2104,GCA,A,*,-2.6117387073680575e-4
2105,GAT,D,*,2.5211913809600922e-5
2106,GAA,E,*,1.5190575401221454e-4
2107,CAG,Q,*,1.3393077579605394e-5
2108,TAC,Y,*,6.926603619984902e-5
2109,CCC,P,*,-4.8200218534301494e-5
2110,TTC,F,*,-4.03390058187149e-4
2111,CTG,L,*,-8.857796313759124e-6
2112,GTG,V,*,4.4732697895458496e-5
2113,CAT,H,*,6.799491286045468e-6
2114,CCT,P,*,0
2115,GTT,V,*,-3.203426503814918e-16
2116,ATG,M,*,1.3322050967032765e-4
2117,CCC,P,*,5.1863646202226794e-5
2118,ATG,M,*,3.8571898574706836e-7
2119,AAA,K,*,-1.8680089298290145e-4
2120,GAC,D,*,-7.736316725034885e-5
2121,ATA,I,*,5.778894331501404e-6
2122,CAC,H,*,-8.737751633685046e-4
2123,GAA,E,*,-3.437206438195758e-5
2124,TCA,S,*,-1.6017132519074588e-16
2125,ATT,I,*,-4.0409959685765066e-5
2126,AGA,R,*,3.203426503814917e-16
2127,TGG,W,*,1.1203625215244738e-4
2128,ACC,T,*,4.14242673469471e-5
2129,AAG,K,*,-7.690513612933953e-5
2130,GAT,D,*,-4.075077733280671e-4
2131,CCA,P,*,-2.059232505548769e-4
2132,AAG,K,*,-1.4083552872570803e-6
2133,AAC,N,*,9.585149970795418e-5
2134,ACC,T,*,-1.1626575647375074e-5
2135,CAA,Q,*,-2.9534088836069745e-4
2136,GAT,D,*,2.0393466274037287e-5
2137,CAC,H,*,3.205293123733602e-5
2138,GTG,V,*,-3.3287026816586964e-4
2139,CGC,R,*,-1.91436448207203e-4
2140,TCA,S,*,-2.8246211739154487e-6
2141,CTG,L,*,-8.256035633438046e-6
2142,TGT,C,*,0
2143,CTA,L,*,-3.308629599331278e-4
2144,TTA,L,*,2.0721604490432213e-4
2145,GCT,A,*,0
2146,TGG,W,*,6.386766916669549e-5
2147,CAT,H,*,-1.5363662186810853e-6
2148,AAC,N,*,-3.186916629669942e-5
2149,GGG,G,*,-1.9411880655413944e-5
2150,GAG,E,*,-7.992085145699653e-4
2151,CAC,H,*,-4.7238403835343334e-4
2152,GAA,E,*,-3.1577462046639342e-6
2153,TAT,Y,*,0
2154,GAG,E,*,3.545491613055632e-4
2155,GAG,E,*,-1.3481378414642627e-4
2156,TTC,F,*,0
2157,ATC,I,*,-5.026227066518838e-4
2158,CGT,R,*,1.0571709650862816e-4
2159,AAA,K,*,-3.696581453280936e-5
2160,ATT,I,*,7.856965064610814e-5
2161,AGA,R,*,-1.0858180261926941e-4
2162,AGC,S,*,2.1346815184284057e-4
2163,GTC,V,*,-6.16689150367529e-5
2164,CCA,P,*,6.267035629822654e-5
2165,GTC,V,*,-3.749251917282122e-4
2166,GGA,G,*,0
2167,CGT,R,*,-1.660079700279778e-5
2168,TGT,C,*,-1.1891678957056258e-4
2169,TTG,L,*,-1.352676924004523e-5
2170,ACC,T,*,1.4170265122156038e-4
2171,CTC,L,*,-1.2608150399220518e-4
2172,CCC,P,*,-3.203426503814918e-16
2173,GCG,A,*,7.689386071601227e-5
2174,TTT,F,*,3.3448885353381315e-4
2175,TCA,S,*,3.4946270942474566e-4
2176,ACT,T,*,-1.8013914913357298e-4
2177,CTA,L,*,-2.3455420488774375e-6
2178,CGC,R,*,3.203426503814917e-16
2179,AGG,R,*,-3.6367371547484814e-8
2180,AAA,K,*,2.9200256426533102e-5
2181,TGG,W,*,1.1273994315150366e-5
2182,TTG,L,*,2.8796421775974044e-5
2183,GAC,D,*,1.734295596488636e-4
2184,TCC,S,*,2.681545283261957e-4
2185,TTT,F,*,0
