"site","wildtype","p1_L1_virus_rep1","p1_L1_virus_rep2","p1_L1_virus_rep3","p1_L1_virus_rep4","p1_L2_virus_rep1","p1_L2_virus_rep2","p1_L2_virus_rep3","p1_L2_virus_rep4"
1,"ATG",0,0,0,0,0,0,0,0
2,"GGA",0,0,0,0,0,0,0,0
3,"GCT",0,0,0,0,0,0,0,0
4,"CAA",0,0,0,0,0,0,0,0
5,"GTA",0,0,0,0,0,0,0,0
6,"TCA",-4.92114866897992e-05,-6.13410701375276e-05,-6.21488087301153e-05,-3.22510996755087e-05,3.86700471817998e-06,1.64885912635988e-05,-3.38540659709343e-06,-2.67291790510529e-05
7,"ACG",0,0,0,0,0,0,0,0
8,"CAA",0,0,0,0,0,0,0,0
9,"AAG",0,0,0,0,0,0,0,0
10,"ACT",0,0,0,0,0,0,0,0
11,"GGG",0,0,0,0,0,0,0,0
12,"GCA",0,0,0,0,0,0,0,0
13,"CAT",0,0,0,0,0,0,0,0
14,"GAG",0,0,0,0,0,0,0,0
15,"ACC",0,0,0,0,0,0,0,0
16,"AGG",-6.93656290174528e-05,-9.07083492366537e-05,-9.61295171945423e-05,-8.63710729371135e-05,-9.38196609255668e-05,-0.000106166088492855,-8.84180275302434e-05,-8.24113569101567e-05
17,"CTG",1.37319926730697e-05,3.05597394959042e-06,-7.44637861199229e-06,-1.1928756433862e-06,7.49860516596091e-05,-6.76185561416889e-06,1.29910031801762e-05,7.0575551256305e-05
18,"AAT",0,0,0,0,0,0,0,0
19,"GCT",0,0,0,0,0,0,0,0
20,"AGC",-0.00012181613573589,-0.000120975642612091,-0.00012096944805019,-8.56438858905081e-05,-4.83509226073209e-05,-4.4701030896446e-05,-9.13731445923706e-06,1.38464831271878e-06
21,"GGC",0,0,0,0,0,0,0,0
22,"AAT",0,0,0,0,0,0,0,0
23,"TCC",0,0,0,0,-5.92975946562567e-06,2.99465529028501e-06,2.51705312944449e-06,1.41255837881281e-05
24,"ATC",0,0,0,0,0,0,0,0
25,"ATT",0,0,0,0,0,0,0,0
26,"CAC",0,0,0,0,0,0,0,0
27,"TAC",0,0,0,0,0,0,0,0
28,"ACA",0,0,0,0,0,0,0,0
29,"AAT",0,0,0,0,0,0,0,0
30,"ATT",0,0,0,0,0,0,0,0
31,"AAT",0,0,0,0,0,0,0,0
32,"TAT",0,0,0,0,0,0,0,0
33,"TAC",0,0,0,0,0,0,0,0
34,"AAG",0,0,0,0,0,0,0,0
35,"GAT",0,0,0,0,0,0,0,0
36,"GCC",0,0,0,0,0,0,0,0
37,"GCA",0,0,0,0,0,0,0,0
38,"TCC",-1.68611877566814e-05,-2.11639172398214e-05,-2.60088980837092e-05,-2.83987344312361e-05,-1.4319714317169e-05,-3.34058985412441e-06,-1.43197224704509e-05,-1.43196892843849e-05
39,"AAC",0,0,0,0,0,0,0,0
40,"TCA",-3.13857953964871e-05,-3.37714239150488e-05,-2.92420743282211e-05,-3.84817995949923e-05,5.70399230896544e-07,-1.38164036057649e-06,-1.60686823265566e-05,1.11195416588508e-05
41,"GCC",0,0,0,0,0,0,0,0
42,"AAT",0,0,0,0,0,0,0,0
43,"CGG",-1.19425896826025e-05,-7.34991951989691e-06,-1.23505779718863e-05,-1.04754225988831e-05,-1.08590572232049e-05,-1.08590680132275e-05,-1.08590634960418e-05,-1.08590327744698e-05
44,"CAG",0,0,0,0,0,0,0,0
45,"GAT",0,0,0,0,0,0,0,0
46,"TTC",0,0,0,0,0,0,0,0
47,"ACT",0,0,0,0,0,0,0,0
48,"CAA",0,0,0,0,0,0,0,0
49,"GAC",0,0,0,0,0,0,0,0
50,"CCG",0,0,0,0,0,0,0,0
51,"GGC",0,0,0,0,0,0,0,0
52,"AAG",0,0,0,0,0,0,0,0
53,"TTC",0,0,0,0,0,0,0,0
54,"ACA",0,0,0,0,0,0,0,0
55,"GAA",0,0,0,0,0,0,0,0
56,"CCA",0,0,0,0,0,0,0,0
57,"GTG",0,0,0,0,0,0,0,0
58,"AAA",0,0,0,0,0,0,0,0
59,"GAT",0,0,0,0,0,0,0,0
60,"ATC",0,0,0,0,0,0,0,0
61,"ATG",0,0,0,0,0,0,0,0
62,"ATT",0,0,0,0,0,0,0,0
63,"AAA",0,0,0,0,0,0,0,0
64,"TCA",-1.76787968879588e-05,-3.02760879394572e-05,-1.22781715822725e-05,2.73405516581301e-06,-3.31648788766636e-05,1.07077848917465e-05,-3.4156024484906e-05,-3.78325233502706e-05
65,"CTA",-8.22233081114922e-06,-1.79108419132289e-05,-5.74461213846813e-06,-2.10006464356659e-05,0.000117894064774937,7.70233128329074e-06,6.22012949622324e-06,-2.15211967099686e-05
66,"CCA",0,0,0,0,0,0,0,0
67,"GCT",0,0,0,0,0,0,0,0
68,"CTC",-4.72311213831227e-06,1.00091893968696e-05,-2.72076246403623e-06,-3.669476952761e-05,-2.29635298686438e-05,1.77683058794047e-05,4.16504391012928e-05,-1.07427287290815e-05
69,"AAC",0,0,0,0,0,0,0,0
70,"TCC",-3.5504329497802e-05,-5.17171334264755e-05,6.65481846562643e-06,2.42993038435637e-05,-3.18088712461357e-05,-9.71931247057618e-06,-2.04121614505507e-05,-3.18087953557691e-05
71,"CCC",0,0,0,0,0,0,0,0
72,"ACA",0,0,0,0,0,0,0,0
73,"GTA",0,0,0,0,0,0,0,0
74,"GAG",0,0,0,0,0,0,0,0
75,"GAG",0,0,0,0,0,0,0,0
76,"TGC",0,0,0,0,0,0,0,0
77,"GGA",0,0,0,0,0,0,0,0
78,"TAC",0,0,0,0,0,0,0,0
79,"AGT",-6.42105112247609e-05,-4.5279348195472e-05,-5.78089557995347e-05,-7.64588892238165e-05,-6.1951705767094e-05,-1.7694669997773e-05,1.78029776067496e-05,-4.30640639373525e-05
80,"GAC",0,0,0,0,0,0,0,0
81,"AGG",-0.000133125847095688,-0.000119877040807538,-7.94844627392811e-05,-0.000124026681668824,-0.000178231063604611,-0.000230341400056461,-0.000167949324627678,-9.93730697790868e-05
82,"GCG",0,0,0,0,0,0,0,0
83,"AGA",-2.38638916977307e-05,-0.000111795500833056,-9.96910485409356e-05,-0.00012903442654942,-0.000150695952275808,-8.60875445540115e-05,-9.6567277878605e-05,-0.000141443520433426
84,"TCA",-4.39313801152587e-06,-2.60298188664189e-05,-1.01247584104271e-05,-6.35196979603822e-06,-2.52814926869384e-05,-6.67326620065372e-05,-7.76146035970128e-05,-8.19676675087794e-05
85,"ATC",0,0,0,0,0,0,0,0
86,"ACA",0,0,0,0,0,0,0,0
87,"TTA",-4.39308538184114e-05,-5.07044237634267e-05,-6.78920976159437e-05,-9.46150605005207e-05,-5.94643011336435e-05,-4.0078709450892e-05,-2.11003656334245e-05,-6.62473782058868e-05
88,"GGT",0,0,0,0,0,0,0,0
89,"AAC",0,0,0,0,0,0,0,0
90,"TCC",-5.59763769892166e-05,-4.00558527203839e-05,-2.44504221494099e-05,-3.4748430047329e-05,-6.68995409430418e-05,-5.4283267554153e-05,-6.29998402297867e-05,-6.68994377052728e-05
91,"ACC",0,0,0,0,0,0,0,0
92,"ATA",0,0,0,0,0,0,0,0
93,"ACG",0,0,0,0,0,0,0,0
94,"ACT",0,0,0,0,0,0,0,0
95,"CAG",0,0,0,0,0,0,0,0
96,"GAA",0,0,0,0,0,0,0,0
97,"TGC",0,0,0,0,0,0,0,0
98,"GCC",0,0,0,0,0,0,0,0
99,"AAC",0,0,0,0,0,0,0,0
100,"GTG",0,0,0,0,0,0,0,0
101,"GTG",0,0,0,0,0,0,0,0
102,"GTG",0,0,0,0,0,0,0,0
103,"GGC",0,0,0,0,0,0,0,0
104,"TAT",0,0,0,0,0,0,0,0
105,"GGA",0,0,0,0,0,0,0,0
106,"GTA",0,0,0,0,0,0,0,0
107,"TGG",0,0,0,0,0,0,0,0
108,"CCA",0,0,0,0,0,0,0,0
109,"GAT",0,0,0,0,0,0,0,0
110,"TAT",0,0,0,0,0,0,0,0
111,"CTA",-8.41487869335e-06,-8.4148809146189e-06,-8.41488038092493e-06,-8.41487393030753e-06,2.253959619358e-05,-7.50215621124236e-06,2.08077426664824e-05,3.64259337951001e-05
112,"AAG",0,0,0,0,0,0,0,0
113,"GAT",0,0,0,0,0,0,0,0
114,"AGT",-5.7798928100998e-05,-7.88337140143311e-05,-5.89909496944662e-06,-8.43869037122006e-05,-4.78645527540586e-05,-7.99378825422713e-05,-5.34061896173772e-05,-6.79533031555322e-05
115,"GAG",0,0,0,0,0,0,0,0
116,"GCA",0,0,0,0,0,0,0,0
117,"ACA",0,0,0,0,0,0,0,0
118,"GCA",0,0,0,0,0,0,0,0
119,"GAG",0,0,0,0,0,0,0,0
120,"GAC",0,0,0,0,0,0,0,0
121,"CAA",0,0,0,0,0,0,0,0
122,"CCG",0,0,0,0,0,0,0,0
123,"ACC",0,0,0,0,0,0,0,0
124,"CAA",0,0,0,0,0,0,0,0
125,"CCA",0,0,0,0,0,0,0,0
126,"GAC",0,0,0,0,0,0,0,0
127,"GTT",0,0,0,0,0,0,0,0
128,"GCC",0,0,0,0,0,0,0,0
129,"ACA",0,0,0,0,0,0,0,0
130,"TGT",0,0,0,0,0,0,0,0
131,"AGG",-5.35450870870621e-05,-3.11498998281844e-05,-2.82444355389213e-05,-4.63502894102543e-05,-0.000109154891214651,-6.59561245406512e-05,-9.13807665061645e-05,-0.000102999728394359
132,"TTC",0,0,0,0,0,0,0,0
133,"TAT",0,0,0,0,0,0,0,0
134,"ACC",0,0,0,0,0,0,0,0
135,"CTT",-6.21751292015622e-06,-6.21751468365011e-06,-6.21751418359308e-06,-6.21751143856508e-06,3.00548362636329e-05,-3.73355547825702e-05,-1.84831749282382e-05,7.1229090394349e-05
136,"GAC",0,0,0,0,0,0,0,0
137,"TCT",2.75300557760771e-05,-7.63135894548528e-06,-1.67301503782012e-05,-1.80363896319219e-05,-6.67229815966793e-06,-6.67230315543467e-06,-6.67229997730054e-06,-6.672292505594e-06
138,"GTG",0,0,0,0,0,0,0,0
139,"CAA",0,0,0,0,0,0,0,0
140,"TGG",0,0,0,0,0,0,0,0
141,"CAG",0,0,0,0,0,0,0,0
142,"AAA",0,0,0,0,0,0,0,0
143,"ACC",0,0,0,0,0,0,0,0
144,"TCA",-2.6336178213438e-05,2.22709556055616e-05,-4.79902675365988e-06,-2.98668569356153e-05,-1.55353276586854e-05,-1.74978223420537e-06,-3.95392937582335e-06,-4.36258867998491e-06
145,"CCA",0,0,0,0,0,0,0,0
146,"GGA",0,0,0,0,0,0,0,0
147,"TGG",0,0,0,0,0,0,0,0
148,"TGG",0,0,0,0,0,0,0,0
149,"TGG",0,0,0,0,0,0,0,0
150,"AAG",0,0,0,0,0,0,0,0
151,"CTG",-7.82234068601074e-06,1.06469902288217e-05,-7.82234286467292e-06,-7.82234016833421e-06,-5.56551892382654e-06,-5.56552319705381e-06,-5.56552072720244e-06,-5.5655155461206e-06
152,"CCC",0,0,0,0,0,0,0,0
153,"GAT",0,0,0,0,0,0,0,0
154,"GCT",0,0,0,0,0,0,0,0
155,"TTG",-3.54563822944397e-05,9.44719027987087e-05,2.44533343534749e-05,2.11222210010072e-05,-2.43329443709217e-05,4.09980564051514e-05,0.00010863648135602,7.46544202820345e-05
156,"TCG",-2.98615753535069e-05,-2.98615848244732e-05,-2.98615833865855e-05,-2.98615711343467e-05,-2.42267109887087e-07,-7.0555006665689e-06,2.99993857080632e-05,2.18205607174775e-05
157,"AAC",0,0,0,0,0,0,0,0
158,"TTA",-8.34824492716641e-05,-8.72353854823751e-05,-8.04934531611026e-05,-7.47177876416193e-05,-8.02249133425402e-05,-8.48612621258734e-05,-8.5895742694753e-05,-9.74253581152016e-05
159,"GGA",0,0,0,0,0,0,0,0
160,"CTG",-8.58706296669196e-07,-8.43318360789506e-06,-8.43318314659895e-06,-8.4331781341682e-06,-7.13964748922195e-06,-7.13965321361327e-06,-7.13964970087855e-06,-7.13964004570328e-06
161,"TTT",0,0,0,0,0,0,0,0
162,"GGG",0,0,0,0,0,0,0,0
163,"CAG",0,0,0,0,0,0,0,0
164,"AAC",0,0,0,0,0,0,0,0
165,"ATG",0,0,0,0,0,0,0,0
166,"CAG",0,0,0,0,0,0,0,0
167,"TAC",0,0,0,0,0,0,0,0
168,"CAC",0,0,0,0,0,0,0,0
169,"TAC",0,0,0,0,0,0,0,0
170,"TTA",3.75947481530291e-05,8.73838716637015e-05,8.40470084206921e-06,6.38031365420516e-05,2.70767957068791e-05,-7.03105258501915e-05,-1.75402777766611e-06,-6.16103666691171e-05
171,"GGC",0,0,0,0,0,0,0,0
172,"CGA",-6.34761800769686e-05,-5.63586340236359e-05,-4.52195717412934e-05,-5.88825864026827e-05,-2.86595993771511e-05,8.44295710340716e-06,-3.44605183328605e-05,-1.73793345770232e-05
173,"ACT",0,0,0,0,0,0,0,0
174,"GGG",0,0,0,0,0,0,0,0
175,"TAT",0,0,0,0,0,0,0,0
176,"ACC",0,0,0,0,0,0,0,0
177,"GTA",0,0,0,0,0,0,0,0
178,"CAT",0,0,0,0,0,0,0,0
179,"GTG",0,0,0,0,0,0,0,0
180,"CAG",0,0,0,0,0,0,0,0
181,"TGC",0,0,0,0,0,0,0,0
182,"AAT",0,0,0,0,0,0,0,0
183,"GCA",0,0,0,0,0,0,0,0
184,"TCT",-2.07547115009704e-05,-2.51654882860218e-05,-2.14648223453065e-05,-1.40993041252227e-05,-1.71670595111711e-05,-1.71670752236846e-05,-1.71670661139922e-05,-1.71670343194457e-05
185,"AAG",0,0,0,0,0,0,0,0
186,"TTC",0,0,0,0,0,0,0,0
187,"CAC",0,0,0,0,0,0,0,0
188,"CAA",0,0,0,0,0,0,0,0
189,"GGA",0,0,0,0,0,0,0,0
190,"TGC",0,0,0,0,0,0,0,0
191,"TTG",-7.54106408297643e-05,-8.80338986433658e-05,-8.79036830788468e-05,-8.48208536451198e-05,-0.000102976042173709,-2.37632029442985e-05,-5.8268482005877e-05,-8.80298869457044e-05
192,"CTA",-5.32971356594657e-07,-4.46598828615735e-06,-4.4659880971546e-06,2.09404207385353e-05,-1.21201581024951e-05,-1.21201688930076e-05,-1.21201626730222e-05,-1.21201373838398e-05
193,"GTA",0,0,0,0,0,0,0,0
194,"GTG",0,0,0,0,0,0,0,0
195,"TGT",0,0,0,0,0,0,0,0
196,"GTA",0,0,0,0,0,0,0,0
197,"CCG",0,0,0,0,0,0,0,0
198,"GAA",0,0,0,0,0,0,0,0
199,"GCT",0,0,0,0,0,0,0,0
200,"GAG",0,0,0,0,0,0,0,0
201,"ATG",0,0,0,0,0,0,0,0
202,"GGT",0,0,0,0,0,0,0,0
203,"TGC",0,0,0,0,0,0,0,0
204,"GCA",0,0,0,0,0,0,0,0
205,"ACG",0,0,0,0,0,0,0,0
206,"CTA",-1.78820578120076e-05,-1.7882062725484e-05,-1.78820622244619e-05,-7.70164453321516e-06,5.35808131967915e-05,-3.92270102862798e-06,-5.37278647155455e-06,4.84026008288132e-05
207,"GAC",0,0,0,0,0,0,0,0
208,"AAC",0,0,0,0,0,0,0,0
209,"ACC",0,0,0,0,0,0,0,0
210,"CCA",0,0,0,0,0,0,0,0
211,"TCC",1.08118123390602e-05,1.66356745365244e-05,-1.77445925633859e-05,-3.55347243410931e-05,-4.47395127446539e-05,-1.0946976935201e-05,4.15297127318824e-05,-2.45687201902304e-05
212,"AGT",-8.87508721935428e-05,-0.000111127100232349,-1.57413776803869e-05,-0.000151779152048846,-0.000203558376076599,-0.000128217855348936,-0.000115939489991508,-7.08215765214854e-05
213,"GCA",0,0,0,0,0,0,0,0
214,"GAA",0,0,0,0,0,0,0,0
215,"TTG",-1.72206546535365e-05,-2.91487487704591e-05,-6.11657011294244e-05,1.49077282991299e-05,-2.44225035331248e-05,-4.85222916913731e-05,-1.42402337117418e-05,-6.42058809838205e-06
216,"CTG",-1.3037966782293e-05,-2.32832134238611e-06,-9.37598638114683e-06,-8.22061757861944e-06,0,0,0,0
217,"GGG",0,0,0,0,0,0,0,0
218,"GGC",0,0,0,0,0,0,0,0
219,"GAT",0,0,0,0,0,0,0,0
220,"AGC",6.54892330629169e-05,-1.1565039973908e-05,2.34351799005321e-05,-4.13709714588677e-05,-7.03824317984327e-05,-7.13187924430959e-05,-6.50987558579392e-05,7.02961278701262e-07
221,"GCA",0,0,0,0,0,0,0,0
222,"AAG",0,0,0,0,0,0,0,0
223,"GAG",0,0,0,0,0,0,0,0
224,"TTT",0,0,0,0,0,0,0,0
225,"GCG",0,0,0,0,0,0,0,0
226,"GAC",0,0,0,0,0,0,0,0
227,"AAA",0,0,0,0,0,0,0,0
228,"CCG",0,0,0,0,0,0,0,0
229,"GTC",0,0,0,0,0,0,0,0
230,"GCA",0,0,0,0,0,0,0,0
231,"TCC",-4.01094084276984e-06,-2.09076199444307e-05,-2.07894707259352e-05,-1.06477395304768e-05,-2.67909432839753e-05,-4.46366116785531e-05,-4.29735873709224e-05,1.32419018301102e-05
232,"GGG",0,0,0,0,0,0,0,0
233,"TCC",2.06479099436596e-05,-1.63343324827488e-05,-3.03792361287376e-05,-3.47474722135095e-05,-1.49960505608615e-05,-1.49960649168462e-05,-1.49960562881671e-05,-1.49960349090772e-05
234,"AAC",0,0,0,0,0,0,0,0
235,"AAG",0,0,0,0,0,0,0,0
236,"TTG",3.77185834882906e-05,3.09550771423139e-05,-6.08463798818306e-05,-5.11968412273521e-06,-0.000101389866353411,-8.74746579154288e-05,-6.30026585359301e-05,-5.71985825403542e-05
237,"GTA",0,0,0,0,0,0,0,0
238,"CAG",0,0,0,0,0,0,0,0
239,"AGG",-2.3847326131683e-05,2.29505764161225e-05,6.97502634312407e-06,-2.11642778748547e-05,-2.76364929123488e-05,-7.5507858183252e-05,-6.49303796074839e-05,-5.00061024169324e-05
240,"GTG",0,0,0,0,0,0,0,0
241,"GTG",0,0,0,0,0,0,0,0
242,"TAT",0,0,0,0,0,0,0,0
243,"AAT",0,0,0,0,0,0,0,0
244,"GCA",0,0,0,0,0,0,0,0
245,"GGC",0,0,0,0,0,0,0,0
246,"ATG",0,0,0,0,0,0,0,0
247,"GGG",0,0,0,0,0,0,0,0
248,"GTG",0,0,0,0,0,0,0,0
249,"GGT",0,0,0,0,0,0,0,0
250,"GTT",0,0,0,0,0,0,0,0
251,"GGA",0,0,0,0,0,0,0,0
252,"AAC",0,0,0,0,0,0,0,0
253,"CTC",5.06645291177394e-06,-3.00767072474745e-05,-3.34280425679493e-05,1.69238251248953e-05,-5.31342862796347e-06,-4.4864395257879e-05,-5.34794351347947e-05,-4.05692606920897e-05
254,"ACC",0,0,0,0,0,0,0,0
255,"ATT",0,0,0,0,0,0,0,0
256,"TTC",0,0,0,0,0,0,0,0
257,"CCC",0,0,0,0,0,0,0,0
258,"CAC",0,0,0,0,0,0,0,0
259,"CAA",0,0,0,0,0,0,0,0
260,"TGG",0,0,0,0,0,0,0,0
261,"ATC",0,0,0,0,0,0,0,0
262,"AAC",0,0,0,0,0,0,0,0
263,"CTA",-1.16944160166061e-06,-1.78343039869074e-05,-2.1475738135355e-05,-1.20441870363512e-05,-4.71359689424984e-05,-4.71360157058844e-05,-4.71359889831487e-05,-4.71359198775354e-05
264,"CGC",2.06060419910768e-05,-3.07201962808602e-06,-2.04923018051871e-06,-4.11471792732659e-06,-2.54545521993298e-05,-2.97675326082015e-05,-1.40203830502513e-05,-3.41349120022651e-05
265,"ACC",0,0,0,0,0,0,0,0
266,"AAT",0,0,0,0,0,0,0,0
267,"AAT",0,0,0,0,0,0,0,0
268,"AGT",1.92513922985302e-05,-3.34234037731905e-06,-5.04489929017713e-05,-7.9146933807613e-05,-0.000195580243922285,-0.000160409683030457,-0.000194953242910431,-0.000184963028084468
269,"GCT",0,0,0,0,0,0,0,0
270,"ACA",0,0,0,0,0,0,0,0
271,"ATT",0,0,0,0,0,0,0,0
272,"GTG",0,0,0,0,0,0,0,0
273,"ATG",0,0,0,0,0,0,0,0
274,"CCA",0,0,0,0,0,0,0,0
275,"TAC",0,0,0,0,0,0,0,0
276,"ACC",0,0,0,0,0,0,0,0
277,"AAC",0,0,0,0,0,0,0,0
278,"AGT",4.15269409200327e-05,-1.07848037912285e-05,2.65928992029426e-06,2.1244276113278e-05,-3.71253932400694e-05,-2.35770869217224e-05,-3.03338401681875e-06,-2.88804092432973e-05
279,"GTA",0,0,0,0,0,0,0,0
280,"CCT",0,0,0,0,0,0,0,0
281,"ATG",0,0,0,0,0,0,0,0
282,"GAT",0,0,0,0,0,0,0,0
283,"AAC",0,0,0,0,0,0,0,0
284,"ATG",0,0,0,0,0,0,0,0
285,"TTT",0,0,0,0,0,0,0,0
286,"AGG",-5.79849536103728e-05,-3.87941348086417e-05,-5.95347023847898e-05,-3.81253955312135e-05,-6.26692182835965e-05,-3.35784806360751e-06,1.97503517109328e-05,0.000118441590121392
287,"CAT",0,0,0,0,0,0,0,0
288,"AAC",0,0,0,0,0,0,0,0
289,"AAC",0,0,0,0,0,0,0,0
290,"GTC",0,0,0,0,0,0,0,0
291,"ACC",0,0,0,0,0,0,0,0
292,"CTA",-6.17051704687278e-06,-1.43114613486431e-05,-1.77651845993398e-05,1.78453832731954e-06,-1.31344307909474e-05,-1.31344437248997e-05,-1.31344369862705e-05,-1.31344124188088e-05
293,"ATG",0,0,0,0,0,0,0,0
294,"GTT",0,0,0,0,0,0,0,0
295,"ATC",0,0,0,0,0,0,0,0
296,"CCA",0,0,0,0,0,0,0,0
297,"TTT",0,0,0,0,0,0,0,0
298,"GTA",0,0,0,0,0,0,0,0
299,"CCG",0,0,0,0,0,0,0,0
300,"CTA",-1.01284687349035e-05,-1.012847149019e-05,-1.01284707521153e-05,-1.01284616740214e-05,-1.4181920849155e-05,-1.41819344906003e-05,-1.41819273670708e-05,-1.41819010195898e-05
301,"GAT",0,0,0,0,0,0,0,0
302,"TAC",0,0,0,0,0,0,0,0
303,"TGC",0,0,0,0,0,0,0,0
304,"CCT",0,0,0,0,0,0,0,0
305,"GGG",0,0,0,0,0,0,0,0
306,"TCC",-3.10664789999094e-05,-3.67138683637306e-05,-2.25073364695363e-05,-2.53942938185103e-05,-3.0827961207759e-05,-3.01825059030203e-05,2.22053355591394e-05,-1.02811289937715e-05
307,"ACC",0,0,0,0,0,0,0,0
308,"ACG",0,0,0,0,0,0,0,0
309,"TAC",0,0,0,0,0,0,0,0
310,"GTC",0,0,0,0,0,0,0,0
311,"CCA",0,0,0,0,0,0,0,0
312,"ATT",0,0,0,0,0,0,0,0
313,"ACG",0,0,0,0,0,0,0,0
314,"GTC",0,0,0,0,0,0,0,0
315,"ACG",0,0,0,0,0,0,0,0
316,"ATA",0,0,0,0,0,0,0,0
317,"GCC",0,0,0,0,0,0,0,0
318,"CCA",0,0,0,0,0,0,0,0
319,"ATG",0,0,0,0,0,0,0,0
320,"TGT",0,0,0,0,0,0,0,0
321,"GCC",0,0,0,0,0,0,0,0
322,"GAG",0,0,0,0,0,0,0,0
323,"TAC",0,0,0,0,0,0,0,0
324,"AAT",0,0,0,0,0,0,0,0
325,"GGG",0,0,0,0,0,0,0,0
326,"TTA",-7.81550759816839e-05,-8.08976264908604e-05,-5.58190768825367e-05,-8.41288660217896e-05,-1.70364253310511e-05,-7.53101357861086e-05,-7.78716164549515e-06,-6.00579116397615e-05
327,"CGT",-5.21655924379025e-05,-1.87072112841381e-05,3.15683340767e-06,-4.5822885639562e-07,5.44474619761016e-05,2.43990017650734e-06,2.28362478098452e-06,3.3749801210284e-05
328,"TTA",0.00108621066110761,0.00109801263898913,0.000913401327062923,0.000675937971888876,-0.000119029869675666,-9.36550602256883e-05,-0.000105017749560453,-7.86410878594602e-05
329,"GCA",0,0,0,0,0,0,0,0
330,"GGG",0,0,0,0,0,0,0,0
331,"CAC",0,0,0,0,0,0,0,0
332,"CAG",0,0,0,0,0,0,0,0
333,"GGC",0,0,0,0,0,0,0,0
334,"TTA",-2.12972013234243e-05,-8.54660121236968e-06,-1.09734258722401e-07,1.48183305861187e-05,-4.00034185657429e-05,-6.76876345140628e-05,-5.48625770690652e-05,-6.51349754977782e-05
335,"CCA",0,0,0,0,0,0,0,0
336,"ACC",0,0,0,0,0,0,0,0
337,"ATG",0,0,0,0,0,0,0,0
338,"AAT",0,0,0,0,0,0,0,0
339,"ACT",0,0,0,0,0,0,0,0
340,"CCG",0,0,0,0,0,0,0,0
341,"GGG",0,0,0,0,0,0,0,0
342,"AGC",4.3103239696124e-05,-2.9690767478165e-05,-3.51474324156644e-05,-1.47199693652882e-05,-4.82366709981495e-06,-7.75315049667593e-05,-3.2241596470347e-05,-6.12856184895097e-05
343,"TGT",0,0,0,0,0,0,0,0
344,"CAA",0,0,0,0,0,0,0,0
345,"TTT",0,0,0,0,0,0,0,0
346,"CTG",-4.40060263308738e-06,-4.40060378440237e-06,-4.4006034813573e-06,-4.40059933803282e-06,-2.03560090628615e-05,-2.03560283879647e-05,-2.03560185994366e-05,-2.03559716919615e-05
347,"ACA",0,0,0,0,0,0,0,0
348,"TCA",-1.03725621449599e-05,9.06854283390482e-06,2.95402847512556e-06,3.85513411672301e-07,-6.76065124749536e-06,-6.76065765854286e-06,-6.76065439519699e-06,-6.76063833073865e-06
349,"GAC",0,0,0,0,0,0,0,0
350,"GAC",0,0,0,0,0,0,0,0
351,"TTC",0,0,0,0,0,0,0,0
352,"CAA",0,0,0,0,0,0,0,0
353,"TCA",-3.07505020330057e-05,-2.74863499657502e-05,-3.07505079434536e-05,-3.07504778613561e-05,1.19324641326303e-05,-2.50236024931042e-05,2.9268420083845e-05,-5.26036217281583e-06
354,"CCA",0,0,0,0,0,0,0,0
355,"TCC",-2.22698776415473e-05,-2.2996326159565e-05,-2.95077681838939e-05,-2.95077397126984e-05,-4.5344535420434e-05,-4.53445779743273e-05,-4.53445565981514e-05,-4.53444501378951e-05
356,"GCC",0,0,0,0,0,0,0,0
357,"ATG",0,0,0,0,0,0,0,0
358,"CCG",0,0,0,0,0,0,0,0
359,"CAA",0,0,0,0,0,0,0,0
360,"TAT",0,0,0,0,0,0,0,0
361,"GAC",0,0,0,0,0,0,0,0
362,"GTC",0,0,0,0,0,0,0,0
363,"ACA",0,0,0,0,0,0,0,0
364,"CCA",0,0,0,0,0,0,0,0
365,"GAG",0,0,0,0,0,0,0,0
366,"ATG",0,0,0,0,0,0,0,0
367,"AGG",-2.15027054001917e-05,-2.72159132786548e-05,-2.69144322960876e-05,-3.74502181069507e-05,-1.8936589896543e-05,-1.89366074116675e-05,-3.12507251820748e-06,-1.8936555050974e-05
368,"ATA",0,0,0,0,0,0,0,0
369,"CCT",0,0,0,0,0,0,0,0
370,"GGT",0,0,0,0,0,0,0,0
371,"GAG",0,0,0,0,0,0,0,0
372,"GTG",0,0,0,0,0,0,0,0
373,"AAA",0,0,0,0,0,0,0,0
374,"AAC",0,0,0,0,0,0,0,0
375,"TTG",-3.73501315718231e-05,-1.10044958366213e-06,-1.24788965202315e-05,-2.00154734156823e-05,1.14336474812284e-05,-4.88819179362386e-05,9.74371379506278e-06,-4.4729195478638e-05
376,"ATG",0,0,0,0,0,0,0,0
377,"GAA",0,0,0,0,0,0,0,0
378,"ATA",0,0,0,0,0,0,0,0
379,"GCT",0,0,0,0,0,0,0,0
380,"GAG",0,0,0,0,0,0,0,0
381,"GTT",0,0,0,0,0,0,0,0
382,"GAC",0,0,0,0,0,0,0,0
383,"TCA",9.35656531970835e-06,4.02159642196145e-06,-1.4902640943751e-05,-2.8058297428574e-05,-2.57462751730023e-05,-2.57462988763789e-05,-2.57462859889242e-05,-1.18449605002436e-05
384,"GTT",0,0,0,0,0,0,0,0
385,"GTC",0,0,0,0,0,0,0,0
386,"CCA",0,0,0,0,0,0,0,0
387,"GTC",0,0,0,0,0,0,0,0
388,"CAA",0,0,0,0,0,0,0,0
389,"AAT",0,0,0,0,0,0,0,0
390,"GTT",0,0,0,0,0,0,0,0
391,"GGA",0,0,0,0,0,0,0,0
392,"GAG",0,0,0,0,0,0,0,0
393,"AAG",0,0,0,0,0,0,0,0
394,"GTC",0,0,0,0,0,0,0,0
395,"AAC",0,0,0,0,0,0,0,0
396,"TCT",-2.87153713322316e-05,-5.00301740596294e-05,-5.00301699494907e-05,-3.32508096351996e-05,0.000103254622817506,8.81842215862134e-05,5.49533272450538e-05,5.24475245445206e-05
397,"ATG",0,0,0,0,0,0,0,0
398,"GAA",0,0,0,0,0,0,0,0
399,"GCA",0,0,0,0,0,0,0,0
400,"TAC",0,0,0,0,0,0,0,0
401,"CAG",0,0,0,0,0,0,0,0
402,"ATA",0,0,0,0,0,0,0,0
403,"CCT",0,0,0,0,0,0,0,0
404,"GTG",0,0,0,0,0,0,0,0
405,"AGA",-3.57020012879537e-05,-5.62238484392636e-05,-3.72879384680887e-05,-1.31404605860493e-05,2.72210406300082e-05,-6.06122470987972e-06,6.40000889550318e-06,0.000116759531038927
406,"TCC",-1.9696380977367e-05,-2.00870351781662e-05,1.48460143415401e-05,2.44570401531452e-05,-4.17600322609664e-07,-9.11559255718007e-06,1.42228197549375e-05,3.1830379544168e-05
407,"AAC",0,0,0,0,0,0,0,0
408,"GAA",0,0,0,0,0,0,0,0
409,"GGA",0,0,0,0,0,0,0,0
410,"TCT",-1.62001304819717e-05,-1.69848363100554e-05,4.63184692682268e-05,-1.52188101347627e-05,-4.52035172031487e-05,-2.82808103771772e-05,-4.94777647050747e-05,-4.94777015869188e-05
411,"GGA",0,0,0,0,0,0,0,0
412,"ACG",0,0,0,0,0,0,0,0
413,"CAA",0,0,0,0,0,0,0,0
414,"GTA",0,0,0,0,0,0,0,0
415,"TTC",0,0,0,0,0,0,0,0
416,"GGC",0,0,0,0,0,0,0,0
417,"TTT",0,0,0,0,0,0,0,0
418,"CCA",0,0,0,0,0,0,0,0
419,"CTG",-1.13932239048813e-05,-1.1393226992208e-05,-1.13932260121119e-05,-1.13932204630927e-05,-2.33522557068556e-05,3.41483302390917e-05,-2.08650624530248e-05,4.59496217262159e-07
420,"CAA",0,0,0,0,0,0,0,0
421,"CCA",0,0,0,0,0,0,0,0
422,"GGG",0,0,0,0,0,0,0,0
423,"TAC",0,0,0,0,0,0,0,0
424,"TCA",-1.84138858320065e-05,-7.42369231204844e-05,-3.59331521260825e-05,-6.07008943185295e-05,-7.47601025217093e-05,-8.18702363023333e-05,-3.47374633641842e-05,-2.07691438347631e-05
425,"AGT",-4.64207539331569e-05,9.36875871869305e-06,7.51130760716957e-07,-3.22307817191798e-05,-7.63236726927174e-05,-7.75909986817598e-05,-7.98355449606916e-05,-0.000123702590594966
426,"GTT",0,0,0,0,0,0,0,0
427,"TTT",0,0,0,0,0,0,0,0
428,"AGT",-3.0699026555768e-05,-5.20063391762013e-05,-3.9025221074841e-05,-8.16965654443652e-06,3.40217996392618e-06,-5.14850112727735e-05,1.34944000479891e-05,1.08996995396156e-05
429,"CGG",-7.82122098339117e-06,-7.82122313962924e-06,-7.8212224653043e-06,-7.82121833382274e-06,-2.1575823886191e-05,-2.15758434225797e-05,-2.15758327793563e-05,1.35560162189693e-06
430,"ACG",0,0,0,0,0,0,0,0
431,"CTC",-1.19145717522541e-05,-1.19145751088321e-05,-1.19145741071124e-05,-1.19145679388637e-05,-1.14580965771161e-05,-5.04300717228869e-06,-3.60319452719355e-06,-1.14580865668092e-05
432,"CTA",-3.79542612290483e-06,-2.19066922714279e-06,5.05744007089436e-06,-9.98221512202489e-06,-1.13217803551005e-05,2.68375167915277e-05,-9.19268966569637e-06,2.25574949895846e-05
433,"GGA",0,0,0,0,0,0,0,0
434,"GAG",0,0,0,0,0,0,0,0
435,"ATC",0,0,0,0,0,0,0,0
436,"TTG",-5.43803385551651e-05,-5.85054677341841e-05,-5.15655291835349e-05,-3.12598369584201e-05,-8.52223884199095e-06,-1.92696393313731e-06,-8.52224247213531e-06,-8.52222966235791e-06
437,"AAC",0,0,0,0,0,0,0,0
438,"TAT",0,0,0,0,0,0,0,0
439,"TAT",0,0,0,0,0,0,0,0
440,"ACA",0,0,0,0,0,0,0,0
441,"CAT",0,0,0,0,0,0,0,0
442,"TGG",0,0,0,0,0,0,0,0
443,"TCA",-1.61273310379093e-05,-9.58257161709746e-06,-1.61273343731941e-05,-7.81533821944284e-06,9.7913680692303e-06,-7.70540546170439e-06,2.05100359672004e-05,8.36300084027081e-06
444,"GGC",0,0,0,0,0,0,0,0
445,"AGC",5.76581922385288e-05,2.26491269171817e-05,-1.21263454119682e-05,1.856768633314e-05,-7.05904707784238e-05,-7.23764858706253e-05,-9.76661488872612e-05,-6.13306470685353e-05
446,"ATA",0,0,0,0,0,0,0,0
447,"AAG",0,0,0,0,0,0,0,0
448,"CTT",-4.05261981435656e-05,-4.05262093984801e-05,-4.0526206600689e-05,-4.05261820617527e-05,-2.8868071985216e-05,-3.64948107783754e-05,-5.42915178293864e-05,-4.78185585093389e-05
449,"ACG",0,0,0,0,0,0,0,0
450,"TTT",0,0,0,0,0,0,0,0
451,"ATG",0,0,0,0,0,0,0,0
452,"TTC",0,0,0,0,0,0,0,0
453,"TGT",0,0,0,0,0,0,0,0
454,"GGT",0,0,0,0,0,0,0,0
455,"TCG",-2.26734396406475e-05,-1.24241325924778e-05,-1.48668000814633e-06,4.15285180837591e-06,-3.12665069065501e-06,-1.10138052315516e-05,4.9937968883009e-05,1.02435793247844e-05
456,"GCC",0,0,0,0,0,0,0,0
457,"ATG",0,0,0,0,0,0,0,0
458,"GCT",0,0,0,0,0,0,0,0
459,"ACT",0,0,0,0,0,0,0,0
460,"GGA",0,0,0,0,0,0,0,0
461,"AAA",0,0,0,0,0,0,0,0
462,"TTC",0,0,0,0,0,0,0,0
463,"CTT",-1.86694609388856e-05,-2.24726533948254e-05,-2.24726516812859e-05,-4.03145434012319e-06,-1.79110209077079e-05,-1.44907778884569e-05,-9.51948603482319e-06,-1.7910997818084e-05
464,"TTG",-2.93125753933837e-05,-8.37034010865069e-06,-2.44188161392419e-05,-4.59003166695785e-05,-4.19618413979791e-05,-1.88796324216188e-06,-4.29421942995781e-05,-4.00633530715559e-05
465,"GCA",0,0,0,0,0,0,0,0
466,"TAC",0,0,0,0,0,0,0,0
467,"TCA",-1.37521461970172e-05,-1.37521498990923e-05,-1.37521487189387e-05,-1.37521388221786e-05,-3.7099928607477e-05,-4.67880839339535e-05,-4.26016683252563e-05,4.35369428033378e-06
468,"CCA",0,0,0,0,0,0,0,0
469,"CCA",0,0,0,0,0,0,0,0
470,"GGT",0,0,0,0,0,0,0,0
471,"GCT",0,0,0,0,0,0,0,0
472,"GGA",0,0,0,0,0,0,0,0
473,"GCT",0,0,0,0,0,0,0,0
474,"CCT",0,0,0,0,0,0,0,0
475,"ACA",0,0,0,0,0,0,0,0
476,"AAA",0,0,0,0,0,0,0,0
477,"AGG",3.85110791364502e-06,1.66506989303537e-05,-3.43271886507046e-05,-1.48071885015348e-05,-5.85316171154064e-05,-5.99576650375438e-05,-5.91831837784051e-05,-6.336388199032e-05
478,"GTT",0,0,0,0,0,0,0,0
479,"GAT",0,0,0,0,0,0,0,0
480,"GCT",0,0,0,0,0,0,0,0
481,"ATG",0,0,0,0,0,0,0,0
482,"CTT",-1.03173431747743e-05,-1.03173460223205e-05,-1.03173451756488e-05,-1.0317338010974e-05,2.96391440880205e-05,-4.2333351661492e-05,2.78259234233072e-05,-3.75405852887137e-06
483,"GGT",0,0,0,0,0,0,0,0
484,"ACT",0,0,0,0,0,0,0,0
485,"CAT",0,0,0,0,0,0,0,0
486,"GTA",0,0,0,0,0,0,0,0
487,"ATT",0,0,0,0,0,0,0,0
488,"TGG",0,0,0,0,0,0,0,0
489,"GAC",0,0,0,0,0,0,0,0
490,"GTG",0,0,0,0,0,0,0,0
491,"GGG",0,0,0,0,0,0,0,0
492,"CTA",-2.11870054324054e-05,-1.77298935746798e-05,-6.92090970079929e-06,-1.65614521021617e-05,2.65188751846112e-05,-2.06212944141471e-05,-2.10960371481624e-06,-7.6966963891585e-06
493,"CAA",0,0,0,0,0,0,0,0
494,"TCA",3.08802653500654e-06,-7.77835762302291e-06,-3.4696277094352e-05,-2.12573536368486e-05,-5.26694980946103e-05,-1.8309324724219e-05,-5.04565539827966e-05,-4.12758318049346e-05
495,"AGT",-3.96705675821613e-05,-4.04862167669109e-05,-8.80483689555945e-05,-6.95042487173857e-05,-5.53958258931738e-05,-0.000125455718389935,-8.046033617455e-05,-6.29386554863864e-06
496,"TGC",0,0,0,0,0,0,0,0
497,"GTG",0,0,0,0,0,0,0,0
498,"CTG",-4.44892079970429e-06,-4.44892206394046e-06,-4.44892172886102e-06,-4.44891884240467e-06,6.12265985205567e-06,-1.51363247255118e-05,-1.86497918707974e-05,-1.86497633857209e-05
499,"TGT",0,0,0,0,0,0,0,0
500,"ATA",0,0,0,0,0,0,0,0
501,"CCC",0,0,0,0,0,0,0,0
502,"TGG",0,0,0,0,0,0,0,0
503,"ATA",0,0,0,0,0,0,0,0
504,"AGC",-2.50254707986051e-05,-9.16904370054073e-06,-3.30296090305545e-06,-2.19663202333888e-05,-0.000140143538315973,-0.000122247147904304,-3.58379470739824e-05,-6.25847114475367e-05
505,"CAA",0,0,0,0,0,0,0,0
506,"ACA",0,0,0,0,0,0,0,0
507,"CAC",0,0,0,0,0,0,0,0
508,"TAC",0,0,0,0,0,0,0,0
509,"CGG",-2.1394410220159e-05,-2.13944162076121e-05,-2.13944146955723e-05,-2.13944012569989e-05,-1.07585641511918e-05,-2.88306533976973e-06,-7.81718361277128e-06,-1.44556918622542e-05
510,"TTT",0,0,0,0,0,0,0,0
511,"GTT",0,0,0,0,0,0,0,0
512,"GCT",0,0,0,0,0,0,0,0
513,"TCA",-6.32431710401767e-06,1.20025921874085e-05,2.95775193979055e-05,4.70853073507347e-06,-0.000107235278119047,-8.1819002324439e-05,1.03102615459827e-05,-0.000139257107160286
514,"GAT",0,0,0,0,0,0,0,0
515,"GAG",0,0,0,0,0,0,0,0
516,"TAT",0,0,0,0,0,0,0,0
517,"ACC",0,0,0,0,0,0,0,0
518,"GCA",0,0,0,0,0,0,0,0
519,"GGG",0,0,0,0,0,0,0,0
520,"GGT",0,0,0,0,0,0,0,0
521,"TTT",0,0,0,0,0,0,0,0
522,"ATT",0,0,0,0,0,0,0,0
523,"ACG",0,0,0,0,0,0,0,0
524,"TGC",0,0,0,0,0,0,0,0
525,"TGG",0,0,0,0,0,0,0,0
526,"TAT",0,0,0,0,0,0,0,0
527,"CAA",0,0,0,0,0,0,0,0
528,"ACA",0,0,0,0,0,0,0,0
529,"AAC",0,0,0,0,0,0,0,0
530,"ATA",0,0,0,0,0,0,0,0
531,"GTG",0,0,0,0,0,0,0,0
532,"GTC",0,0,0,0,0,0,0,0
533,"CCA",0,0,0,0,0,0,0,0
534,"GCG",0,0,0,0,0,0,0,0
535,"GAT",0,0,0,0,0,0,0,0
536,"GCC",0,0,0,0,0,0,0,0
537,"CAA",0,0,0,0,0,0,0,0
538,"AGC",-2.09016953086649e-05,9.69079495210252e-07,-9.62469659116607e-06,1.44739139574443e-05,-3.26796069551814e-05,9.88973841697918e-06,1.62110763938859e-05,-4.03882230928203e-06
539,"TCC",7.38263015032991e-06,5.60821160691612e-05,3.72046726808724e-05,-2.77544540090464e-06,-2.04351319273784e-05,-1.62106490230182e-05,-2.67762195974442e-05,-2.1054165854832e-05
540,"TGT",0,0,0,0,0,0,0,0
541,"TAC",0,0,0,0,0,0,0,0
542,"ATC",0,0,0,0,0,0,0,0
543,"ATG",0,0,0,0,0,0,0,0
544,"TGT",0,0,0,0,0,0,0,0
545,"TTC",0,0,0,0,0,0,0,0
546,"GTG",0,0,0,0,0,0,0,0
547,"TCA",2.0147946117569e-06,-2.6950456385207e-05,-1.89766622476294e-05,-1.70225251381888e-05,8.68897519679811e-08,-3.57134890746198e-05,-1.7746204196971e-05,9.29674587451592e-06
548,"GCA",0,0,0,0,0,0,0,0
549,"TGC",0,0,0,0,0,0,0,0
550,"AAT",0,0,0,0,0,0,0,0
551,"GAC",0,0,0,0,0,0,0,0
552,"TTC",0,0,0,0,0,0,0,0
553,"TCT",-2.16777323124408e-05,-2.64199961746241e-05,-2.22301696318486e-05,-2.29464003554642e-05,-2.6242388260196e-05,-3.66775673045938e-05,-3.66775463813622e-05,-3.66774624195012e-05
554,"GTC",0,0,0,0,0,0,0,0
555,"AGG",-3.14526821087309e-05,-2.40570081907794e-05,-3.1640728845018e-05,-1.54264749510295e-06,-4.23691004081266e-05,-1.68945027178867e-05,2.73572216558193e-05,-3.13295366585649e-05
556,"CTA",-2.28606406259039e-05,-2.28606456798698e-05,-2.28606437444891e-05,-2.28606143540267e-05,-1.28996090397991e-05,-1.28996219216931e-05,-1.28996142316389e-05,-1.28995811131983e-05
557,"TTG",-6.90937987494421e-06,-6.90938140522838e-06,-6.90938078920651e-06,-6.90937221631561e-06,-3.39316628680542e-05,-4.49500657870149e-05,-3.21321402902025e-05,-4.37619666191442e-05
558,"AAG",0,0,0,0,0,0,0,0
559,"GAC",0,0,0,0,0,0,0,0
560,"ACT",0,0,0,0,0,0,0,0
561,"CCT",0,0,0,0,0,0,0,0
562,"TTC",0,0,0,0,0,0,0,0
563,"ATT",0,0,0,0,0,0,0,0
564,"TCG",1.64073686140928e-07,-1.678472371099e-05,6.91455380272144e-06,-9.39688027782735e-06,-1.48936954098782e-05,1.59220574602269e-05,-3.6357613176816e-05,-3.2904637066048e-05
565,"CAG",0,0,0,0,0,0,0,0
566,"CAA",0,0,0,0,0,0,0,0
567,"AAC",0,0,0,0,0,0,0,0
568,"TTT",0,0,0,0,0,0,0,0
569,"TTC",0,0,0,0,0,0,0,0
570,"CAG",0,0,0,0,0,0,0,0
571,"GGC",0,0,0,0,0,0,0,0
572,"CCA",0,0,0,0,0,0,0,0
573,"GTG",0,0,0,0,0,0,0,0
574,"GAA",0,0,0,0,0,0,0,0
575,"GAC",0,0,0,0,0,0,0,0
576,"GCG",0,0,0,0,0,0,0,0
577,"ATA",0,0,0,0,0,0,0,0
578,"ACA",0,0,0,0,0,0,0,0
579,"GCC",0,0,0,0,0,0,0,0
580,"GCT",0,0,0,0,0,0,0,0
581,"ATA",0,0,0,0,0,0,0,0
582,"GGG",0,0,0,0,0,0,0,0
583,"AGA",-1.36787499688336e-05,3.82203639282589e-05,-4.75508897997626e-06,2.56070384837755e-05,4.81207802123283e-06,-2.19836346891808e-05,-1.54694289741906e-06,1.92010505729024e-06
584,"GTT",0,0,0,0,0,0,0,0
585,"GCG",0,0,0,0,0,0,0,0
586,"GAT",0,0,0,0,0,0,0,0
587,"ACC",0,0,0,0,0,0,0,0
588,"GTG",0,0,0,0,0,0,0,0
589,"GGT",0,0,0,0,0,0,0,0
590,"ACA",0,0,0,0,0,0,0,0
591,"GGG",0,0,0,0,0,0,0,0
592,"CCA",0,0,0,0,0,0,0,0
593,"ACC",0,0,0,0,0,0,0,0
594,"AAC",0,0,0,0,0,0,0,0
595,"TCA",-4.5399368430131e-05,-3.46465946111067e-05,1.92230475572312e-06,-2.53313550472649e-05,-3.41435289403882e-05,2.41181728332286e-05,9.66656297025931e-05,0.00014812574112998
596,"GAA",0,0,0,0,0,0,0,0
597,"GCT",0,0,0,0,0,0,0,0
598,"ATA",0,0,0,0,0,0,0,0
599,"CCA",0,0,0,0,0,0,0,0
600,"GCA",0,0,0,0,0,0,0,0
601,"CTC",7.12346806971686e-07,3.55358902438385e-06,-7.2449579299395e-06,6.85182664510275e-06,-6.13622238431308e-06,-6.13622780581516e-06,-6.13622396424975e-06,-6.13621452611427e-06
602,"ACT",0,0,0,0,0,0,0,0
603,"GCT",0,0,0,0,0,0,0,0
604,"GCT",0,0,0,0,0,0,0,0
605,"GAG",0,0,0,0,0,0,0,0
606,"ACG",0,0,0,0,0,0,0,0
607,"GGT",0,0,0,0,0,0,0,0
608,"CAC",0,0,0,0,0,0,0,0
609,"ACG",0,0,0,0,0,0,0,0
610,"TCA",-1.25169498386905e-05,-1.87414260509511e-06,-4.85388323414889e-06,-1.25169449920243e-05,-1.34112968419102e-05,-1.34113085869021e-05,-1.34112999153061e-05,-1.34112816924451e-05
611,"CAA",0,0,0,0,0,0,0,0
612,"GTA",0,0,0,0,0,0,0,0
613,"GTG",0,0,0,0,0,0,0,0
614,"CCG",0,0,0,0,0,0,0,0
615,"GGT",0,0,0,0,0,0,0,0
616,"GAC",0,0,0,0,0,0,0,0
617,"ACT",0,0,0,0,0,0,0,0
618,"ATG",0,0,0,0,0,0,0,0
619,"CAG",0,0,0,0,0,0,0,0
620,"ACA",0,0,0,0,0,0,0,0
621,"CGC",-3.00204031110417e-05,-4.06635639946778e-06,-2.19595293597887e-05,-1.571127378114e-05,-2.78263656899032e-05,-1.94386613920062e-05,1.05966625932175e-05,-1.25427070855971e-06
622,"CAC",0,0,0,0,0,0,0,0
623,"GTT",0,0,0,0,0,0,0,0
624,"AAG",0,0,0,0,0,0,0,0
625,"AAC",0,0,0,0,0,0,0,0
626,"TAC",0,0,0,0,0,0,0,0
627,"CAT",0,0,0,0,0,0,0,0
628,"TCA",-3.39764266654557e-05,-3.16220445909133e-05,-3.4182440019779e-05,-3.55731670042721e-05,5.29410769570466e-05,-9.69630256349992e-06,4.49662534852644e-05,-7.99758874794629e-07
629,"AGG",-4.60158325687155e-05,-1.62502471260212e-05,-4.21537260410322e-05,-1.44769868408149e-05,-8.17820576773396e-05,-8.17821352746545e-05,-6.34119332762097e-05,-8.17819438558669e-05
630,"TCC",-2.32166350742195e-05,-8.91455566289445e-06,-2.34053604967019e-05,-1.68473554155138e-05,1.1079604586811e-05,7.44593505349382e-06,-1.43964075596187e-06,8.80283052465641e-05
631,"GAG",0,0,0,0,0,0,0,0
632,"TCA",-5.82679594494821e-06,3.19044320057543e-06,5.28851124846775e-05,6.68611997952083e-05,-4.15497410146293e-05,-1.65328044037767e-05,-5.57714291940427e-06,-7.5593743399095e-06
633,"ACC",0,0,0,0,0,0,0,0
634,"ATA",0,0,0,0,0,0,0,0
635,"GAG",0,0,0,0,0,0,0,0
636,"AAC",0,0,0,0,0,0,0,0
637,"TTC",0,0,0,0,0,0,0,0
638,"CTA",-7.8309224177754e-06,-4.41697189638847e-06,2.01546326975226e-05,-1.19559123403591e-05,-3.05135788397293e-05,-3.05136085236275e-05,2.04829727852578e-05,-2.35141910022816e-05
639,"TGT",0,0,0,0,0,0,0,0
640,"AGG",6.78514971754097e-06,-6.57122160901073e-06,-3.05937464121482e-05,2.95788950559064e-05,-9.02395404496093e-05,-6.12198789808238e-05,-8.56794108952694e-05,-6.31755365310748e-05
641,"TCA",-1.27445314063852e-05,-1.27445344970784e-05,-1.27445322911794e-05,1.81528415700185e-06,-3.27293556603772e-05,-2.90902112359699e-05,-2.81500434184006e-05,-2.5942638148139e-05
642,"GCA",0,0,0,0,0,0,0,0
643,"TGC",0,0,0,0,0,0,0,0
644,"GTG",0,0,0,0,0,0,0,0
645,"TAC",0,0,0,0,0,0,0,0
646,"TTT",0,0,0,0,0,0,0,0
647,"ACG",0,0,0,0,0,0,0,0
648,"GAG",0,0,0,0,0,0,0,0
649,"TAT",0,0,0,0,0,0,0,0
650,"AAA",0,0,0,0,0,0,0,0
651,"AAC",0,0,0,0,0,0,0,0
652,"TCA",-2.60579912496316e-05,2.14336131730651e-05,-2.11263115414299e-06,-1.3868601827227e-05,-9.1276898129381e-06,-3.74996924836166e-06,5.48098027697898e-05,3.17575880961283e-05
653,"GGT",0,0,0,0,0,0,0,0
654,"GCC",0,0,0,0,0,0,0,0
655,"AAG",0,0,0,0,0,0,0,0
656,"CGG",2.01172291948408e-05,-9.77011269643059e-07,1.98423954367328e-05,5.49871334508392e-05,-9.76146768037878e-06,-9.76147716578884e-06,-9.76147027677353e-06,-9.76145651139654e-06
657,"TAT",0,0,0,0,0,0,0,0
658,"GCT",0,0,0,0,0,0,0,0
659,"GAA",0,0,0,0,0,0,0,0
660,"TGG",0,0,0,0,0,0,0,0
661,"GTA",0,0,0,0,0,0,0,0
662,"TTA",-3.42485938021105e-05,-3.42486015662795e-05,-3.42485937098496e-05,-3.4248573379141e-05,-5.01736468860346e-05,-5.01736954633623e-05,-5.01736582164677e-05,-1.59961365001678e-05
663,"ACA",0,0,0,0,0,0,0,0
664,"CCA",0,0,0,0,0,0,0,0
665,"CGA",-6.06781469537999e-05,-6.06781606885882e-05,-6.06781431703941e-05,-6.06781143239269e-05,-4.70530657836998e-05,-4.62023628268668e-05,-5.72261520098015e-05,-5.04482941797457e-05
666,"CAA",0,0,0,0,0,0,0,0
667,"GCA",0,0,0,0,0,0,0,0
668,"GCA",0,0,0,0,0,0,0,0
669,"CAA",0,0,0,0,0,0,0,0
670,"CTT",2.99706085506596e-05,-1.93163559205637e-05,-1.93163505360121e-05,-1.93163414027607e-05,-4.34726384357158e-05,-1.88064869966828e-05,2.99917533055622e-05,-2.11621017487419e-05
671,"AGG",-6.10484109896365e-05,-3.17864014556254e-05,-7.75635748268357e-05,-6.31071745336238e-05,-3.9747679493992e-05,5.91426387354013e-06,4.1905764779933e-06,-2.2836545890974e-05
672,"AGA",-9.81596696024145e-05,-9.56504545653436e-05,-7.67105339769661e-05,-9.53575469762298e-05,-4.47592855784169e-05,1.9506069351207e-05,-5.25310444598562e-05,1.53137298541758e-05
673,"AAG",0,0,0,0,0,0,0,0
674,"CTA",2.40072869960075e-05,1.70786673626399e-05,-1.74747364809661e-05,-2.55906565973246e-06,1.68913156616456e-06,-1.68583336509861e-05,-2.43636328655237e-05,-3.22112992013264e-06
675,"GAA",0,0,0,0,0,0,0,0
676,"TTC",0,0,0,0,0,0,0,0
677,"TTT",0,0,0,0,0,0,0,0
678,"ACC",0,0,0,0,0,0,0,0
679,"TAC",0,0,0,0,0,0,0,0
680,"GTC",0,0,0,0,0,0,0,0
681,"CGG",-2.69502984941746e-05,-2.30621363968895e-05,-2.69502971000174e-05,-2.69502848164091e-05,0,0,0,0
682,"TTC",0,0,0,0,0,0,0,0
683,"GAC",0,0,0,0,0,0,0,0
684,"CTG",-4.73940860860776e-06,-9.30402730728903e-06,-8.92430207877476e-06,1.75869512801625e-06,-3.03273777314259e-05,-3.03274085298157e-05,-3.03273839924944e-05,-2.32253472123213e-05
685,"GAG",0,0,0,0,0,0,0,0
686,"CTG",-8.42139311699011e-06,-8.42139505859825e-06,-8.42139288538102e-06,-8.42138885672834e-06,-1.13006148896476e-05,-1.1300626210165e-05,-1.13006172175958e-05,-1.13006004034793e-05
687,"ACG",0,0,0,0,0,0,0,0
688,"TTT",0,0,0,0,0,0,0,0
689,"GTC",0,0,0,0,0,0,0,0
690,"ATA",0,0,0,0,0,0,0,0
691,"ACA",0,0,0,0,0,0,0,0
692,"AGT",7.46385258334789e-05,-3.86175207123544e-05,-2.14775652991679e-05,-5.87317823304327e-05,-0.000154054021203119,-9.60634512200298e-05,-0.000115541787354489,-0.00012367977784518
693,"ACT",0,0,0,0,0,0,0,0
694,"CAA",0,0,0,0,0,0,0,0
695,"CAG",0,0,0,0,0,0,0,0
696,"CCC",0,0,0,0,0,0,0,0
697,"TCA",-5.31238211966037e-05,-6.59946859543222e-05,-6.56616149343234e-05,-6.01086203256717e-05,-6.56850875256133e-05,-7.0622078486807e-05,-5.80037481560876e-05,-6.21586345177117e-05
698,"ACC",0,0,0,0,0,0,0,0
699,"ACA",0,0,0,0,0,0,0,0
700,"CAG",0,0,0,0,0,0,0,0
701,"AAC",0,0,0,0,0,0,0,0
702,"CAA",0,0,0,0,0,0,0,0
703,"GAT",0,0,0,0,0,0,0,0
704,"GCA",0,0,0,0,0,0,0,0
705,"CAG",0,0,0,0,0,0,0,0
706,"ATC",0,0,0,0,0,0,0,0
707,"CTA",-1.231561031666e-05,-1.23156134131185e-05,-4.87349041158247e-07,2.46354794125015e-05,-1.66176408815041e-05,-1.66176566684921e-05,-1.66176446151407e-05,-1.66176229906415e-05
708,"ACA",0,0,0,0,0,0,0,0
709,"CAC",0,0,0,0,0,0,0,0
710,"CAA",0,0,0,0,0,0,0,0
711,"ATT",0,0,0,0,0,0,0,0
712,"ATG",0,0,0,0,0,0,0,0
713,"TAT",0,0,0,0,0,0,0,0
714,"GTA",0,0,0,0,0,0,0,0
715,"CCA",0,0,0,0,0,0,0,0
716,"CCA",0,0,0,0,0,0,0,0
717,"GGT",0,0,0,0,0,0,0,0
718,"GGA",0,0,0,0,0,0,0,0
719,"CCT",0,0,0,0,0,0,0,0
720,"GTA",0,0,0,0,0,0,0,0
721,"CCA",0,0,0,0,0,0,0,0
722,"GAT",0,0,0,0,0,0,0,0
723,"AAA",0,0,0,0,0,0,0,0
724,"GTT",0,0,0,0,0,0,0,0
725,"GAT",0,0,0,0,0,0,0,0
726,"TCA",-4.60777011538566e-05,-3.50786400353304e-05,-4.21078574182902e-05,-4.6077680203579e-05,1.85351920097227e-05,-3.61554154875159e-05,-1.30996037911888e-05,-2.98236959670483e-05
727,"TAC",0,0,0,0,0,0,0,0
728,"GTG",0,0,0,0,0,0,0,0
729,"TGG",0,0,0,0,0,0,0,0
730,"CAA",0,0,0,0,0,0,0,0
731,"ACA",0,0,0,0,0,0,0,0
732,"TCT",-5.6092876576321e-05,-3.86644762346527e-05,-2.83236823461237e-05,-2.61807892868161e-05,-2.33332941271793e-05,-2.11672627423636e-05,-2.37212834310719e-05,-1.56153894868861e-05
733,"ACG",0,0,0,0,0,0,0,0
734,"AAT",0,0,0,0,0,0,0,0
735,"CCC",0,0,0,0,0,0,0,0
736,"AGT",-5.70413260116161e-05,-4.0282570129347e-05,1.1502457100001e-05,-5.57069028746732e-05,1.71635449225379e-05,-1.44759611377236e-05,7.79719275713579e-06,-1.71846521997861e-05
737,"GTG",0,0,0,0,0,0,0,0
738,"TTT",0,0,0,0,0,0,0,0
739,"TGG",0,0,0,0,0,0,0,0
740,"ACC",0,0,0,0,0,0,0,0
741,"GAG",0,0,0,0,0,0,0,0
742,"GGA",0,0,0,0,0,0,0,0
743,"AAC",0,0,0,0,0,0,0,0
744,"GCC",0,0,0,0,0,0,0,0
745,"CCG",0,0,0,0,0,0,0,0
746,"CCG",0,0,0,0,0,0,0,0
747,"CGC",-6.44638699927704e-05,-4.51698934158296e-05,6.36850135106418e-06,-4.10526168794321e-05,-6.11378361510606e-05,-2.21579756333713e-05,-5.33136890081626e-05,-6.7065931647205e-05
748,"ATG",0,0,0,0,0,0,0,0
749,"TCC",-1.92867634661307e-05,-3.54890557362244e-05,-3.87612220562491e-05,-4.20422383338701e-05,-4.12136897099293e-05,-3.40451408665438e-05,-4.25251667444911e-05,-4.27504609321384e-05
750,"ATA",0,0,0,0,0,0,0,0
751,"CCG",0,0,0,0,0,0,0,0
752,"TTT",0,0,0,0,0,0,0,0
753,"TTG",-2.80465347653614e-05,-4.14372695732065e-06,-2.28124066257114e-05,-2.46050530205019e-05,-6.63410203107372e-06,-1.53845826065348e-05,4.36739312915996e-05,-7.74154485100066e-06
754,"AGC",-2.59076480293178e-05,-3.7493644640943e-05,-4.14336738899917e-05,-7.65833677885894e-06,-4.58545876689875e-05,-4.58546383472038e-05,-4.58546014041152e-05,-4.58545172022564e-05
755,"ATT",0,0,0,0,0,0,0,0
756,"GGC",0,0,0,0,0,0,0,0
757,"AAC",0,0,0,0,0,0,0,0
758,"GCC",0,0,0,0,0,0,0,0
759,"TAT",0,0,0,0,0,0,0,0
760,"TCA",-2.66940102939965e-05,-2.6694007938153e-05,-2.66940001219681e-05,-2.66939683940042e-05,-3.89857723260731e-05,-3.89858169098451e-05,-3.89857841098756e-05,-3.89856969073667e-05
761,"AAT",0,0,0,0,0,0,0,0
762,"TTC",0,0,0,0,0,0,0,0
763,"TAT",0,0,0,0,0,0,0,0
764,"GAC",0,0,0,0,0,0,0,0
765,"GGA",0,0,0,0,0,0,0,0
766,"TGG",0,0,0,0,0,0,0,0
767,"TCT",-2.19031115204556e-05,-2.53714190539077e-05,-2.4482557823156e-05,-1.98457444250025e-05,6.65949929817022e-05,5.11368249049537e-05,6.9419241672271e-07,2.27357634303333e-05
768,"GAA",0,0,0,0,0,0,0,0
769,"TTT",0,0,0,0,0,0,0,0
770,"TCC",0.000249157337073393,0.000249893171967136,-1.837966109008e-05,7.5834967645569e-05,1.2909078558117e-05,-4.08075664451503e-05,-4.66232062372772e-05,-2.78792980204619e-05
771,"AGG",-3.20791142837376e-05,-3.34131486752794e-05,-6.40650773984634e-05,-3.83850733215422e-05,-5.28420136425195e-05,-2.57543226546097e-05,-7.19536658988449e-05,-5.71756078334916e-05
772,"AAC",0,0,0,0,0,0,0,0
773,"GGA",0,0,0,0,0,0,0,0
774,"GTT",0,0,0,0,0,0,0,0
775,"TAC",0,0,0,0,0,0,0,0
776,"GGC",0,0,0,0,0,0,0,0
777,"ATC",0,0,0,0,0,0,0,0
778,"AAC",0,0,0,0,0,0,0,0
779,"ACG",0,0,0,0,0,0,0,0
780,"CTA",-3.31514579280324e-05,-1.01963817622665e-05,-4.40405155175519e-05,-2.88245947633489e-05,8.79020996832061e-05,6.94663423141753e-05,6.96273539798079e-06,0.000272059157809712
781,"AAC",0,0,0,0,0,0,0,0
782,"AAC",0,0,0,0,0,0,0,0
783,"ATG",0,0,0,0,0,0,0,0
784,"GGC",0,0,0,0,0,0,0,0
785,"ACG",0,0,0,0,0,0,0,0
786,"CTA",-1.09908142304578e-05,-2.15215245421552e-05,-2.15215199270699e-05,-2.15214702522357e-05,-3.3453166797889e-05,-3.34532032338662e-05,-3.3453178661894e-05,-3.3453015268778e-05
787,"TAT",0,0,0,0,0,0,0,0
788,"GCA",0,0,0,0,0,0,0,0
789,"AGA",-6.90991547817215e-05,5.81105539608335e-06,-6.89971814170245e-05,-0.00010345644612765,-5.69436839898203e-05,-5.63017794700211e-05,-3.10757231375364e-05,9.06035587310695e-05
790,"CAT",0,0,0,0,0,0,0,0
791,"GTC",0,0,0,0,0,0,0,0
792,"AAC",0,0,0,0,0,0,0,0
793,"GCT",0,0,0,0,0,0,0,0
794,"GGA",0,0,0,0,0,0,0,0
795,"AGC",-6.29447188367692e-05,-5.32422588923746e-05,-6.62862530858159e-05,-6.98997616987958e-05,-3.21938424425552e-05,-2.89237457405421e-05,-1.08770918053748e-05,-9.15591014684353e-06
796,"ACG",0,0,0,0,0,0,0,0
797,"GGT",0,0,0,0,0,0,0,0
798,"CCA",0,0,0,0,0,0,0,0
799,"ATA",0,0,0,0,0,0,0,0
800,"AAA",0,0,0,0,0,0,0,0
801,"AGC",-6.57109187029439e-05,-7.29030501477807e-05,-6.2472754918639e-05,-7.90297639692592e-05,-4.2476811485338e-05,-2.75500173656138e-05,-4.24768262783963e-05,-3.24922868283858e-05
802,"ACC",0,0,0,0,0,0,0,0
803,"ATT",0,0,0,0,0,0,0,0
804,"AGA",-7.30033595672001e-05,-1.3645794656779e-05,-5.77229151963767e-05,-4.48963534403953e-05,-4.67923693058607e-05,-5.61510088596952e-05,-4.93167332642179e-05,-5.07992656515561e-05
805,"ATC",0,0,0,0,0,0,0,0
806,"TAC",0,0,0,0,0,0,0,0
807,"TTC",0,0,0,0,0,0,0,0
808,"AAA",0,0,0,0,0,0,0,0
809,"CCG",0,0,0,0,0,0,0,0
810,"AAG",0,0,0,0,0,0,0,0
811,"CAT",0,0,0,0,0,0,0,0
812,"GTC",0,0,0,0,0,0,0,0
813,"AAA",0,0,0,0,0,0,0,0
814,"GCG",0,0,0,0,0,0,0,0
815,"TGG",0,0,0,0,0,0,0,0
816,"ATA",0,0,0,0,0,0,0,0
817,"CCT",0,0,0,0,0,0,0,0
818,"AGA",-7.73310810419603e-05,-7.09769425504481e-05,-4.83986068441845e-05,-7.85491215759504e-05,-0.000115893597221874,-0.000115187581777588,-0.000111200441240524,-0.000100773580921373
819,"CCA",0,0,0,0,0,0,0,0
820,"CCT",0,0,0,0,0,0,0,0
821,"AGA",-0.000106634901492455,-0.000106920877454369,-9.09581314113836e-05,-7.56178179345202e-05,1.71866302449198e-05,8.36716629342751e-06,-5.70185577540162e-06,-1.23312301877743e-05
822,"CTC",-4.70753438737072e-05,-4.70753642158089e-05,-3.52086250046459e-05,-4.70753451310931e-05,5.80817916793301e-06,4.94106639964842e-06,5.14867479320947e-06,-7.83344159259981e-06
823,"TGC",0,0,0,0,0,0,0,0
824,"CAA",0,0,0,0,0,0,0,0
825,"TAC",0,0,0,0,0,0,0,0
826,"GAG",0,0,0,0,0,0,0,0
827,"AAG",0,0,0,0,0,0,0,0
828,"GCA",0,0,0,0,0,0,0,0
829,"AAG",0,0,0,0,0,0,0,0
830,"AAC",0,0,0,0,0,0,0,0
831,"GTG",0,0,0,0,0,0,0,0
832,"AAC",0,0,0,0,0,0,0,0
833,"TTC",0,0,0,0,0,0,0,0
834,"CAA",0,0,0,0,0,0,0,0
835,"CCC",0,0,0,0,0,0,0,0
836,"AGC",-0.00015606519804151,-0.000156365237478466,-0.000151858303812036,-0.00015726998802553,-8.49022685538543e-05,-0.000120621076564867,-0.000108337425750126,-0.000118220402213046
837,"GGA",0,0,0,0,0,0,0,0
838,"GTT",0,0,0,0,0,0,0,0
839,"ACC",0,0,0,0,0,0,0,0
840,"ACT",0,0,0,0,0,0,0,0
841,"ACT",0,0,0,0,0,0,0,0
842,"AGG",-8.2697610361349e-05,-6.63787790853877e-05,-2.01082149363505e-05,-7.07053723281282e-05,-6.3865158946356e-05,-7.05522648386832e-05,-4.2550171296664e-05,-3.1759369269342e-05
843,"CAA",0,0,0,0,0,0,0,0
844,"AGC",-6.9507942856155e-05,-0.000114954878294611,-9.14564100015607e-05,-9.77760520957405e-05,-4.264204249926e-05,-7.14700586807315e-05,-7.80185640855228e-05,-6.97729033191487e-05
845,"ATC",0,0,0,0,0,0,0,0
846,"ACT",0,0,0,0,0,0,0,0
847,"ACA",0,0,0,0,0,0,0,0
848,"ATG",0,0,0,0,0,0,0,0
849,"ACA",0,0,0,0,0,0,0,0
850,"AAT",0,0,0,0,0,0,0,0
851,"ACG",0,0,0,0,0,0,0,0
