"site","wtAA","p2_L1_virus","p2_L2_virus","p2_L3_virus"
847,"T",0.968754758787416,0.187978889333115,0.084748954482257
848,"M",-1.83934610669098,-2.23916865780817,-2.14646219436727
849,"T",0.995604045531821,0.400469862865439,-0.0814531794307702
850,"N",-3.71499059248126,-3.81425606914895,-3.7646449509339
851,"T",-0.717947510551729,-1.50519404033007,-1.77973046411104
852,"G",-6.14866612309983,-5.81087156015669,-5.90910798616497
853,"A",2.14742578242507,1.47156204417833,1.08521325327193
854,"F",2.33618350008035,1.7943418943149,1.64731803298087
855,"G",2.35102585654933,1.61235667967309,1.41829849595711
856,"Q",2.211315903606,1.53937118936675,1.37272437799642
857,"Q",2.1554332819548,1.58084834747157,1.19115390900762
858,"S",1.94938762031749,1.62176110474004,1.22172089944544
859,"G",2.2177740135661,1.52505125925967,1.1800502538198
860,"A",1.76439727791644,1.29474475702968,0.971398064979814
861,"V",-0.148252160456445,-0.817669797330651,-1.11395612476917
862,"Y",1.73991771324573,1.35191326934052,0.669867353422763
863,"V",0.796615974241321,0.0646988110864766,-0.0943248564564633
864,"G",0.554071198962263,-0.116858351226705,-0.28304154773559
865,"N",0.819212572338392,0.309151145004468,0.112970346881096
866,"Y",-4.84989043305593,-5.19279545483177,-5.05611591368106
867,"R",0.588902813254423,-0.186817000068074,0.00318804575853391
868,"V",-3.23829294856952,-3.43324722157413,-3.35451368996546
869,"V",0.745667267172343,0.364910478306304,-0.14134138381993
870,"N",-2.65044900912031,-3.20826651232855,-3.03339095691544
871,"R",0.362117082539722,-0.529039983868803,-1.29930775922032
872,"H",-5.57384737156965,-5.69084063704341,-5.29563211498077
873,"L",0.628632577052646,0.409031608559279,0.10336352619278
874,"A",-1.46067602884355,-2.19143262867398,-2.46651706284263
875,"T",1.68237848702125,1.21645262956248,0.776876034376225
876,"S",1.5019074322082,1.05630310312658,0.884608912849328
877,"A",1.99074514061826,1.19961189539893,0.911354082007356
878,"D",-0.00599420263419907,-0.495381724779595,-1.19885664394816
879,"W",1.22784415869066,1.03388109821181,0.48666349798879
880,"Q",1.63701376173719,1.10042188976003,0.899085073583616
881,"N",1.39739739177222,1.31725487466426,0.567906085314442
882,"C",1.36118995869071,1.0788778759283,0.848795536788547
883,"V",-0.786086184432562,-1.5860887122108,-1.70191656516686
884,"W",-0.169713523612751,-0.488374047399852,-0.93132982259846
885,"E",1.34562956060473,0.690936759641622,0.272303522311131
886,"S",1.12108479905632,0.650148280052228,0.165264945078272
887,"Y",2.08424284157553,1.31316166284217,1.30651292438865
888,"N",1.41618027169952,1.06037407404733,0.968534609196377
889,"R",-3.44230701082568,-3.35667110319973,-3.43373663138582
890,"D",-4.98761414517963,-4.733873207416,-4.582153177297
891,"L",-2.93541524179036,-3.17553574754851,-3.38847939048015
892,"L",-0.951686620928201,-1.53620498118387,-1.78289891881578
893,"V",-2.38110489081078,-2.80265207704303,-2.94961077550489
894,"S",0.817896251090889,0.0645393769796555,0.0816227295266926
895,"T",-0.246351446919882,-0.829448888177472,-0.765289153554586
896,"T",1.491882894722,0.993043389431616,0.615630478350716
897,"T",1.96207468457557,1.59596797008375,1.20363298665932
898,"A",2.06009461245252,1.34377038271939,1.11057395763238
899,"H",0.716081984757065,0.0972799191969542,0.0850797214457728
900,"G",1.3699421845448,0.93228692443608,0.559473640123313
901,"C",2.21676072996001,1.46478868392558,1.49619914652008
902,"D",1.40492560203953,0.962240055369106,0.571385466264229
903,"I",1.99814663599565,1.86018176050619,1.43865999577279
904,"I",-0.228239293630704,-0.730418958651451,-1.23096048357747
905,"A",-2.67015278880181,-3.43372581110693,-3.21807364144958
906,"R",0.965372096254987,0.231793100671207,0.116543091005494
907,"C",-5.04132283170857,-4.87660332563534,-5.10356462660274
908,"Q",1.61767598400408,1.21732824511022,0.761455913703545
909,"C",-4.45811479799991,-4.47312216677837,-4.55164748867064
910,"T",1.41771981983415,1.00262253634935,0.871428423935479
911,"T",1.39947807217901,1.05559520590581,0.984304940058582
912,"G",-3.90793764921856,-3.90360736179944,-4.03375540212893
913,"V",1.21477410744305,0.908705814247188,0.518240003012194
914,"Y",-2.78828064884821,-2.98706425967901,-3.2221802175774
915,"F",1.50821427896905,0.515755071157544,0.46871502531419
916,"C",-0.759786862601677,-0.601208439891004,-0.706697378289479
917,"A",1.65544975137387,1.37723131164454,0.705617058161497
918,"S",-0.318693003020466,-1.00754432488214,-1.04319028784211
919,"K",1.228561700401,0.758929880517402,0.5842537486256
920,"N",1.29297273338256,0.906413854290665,0.575563909650321
921,"K",1.80032322045061,1.19636237711646,0.939607655127242
922,"H",2.08762194811542,1.31722017009534,1.48895346472733
923,"Y",1.83933357368474,1.15492953552166,1.12474059648952
924,"P",1.94504226093881,1.25200653423798,0.801107481079982
925,"I",-0.27750599491723,-1.32066215888309,-0.881136433200593
926,"S",1.69670204063403,1.34195456097947,1.02340693229156
927,"F",-0.334728737573442,-0.803556856627441,-1.27698731335443
928,"E",1.52065941058496,1.15544663324466,0.898611682697279
929,"G",1.55073958685223,0.875819436307515,0.407903713640112
930,"P",0.72415025679835,0.529764507782513,-0.189097403737857
931,"G",0.773920704949035,0.694772640753524,0.384328164798805
932,"L",0.847660638616824,0.720756049681263,0.268478894254774
933,"V",0.866956907882811,0.672884068114299,0.503212095950646
934,"E",1.02327868339999,0.992181253981049,0.633400452060072
935,"V",-1.83686879440151,-1.60578605050858,-1.98645658935364
936,"Q",0.775096375297739,0.826823878203385,0.382286295068424
937,"E",0.981251575676217,1.06895409156838,0.943873770547292
938,"S",-2.68371212141024,-2.52511494272602,-2.86761115949928
939,"E",1.0700633594363,0.89970687217173,0.567082529842183
940,"Y",-1.32503790545055,-1.28119340221729,-1.3290163567104
941,"Y",-3.82549788157536,-3.74026884745806,-4.00343923645275
942,"P",1.03282568547711,1.24744982645314,0.820416302170709
943,"R",1.19231536913507,1.101583798396,1.01491236983454
944,"R",-1.84680150312609,-1.89192936005954,-1.92316912058406
945,"Y",1.36466724584189,0.981019162799277,0.836943971774016
946,"Q",-4.16215978052537,-3.88568232577376,-4.07587221215368
947,"S",0.919037005425379,0.908500357259108,0.266665816127172
948,"H",0.464497527867397,0.376833480489062,-0.041035353829725
949,"V",-2.34647553953707,-2.10987785563577,-2.34455931645492
950,"L",-0.380948529179183,-0.392844411701358,-0.770313060474842
951,"L",1.05745393433811,0.698550287144584,0.392055655472852
952,"A",-3.40404504929438,-3.06443507709475,-3.09118236310413
953,"A",1.16054315547404,1.05854179866652,1.17355594763189
954,"G",-3.37140263657702,-3.28215129207625,-3.13528391793473
955,"F",1.2231733407222,1.47318395670508,1.33362311030696
956,"S",-2.4070538769359,-2.28781969050133,-2.4645369676812
957,"E",0.911799623891136,0.896610976900814,0.62119896947559
958,"P",1.11782227385864,1.14082050760555,0.722920664438908
959,"G",-4.56841497674901,-3.91983538305417,-4.31969928134187
960,"D",-3.90596818965498,-3.52345588979259,-3.71933424241189
961,"C",-4.65116698683945,-4.41877264381887,-4.49580979141105
962,"G",-3.80375708913858,-3.84971927556122,-4.00524877538992
963,"G",0.166055004636234,0.248386397395109,-0.0130874137687887
964,"I",1.37082413675341,1.5423215961823,1.26061733351044
965,"L",-2.80179606491424,-2.68603018172364,-2.72116081350162
966,"R",1.01817179978424,0.960306942728488,0.480188204603313
967,"C",-4.59259569022502,-4.29958235835325,-4.2866710295334
968,"E",0.855122282337261,1.0276133442959,0.6245874320044
969,"H",-4.48504236909761,-4.2948674017708,-4.29892722016095
970,"G",-4.72611933246381,-4.23348632977164,-4.36502036706534
971,"V",-1.18136442715678,-1.16199461281002,-1.11901362111892
972,"I",-1.81881721333144,-1.76472900174187,-1.95813576048773
973,"G",-4.43312352179819,-3.84756143016122,-4.04564596822317
974,"I",-1.92464073410992,-1.70258137068759,-1.83050960858135
975,"V",-2.75825945039855,-2.59429887471224,-2.64014933316895
976,"T",-3.86801601816308,-3.54937370693853,-3.50033396675848
977,"M",-2.18572577176188,-1.93436509973203,-2.10810572671478
978,"G",-3.97745775608354,-4.00965028865253,-3.97899813013118
979,"G",-0.110310790713845,-0.108520878921743,-0.420023314032017
980,"E",0.948541156026781,1.30712632649698,0.911073241693401
981,"G",0.902318856577087,1.14215117402207,0.959754156211398
982,"V",0.934751151622126,0.938594419865524,0.735795264379539
983,"V",-2.72097429923501,-2.70642630429779,-2.77131709125843
984,"G",-4.44875535687707,-4.16342557525219,-4.01980145971742
985,"F",-2.01957777862683,-1.87865469227488,-2.49179276612883
986,"A",-1.88247643352906,-1.93660206812727,-2.05519738611407
987,"D",-0.224231965695296,-0.602389269226679,-0.795053711885929
988,"I",-1.82162027792315,-2.04221543703528,-2.22211206959296
989,"R",-4.04504379589387,-3.78629381194817,-3.76545025792813
990,"D",-1.71986411948093,-1.7323479110647,-1.76280281190305
991,"L",-0.228982632914807,-0.461561450063579,-0.512147151141442
992,"L",0.78557859684632,0.574029408367312,0.645414978508076
993,"W",-0.958113372225333,-1.27850147788517,-1.49565052846171
994,"L",-2.54289541781517,-2.67712154222118,-2.90583920964766
995,"E",-0.854850705012672,-0.688162906453592,-1.24473711413055
996,"D",0.84100391548149,0.483290800276597,0.323913225616023
997,"D",-0.0712855933021711,-0.260205883801236,-0.182755377380353
998,"A",-2.78543792424837,-2.32992650663335,-2.67090678795599
999,"M",-0.679342379294535,-0.708975020759589,-1.07263128062819
1000,"E",0.405597725516215,0.475834426975856,-0.0649859914964165
1001,"Q",-4.42220778009593,-4.20078658069936,-4.51761311575635
1002,"G",-3.44943360699167,-3.33521270281252,-3.42932410739357
1003,"V",-2.93909189341625,-3.07443882938014,-3.04761651989444
1004,"K",-1.44686442584821,-1.47480265795008,-1.84473897600125
1005,"D",-1.23493033279455,-1.64612723783576,-1.74653665626683
1006,"Y",-3.66200089167076,-3.75575425453554,-3.47509625502044
1007,"V",-2.93727005142984,-2.80288888701017,-2.62154972365016
1008,"E",0.0227549750019952,-0.6453361233006,-0.325057967409084
1009,"Q",0.339646428815256,-0.0299487517139446,-0.0194808549805518
1010,"L",-4.25016480851051,-4.00735024271854,-4.2031886279332
1011,"G",-4.66029952230057,-4.54464922027545,-4.50982800528333
1012,"N",-0.110316631176427,-0.186320688595232,-0.70758622166639
1013,"A",-3.52089610776703,-3.61837221565956,-3.65655286388648
1014,"F",-4.40071700085386,-4.48755623775343,-4.41905284270625
1015,"G",-4.19802790492569,-4.31952994477431,-4.46531809238025
1016,"S",0.111071225840172,-0.0919455852714716,-0.279042732041708
1017,"G",-4.24595267066055,-4.18402755384576,-4.24675056523385
1018,"F",-4.34012830966325,-4.53010510293044,-4.51400725234186
1019,"T",-3.02833170235603,-2.89498335843157,-3.06346873138301
1020,"N",0.466813657903792,0.16196021807657,-0.0935865417533123
1021,"Q",-1.21196806901779,-1.34510359116421,-1.28739032801729
1022,"I",-3.53495239914334,-3.38241555642354,-3.50146766889084
1023,"C",0.140193876448523,-0.0085288544668493,0.00883520998777398
1024,"E",-0.110690673709636,-0.672025380675242,-0.399633861283992
1025,"Q",-2.66458566673794,-2.43040176154936,-2.70078852975526
1026,"V",-2.27847847029139,-2.44173464322939,-2.59600219575698
1027,"N",0.546874225864114,0.403333178565474,0.13403536547023
1028,"L",0.459270324256225,0.0835442819043936,0.190448286273062
1029,"L",-3.00694901933907,-2.99249308748195,-3.11630701188531
1030,"K",-2.25092909905957,-2.42914586188157,-2.35206709762688
1031,"E",-0.598448014530875,-0.634662206550638,-0.889223271628144
1032,"S",0.814902600090569,0.0952090184706891,0.212008593743752
1033,"L",-3.19093842762827,-2.97350145711599,-3.16484926324254
1034,"V",-0.325208943579402,-0.129644273558528,-0.467764780952746
1035,"G",-2.08657474278273,-2.1478505657536,-2.27082036718297
1036,"Q",-0.819760191525681,-0.98011118189983,-1.2692732807131
1037,"D",-1.86701184066601,-1.62505219623079,-2.17377453940241
1038,"S",-0.479019548855834,-0.424863973344971,-0.817224706315007
1039,"I",-0.684045824496161,-1.26926880730951,-0.868775449128762
1040,"L",-2.68066708567739,-3.07184227876303,-2.6964064437355
1041,"E",-2.68918206837033,-2.76560461771202,-2.87919043220862
1042,"K",-3.26448101289715,-3.12065395104164,-3.14922536856771
1043,"S",-3.41448384565959,-3.24341134789259,-3.49236498903327
1044,"L",-2.98528566780617,-2.99829511680005,-3.19503315020461
1045,"K",-1.46144114433294,-1.8438900463868,-1.9825910202479
1046,"A",-0.866942383247945,-0.992226047704701,-1.05543869077075
1047,"L",-3.22261597721517,-3.01662139899841,-2.89808072594696
1048,"V",-2.70367615432488,-2.75688817840978,-2.39476414312047
1049,"K",-2.71034286148269,-3.01736192195829,-3.05960173699548
1050,"I",-3.51049962101343,-3.24377557941235,-3.23761728204728
1051,"I",-3.2115829658812,-3.15096270757476,-2.95972017833377
1052,"S",-3.86525187717506,-3.78415055411128,-3.82897613747435
1053,"A",-2.7641105685591,-2.55888331823672,-3.03999501209856
1054,"L",-3.2882466296716,-3.11945901587371,-3.3844720204479
1055,"V",-3.18922717826076,-3.06540925637435,-2.9727886625204
1056,"I",-3.46753457005698,-3.33366769470696,-3.34656892383655
1057,"V",-2.56656113432573,-2.54475487715877,-3.07884997628458
1058,"V",-2.4808927506813,-2.17214837197057,-2.17353344751156
1059,"R",-1.25639809214882,-1.59323762054497,-1.8466008757111
1060,"N",-1.95320076907254,-1.96672511539666,-2.05646186498654
1061,"H",0.103046128009003,0.0185387613194118,-0.139341947253499
1062,"D",-1.25516063725646,-1.31377601433089,-0.978190358433649
1063,"D",-4.33567872090972,-4.06807413537834,-3.96435958652762
1064,"L",-0.134050635629628,-0.395004548401545,-0.600366265693503
1065,"I",-1.33980102479064,-1.57438482742402,-1.40643456504081
1066,"T",-2.54731684301585,-2.58552373253458,-2.73400768036741
1067,"V",-2.01605105828457,-1.96713976853564,-2.15557615886386
1068,"T",-2.05149088069659,-1.99428097272438,-2.11258646690062
1069,"A",-3.53765050998208,-3.62796080214422,-3.68685381706802
1070,"T",-2.59514968790556,-2.51820532161996,-2.67936954145999
1071,"L",-3.64162059886633,-3.77452733312618,-3.657348819044
1072,"A",-3.34542823233895,-2.83788968197918,-2.69283393915299
1073,"L",-3.21962306955851,-3.0676602551861,-3.13054174973658
1074,"I",-2.92073843512323,-3.05843025416661,-3.21714079419319
1075,"G",-3.39790944945936,-3.26632380002965,-3.20817153154243
1076,"C",-2.94875070862435,-2.95609186131933,-3.00078757942117
1077,"T",0.251895791829275,0.245979031402405,-0.0348813683129709
1078,"S",0.0685032817540124,-0.248889455556265,-0.420275695413029
1079,"S",-3.79107482504296,-3.93056791298934,-3.96748584458964
1080,"P",-4.61566096876429,-4.43978606046876,-4.56140141148239
1081,"W",-3.21917830519201,-3.00305154920992,-3.43301044081575
1082,"R",-1.46190086039477,-1.78082794104441,-1.76445975730963
1083,"W",-1.26178364944119,-1.70845993894186,-1.91048880340882
1084,"L",-3.16611525923683,-2.91564381127509,-3.20461872400181
1085,"K",-4.45011076934939,-4.10880068421394,-4.10839633048528
1086,"Q",0.419911605755552,-0.0649142615856613,0.0221933262804657
1087,"K",-3.82114367453543,-3.33564278462423,-3.43123399075555
1088,"V",-2.51081115662587,-2.82062159731259,-2.77783755809931
1089,"S",-1.59867106914831,-1.42471473023515,-1.31900804963221
1090,"Q",0.0533059956819623,-0.309313699326745,-0.614934653270688
1091,"Y",-0.758549670573945,-0.914393781799507,-1.1526397740589
1092,"Y",-1.47123365512529,-1.45997084118193,-1.63894921085275
1093,"G",-0.281294452870463,-0.634610088303827,-0.765532240566146
1094,"I",-1.16421455935698,-1.37471113804715,-1.51413798551389
1095,"P",0.268871952669961,0.481324092907273,0.0858941836042514
1096,"M",0.105219712974886,0.0141646437663018,-0.368874999727704
1097,"A",-2.83651264854438,-2.94818414639298,-3.42365526377918
1098,"E",0.0384627085181841,0.138444476837258,0.044612585068329
1099,"R",-2.18339736792516,-1.7256431957573,-2.05231686893667
1100,"Q",-4.35419947224918,-4.2600539887344,-4.35654799252154
1101,"N",-1.96316799898928,-1.64835721417138,-2.03840576253284
1102,"N",-0.18712467145058,0.0786481216475298,-0.491621952583635
1103,"S",-0.493798843500877,-0.436641466907048,-0.452271948899883
1104,"W",-4.15063907702465,-3.98566137511698,-4.1343105605755
1105,"L",-1.7186740381224,-1.95171028664469,-1.66398618738777
1106,"K",-4.32934120858052,-4.32102355892459,-4.41873728455347
1107,"K",-3.24520317566621,-2.64460043784013,-2.98071068700462
1108,"F",-3.89909276604216,-3.64913812734295,-3.92878985215077
1109,"T",-1.73127039638415,-1.4569096580592,-1.64269189335299
1110,"E",-2.57096518628938,-2.68621116122689,-2.9846965534739
1111,"M",-1.8218911964853,-1.42191522489258,-2.1473511855397
1112,"T",-2.36135985325547,-2.30785111787194,-2.5731257148452
1113,"N",-1.85873984014066,-1.71005600796129,-1.99763793045313
1114,"A",-3.01045566765196,-3.35430553503349,-3.10170372128487
1115,"C",-2.15210277333625,-2.16712275953941,-2.29918050327168
1116,"K",-4.27164153725539,-4.01396845607765,-4.06309676830857
1117,"G",-3.85749619972432,-4.14232207875748,-4.00104227537199
1118,"M",-2.39061261251026,-2.13436792501724,-2.4383841755597
1119,"E",-4.23187225974644,-4.24940282337889,-4.29451326283119
1120,"W",-3.54338182907329,-3.4092786756712,-3.56356806589326
1121,"I",-3.49023404657584,-3.53491063489671,-3.47810377404729
1122,"A",-2.37766746088227,-2.50627328690343,-2.76488234613996
1123,"V",-0.412971344783294,0.10747782977998,-0.229126669584469
1124,"K",-4.55095423982283,-4.37747781595923,-4.42769541179417
1125,"I",-3.04247899811565,-2.77799229663613,-3.22278601274947
1126,"Q",0.25310421633815,0.333212174900464,-0.078007485218627
1127,"K",-3.41086214158781,-3.33971740320226,-3.42394307125208
1128,"F",-3.9090120658195,-4.04472647447716,-4.17289235136168
1129,"I",-1.93095843684491,-1.86592329804994,-1.81047754939535
1130,"E",-1.02191143573387,-0.77394023096813,-0.778081817418448
1131,"W",-3.44005432145017,-3.3099632962542,-3.61596986899509
1132,"L",-2.86249757989368,-2.39578599226115,-2.58040670267519
1133,"K",-2.71318657357802,-2.86664825418572,-2.90730119666993
1134,"V",0.423134456376084,0.535731351916471,0.571493070257779
1135,"K",-0.55092991913676,-0.705593162817081,-1.01561471933407
1136,"I",-2.52195420350706,-2.75432585860338,-2.88907099748229
1137,"L",0.331140919375228,0.274440349359632,0.102451485379079
1138,"P",-0.746307346919421,-1.09883342694389,-1.2783153508328
1139,"E",-0.204943920004926,0.0259420321958022,-0.192260424972409
1140,"V",-1.44296844034155,-1.34608163219901,-1.1041829531147
1141,"R",-0.88258585061184,-0.431325496396899,-0.795030789514285
1142,"E",0.26943657409023,0.202374011958611,-0.121954202378611
1143,"K",-2.74963292996248,-2.50391392476475,-2.84271619992147
1144,"H",-0.674206297687278,-0.543625951054763,-1.10279095361024
1145,"E",0.590740663670442,0.753613436169121,0.163207380885658
1146,"F",-3.751426866328,-3.8149679331279,-3.85643062532509
1147,"L",-1.84672084434267,-1.98622231485993,-2.072038355955
1148,"N",0.387204037582966,0.4382951718352,0.378898039651404
1149,"R",-1.17122429330333,-1.24117513524616,-1.21051996596396
1150,"L",-3.03508004127666,-2.81373941009698,-2.90638063615708
1151,"K",-1.67840781727509,-1.37674938127522,-1.91538242421115
1152,"Q",-1.54484509887383,-1.4761853623528,-1.49900009290021
1153,"L",-3.54022279938874,-3.39779904601355,-3.36113574731162
1154,"P",-1.02184690003854,-0.797131809201972,-1.18097375481808
1155,"L",-3.87176141780141,-3.57968001965551,-3.84008544062025
1156,"L",-2.96701861412107,-2.84869642586981,-2.89512238539295
1157,"E",-3.40172881251902,-3.4564107779255,-3.53746696084433
1158,"S",-1.97731836422831,-1.55001553066762,-2.0022412442066
1159,"Q",-4.08271436282934,-4.17105714142627,-4.37814540667859
1160,"I",-3.35008558222649,-3.04798865825491,-3.17840796722028
1161,"A",-0.204721617287617,-0.263052835708486,-0.434864800691284
1162,"T",-1.71191217139559,-1.58672651367523,-1.64741819467516
1163,"I",-3.6808797212371,-3.66011742518197,-3.68794417634472
1164,"E",-2.57717932916847,-2.60198930909865,-2.93269439395665
1165,"Q",-1.64452836089858,-1.75935234514592,-1.87414522194428
1166,"S",-4.00483951862999,-3.83290455073447,-3.95734693004153
1167,"A",-2.28863378135188,-2.4856186952267,-2.89588233471466
1168,"P",-4.38369910979841,-3.75396354087589,-3.41231660726525
1169,"S",-2.8639569975576,-2.6107203183468,-1.93401815289309
1170,"Q",-4.71988458953586,-4.06685005744762,-3.70808061349961
1171,"S",0.582249647556924,0.0692431354218854,-0.0688868480047617
1172,"D",-1.39021312276823,-2.17899251460995,-2.66470402625792
1173,"Q",-4.13588032323061,-4.30046113314491,-4.68623902750554
1174,"E",-4.55597188777562,-4.75786442600924,-4.93342502252888
1175,"Q",-0.0638606289306234,-0.598033337318231,-1.04824887488865
1176,"L",-3.73369748502639,-3.81457264447841,-4.05502122974915
1177,"F",-4.1911468907389,-4.35248629246401,-4.47643167657291
1178,"S",-0.50260506778024,-0.841007400445699,-1.27098747667528
1179,"N",-4.39524632484016,-4.65536795477014,-4.86145052436266
1180,"V",-2.74442771727296,-2.82834099376236,-3.31053686035858
1181,"Q",-1.73105705017364,-2.32132939750301,-2.22204279794661
1182,"Y",-3.90541188815051,-3.69035048809314,-3.93279600393725
1183,"F",-3.92983590602326,-3.86876144052011,-4.1282151544902
1184,"A",-2.49575379420782,-3.04922871171096,-3.36884548430939
1185,"H",-3.27969842886543,-3.40940196281034,-3.74671669774857
1186,"Y",-2.81708895559249,-2.763206555595,-3.22764653521132
1187,"C",-2.20144344877927,-2.53659456418958,-2.994412014065
1188,"R",-4.58289913758689,-4.55849231897305,-4.81082155339782
1189,"K",-1.24319691138679,-1.66694514110239,-2.0533727708536
1190,"Y",-2.38746269501899,-2.80301277986917,-2.95444359089307
1191,"A",-0.338845898798796,-0.963753252056195,-1.48806229507955
1192,"P",-4.16546125917523,-4.45409940193041,-4.64329437042963
1193,"L",0.199140484092228,-0.737072321831001,-0.968576487236816
1194,"Y",-3.78746996293492,-3.74270754488075,-3.96251102269884
1195,"A",-3.26964282477027,-3.32936777337992,-3.62759276403655
1196,"A",0.678800151892281,0.600732157098051,-0.326241423593161
1197,"E",-4.43296571931963,-4.38180746511303,-4.34925344724593
1198,"A",-2.12140690809832,-2.4871739254124,-2.62238950774361
1199,"K",-4.04064055809013,-4.16229423188526,-4.49624971445332
1200,"R",-2.02127807957334,-2.28928511617704,-2.54969450946996
1201,"V",-3.05454741001102,-2.91687587511852,-3.16163583565079
1202,"F",-2.31545128535977,-1.97705965001256,-2.58972322185895
1203,"S",0.371043500220431,-0.0211220196385339,-0.00398627612473634
1204,"L",-2.80809680158459,-2.96519870026534,-3.02508027675286
1205,"E",-4.39192138505872,-4.05289561530881,-4.49803746991119
1206,"K",-4.12429682759433,-3.90008778870612,-4.04612310817838
1207,"K",-2.8331293290765,-3.13192735873387,-3.1460347880559
1208,"M",-3.33689370550485,-3.28256666041018,-3.39347416623979
1209,"S",-0.112534943172119,-0.58853290788326,-0.642133572211474
1210,"N",-2.7017622335053,-2.55808759260609,-2.74139277686802
1211,"Y",-4.32954987936786,-4.16949257974345,-4.3560591862756
1212,"I",-4.22205480361717,-4.33495583488867,-4.48014504938264
1213,"Q",-4.14349267522377,-3.91708002082197,-4.27352535208612
1214,"F",-4.38601752265362,-4.07261856272651,-4.28530733259425
1215,"K",-4.72056759867154,-4.30121952490368,-4.21783542881869
1216,"S",-4.65176157708029,-4.33723778659649,-4.5767698689121
1217,"K",-4.77599347905115,-4.62859273825663,-4.64151691353031
1218,"C",-3.81079718233846,-3.99153707452032,-3.97787672373981
1219,"R",-4.38169836103103,-4.46319977415416,-4.47414980975377
1220,"I",-4.57534201418463,-4.5715390750982,-4.59770376452322
1221,"E",-4.39861215225489,-4.44376897743511,-4.611253108244
1222,"P",-4.51071246626435,-4.6246337900463,-4.66772423318852
1223,"V",-4.68709255046545,-4.42476702023778,-4.47870884066853
1224,"C",-4.32151531213977,-4.17153009071316,-4.39241756501543
1225,"L",-2.51976264743704,-2.81066388515485,-2.93416332474902
1226,"L",-3.85015478337054,-3.8565685393806,-4.17029199749051
1227,"L",-3.71581854726407,-3.69213722145071,-3.87040730949167
1228,"H",-4.24269939674234,-4.08948886812048,-4.21595868695917
1229,"G",-4.41991356166236,-4.50039484832988,-4.41727339701677
1230,"S",-0.690787666040217,-1.1975585080949,-0.970140430494209
1231,"P",-4.44657152405167,-4.30905289161328,-4.55071136564543
1232,"G",-4.70070043395408,-4.57497213640469,-4.60985738294102
1233,"A",-2.18516739580336,-2.16032880472695,-2.63912096772169
1234,"G",-4.76058586600931,-4.57781621207561,-4.70072874036228
1235,"K",-4.44769069790311,-4.34917939872138,-4.4228126851554
1236,"S",-4.29468932768633,-4.43497075219815,-4.57760829291133
1237,"V",-2.89850316679082,-3.2832440646709,-3.31520939319175
1238,"A",-3.68953420164033,-3.96687879477761,-4.42365863554418
1239,"T",-4.8509311400017,-4.8168202953852,-5.00884998363824
1240,"N",-1.91248092700216,-2.2929368101662,-2.75507525213263
1241,"L",-3.92145121745735,-3.74230967168569,-3.64300957500759
1242,"I",-3.27660307653439,-2.93064903268337,-2.90187524319581
1243,"G",-4.75965527240361,-4.73896047757651,-4.84402777192923
1244,"R",-4.88634633280343,-4.798887212451,-5.01101697923188
1245,"S",-1.89098520805081,-2.31994990302238,-2.48355377678742
1246,"L",-4.29118805142149,-4.6250722207055,-4.61050621056819
1247,"A",-3.97986715503844,-4.02665942182882,-3.94407467239302
1248,"E",0.248460634067625,-0.424445444024909,-0.887588002846929
1249,"K",-2.55505111309023,-3.07440925697899,-3.43781708103052
1250,"L",-2.71974298408505,-2.86840246248573,-3.16552502245481
1251,"N",-0.847063370039585,-1.23242615148656,-1.74051033494215
1252,"S",-4.19233973127095,-3.84048232909662,-4.07348692134667
1253,"S",-3.00986034464836,-3.07172631967185,-3.18728980985556
1254,"V",-2.18659567768133,-2.17013097888742,-2.73964844477115
1255,"Y",-4.9555157013094,-4.83487877597342,-4.70941157649939
1256,"S",-4.74460586077886,-4.52851893504701,-4.65033733454914
1257,"L",-4.73328710844798,-4.59459916681885,-4.62586473964885
1258,"P",-4.73356945812734,-4.91091278852068,-5.10015784755356
1259,"P",-5.0545548024527,-4.84072623658827,-5.01344809818909
1260,"D",-4.9649086958302,-4.82397061064925,-4.97745178164536
1261,"P",-4.66112089594291,-4.70610399002131,-4.91264406624032
1262,"D",-0.848620509270471,-1.46407139464,-1.47232066093265
1263,"H",-4.48891095724154,-4.31860926860578,-4.29558593655891
1264,"F",-4.71121619310037,-4.53252409643314,-4.72861417616139
1265,"D",-5.00401286637845,-4.74204943175077,-4.62718372703618
1266,"G",-4.45400860141679,-4.3584905936662,-4.42926051728195
1267,"Y",-5.14805845664325,-4.8124079539743,-4.87948605327939
1268,"K",-4.93486434701178,-4.80715521346098,-4.88426234338648
1269,"Q",-2.81093804681358,-3.01133369257962,-3.19763503232309
1270,"Q",-4.29070493743998,-4.36230119641276,-4.27646694551817
1271,"A",-1.72809318718362,-1.83494564354669,-2.36981620858373
1272,"V",-3.70737169463725,-3.49527530458788,-3.6391022981125
1273,"V",-2.99264163726744,-3.17766166847521,-3.35960348310736
1274,"I",-4.54605489459646,-4.5399153630937,-4.63203913596363
1275,"M",-4.56887408626094,-4.42215296498308,-4.37001298545945
1276,"D",-5.02099578819663,-4.69832310714768,-4.74811752584591
1277,"D",-5.14915520944055,-4.88782839863554,-4.76295376487656
1278,"L",-5.18788905012661,-4.97501811409162,-4.90348237604819
1279,"C",-3.59875282266026,-3.42368969322752,-3.36656628796464
1280,"Q",-4.922024057063,-4.90346352024476,-5.01490552666851
1281,"N",-5.07469190338409,-4.88601668166118,-4.78368978449809
1282,"P",-4.71678344662918,-4.70045928073316,-4.79308771003763
1283,"D",-4.4821372290622,-4.19605843527237,-4.29676099298951
1284,"G",-4.65798964677123,-4.4579558815246,-4.28927550916433
1285,"K",-1.93203614962538,-2.26832757187739,-2.43014237695354
1286,"D",-4.859055108411,-4.6027246900471,-4.54363479909215
1287,"V",-4.11010616430704,-4.00338570784808,-3.91076812404711
1288,"S",-4.24794723245845,-4.25675817842771,-4.17664534516476
1289,"L",-3.53276643292327,-3.54868180759049,-3.68384353576065
1290,"F",-4.57921948165612,-4.26361588898021,-4.38831088967949
1291,"C",-4.78004992786103,-4.59314127282498,-4.61260013192289
1292,"Q",-5.06509709271218,-4.84508380826486,-5.08975054866544
1293,"M",-4.64537369494547,-4.51798660587336,-4.6837333462259
1294,"V",-4.51662943268993,-4.49789795678141,-4.53934551450127
1295,"S",-4.76096696645097,-4.72831199918275,-4.88255762825057
1296,"S",-4.21905494367488,-4.27276443443089,-4.27343012054154
1297,"V",-4.87235512211337,-4.87735901026176,-4.94803227924518
1298,"D",-4.44709718779319,-4.61226864396355,-4.3907209285314
1299,"F",-4.78924381312859,-4.63322666593484,-4.45790716851988
1300,"V",-2.07702323802464,-2.24700898603138,-2.36719056537158
1301,"P",-3.81158416078683,-3.95941813032517,-4.10161959128477
1302,"P",-4.44018452824726,-4.54972267165279,-4.69518277470269
1303,"M",-4.66046321258149,-4.63925118419393,-4.47031928908301
1304,"A",-4.62349774234569,-4.63879773124628,-4.70462393379413
1305,"A",-3.1289072733161,-3.01680145030969,-3.50130827406461
1306,"L",-4.42938165794465,-4.23004498007303,-4.18525991082425
1307,"E",-4.45590613920145,-4.45717718427952,-4.17506987630705
1308,"E",-3.3417433828691,-3.39516229931492,-3.79188689556214
1309,"K",-4.73916520596097,-4.61240138197329,-4.49413912452895
1310,"G",-4.78546447955328,-4.74557160551262,-4.73006876454188
1311,"I",-1.41701549458811,-1.87113437406976,-2.29446111584527
1312,"L",-1.77415684499099,-1.70905715583382,-2.24172446670382
1313,"F",-4.73308694759697,-4.60766310305484,-4.81343920945505
1314,"T",-1.76087126225811,-1.91607197954993,-2.57278485873719
1315,"S",-4.45655565425257,-4.23396434164778,-4.43311394600458
1316,"P",-0.087602361610666,-1.20987743896929,-1.6159835000351
1317,"F",-4.30364487150444,-4.05079911333383,-3.95110282396803
1318,"V",-3.90434844468937,-3.85324685679687,-3.76739652910566
1319,"L",-4.00635931245865,-4.04806950878087,-4.15285942190859
1320,"A",-4.69332496379881,-4.49996788487526,-4.5097651123254
1321,"S",-4.94143862070641,-4.54674786383163,-4.75166333855242
1322,"T",-5.00011049993708,-4.60775000686481,-4.47659710985251
1323,"N",-4.97218687723745,-4.54863293037807,-4.5158777487239
1324,"A",-2.20119672145879,-2.67088195508498,-2.68062793669905
1325,"G",-3.77701611452742,-3.88461952139699,-3.91020604614921
1326,"S",-3.65614020915757,-3.68225206966217,-3.4191817079426
1327,"I",-4.50161705611652,-4.05605876068835,-4.23734708047214
1328,"N",-3.79689615584822,-3.41993135189832,-3.64150389785391
1329,"A",-4.39923522100949,-4.2155189312545,-4.10077539267205
1330,"P",-3.90319334361799,-3.6329355398953,-3.71817434505921
1331,"T",-4.96767375581986,-4.62693901122278,-4.51071061969292
1332,"V",-4.41492009909126,-4.03543419722065,-4.19341808198938
1333,"S",-4.96375738419547,-4.57955604628962,-4.62516298490964
1334,"D",-4.98678649961264,-4.5805122351947,-4.41272245963458
1335,"S",-4.15150756289166,-4.05796501666542,-3.96417842267301
1336,"R",-5.19669409094496,-4.70350570211011,-4.75025163126725
1337,"A",-4.96536315366328,-4.49820229101701,-4.60472672848112
1338,"L",-4.5921864432678,-4.23574215662926,-4.15004325438923
1339,"A",-2.09836245118068,-2.22075032468572,-2.72657447135968
1340,"R",-4.89562669276239,-4.43185541621472,-4.36661583516465
1341,"R",-5.22227834819877,-4.72728310766354,-4.75471919339543
1342,"F",-4.53638479259696,-4.10174745869237,-4.09555019578409
1343,"H",-0.991545299228422,-1.21288950393958,-2.10794030672302
1344,"F",-3.67117931904867,-3.49299517974012,-3.45344466218125
1345,"D",-4.83015459250841,-4.34826455705687,-4.53216079555927
1346,"M",-2.99156901463805,-2.89868684415935,-3.25279579547043
1347,"N",-4.78954505183813,-4.60513824806818,-5.16081708176605
1348,"I",-4.18236667803093,-4.04730181678357,-4.14997595966736
1349,"E",-5.12721910593905,-4.64109531488995,-4.72600314937157
1350,"V",-2.60216399942781,-2.59715307989192,-2.80221583714917
1351,"I",-2.52829453110799,-2.80182953381213,-3.23744872234432
1352,"S",-2.09955005657587,-2.17728214882017,-3.08538354940677
1353,"M",-0.227524548734183,-0.704804606667027,-1.25607624901754
1354,"Y",-4.37290685886444,-4.24321496878772,-4.61631612083689
1355,"S",-1.33131299921864,-1.53179044960742,-2.02144284832299
1356,"Q",0.528154096193832,0.111326872647023,-0.183955060548769
1357,"N",0.0469690185380625,-0.390590362172129,-0.719468245192499
1358,"G",-1.83275645401456,-2.16934940779772,-2.5038776192685
1359,"K",-2.8047120480736,-3.06317109696655,-3.46826342938013
1360,"I",-3.726912009519,-3.52243035600107,-3.49634265528656
1361,"N",-0.245252995289449,-0.489846696338211,-1.48266086895782
1362,"M",-4.21776428640999,-4.09428055431612,-4.25182044882998
1363,"P",-1.31330604997263,-1.67268052039341,-2.17096636079867
1364,"M",1.30327873714382,0.873381789018412,-0.0504874092495669
1365,"S",-3.51052921282852,-3.47157565699578,-3.72175887659211
1366,"V",-3.55548060061805,-3.59344329251152,-4.02646966718526
1367,"K",1.37192506503437,0.836562956845652,0.262947042874272
1368,"T",1.468339982114,1.04503224490492,0.491396446877598
1369,"C",-4.95959173648168,-4.70057142430269,-4.70934873428044
1370,"D",-1.04644567462427,-2.14815829485438,-2.62318073831484
1371,"D",0.174458789946261,-0.396983860076622,-0.847438324085546
1372,"E",-3.14071933365181,-3.15317427412836,-4.13841513173868
1373,"C",-4.5988142191294,-4.19237682464707,-4.44583960449006
1374,"C",0.480217664551255,-0.515122135614255,-0.979937385027039
1375,"P",-2.58194729511009,-2.85368078567881,-3.17349166777215
1376,"V",-0.952905986569014,-1.21398157365425,-1.80359388294661
1377,"N",-5.33174863802018,-4.64453630102965,-4.67413986593545
1378,"F",-5.12857093247271,-4.51259344130832,-4.30227078877497
1379,"K",-4.6613061636455,-4.12539709924042,-4.51275731168881
1380,"K",-1.65633033166027,-2.18684193064294,-2.79846817733394
1381,"C",-5.26472195567558,-4.89888410774847,-4.96316558343966
1382,"C",-3.20200783343324,-2.9251847827985,-3.25985139781541
1383,"P",-4.52802460994111,-4.34956938379005,-4.43162252214091
1384,"L",-4.22017126402073,-3.94575501839587,-4.0321240385911
1385,"V",-4.01496204299186,-4.12889070275943,-4.17285926454013
1386,"C",-5.05814417311697,-4.52852875142335,-4.48796413905118
1387,"G",-5.42386278979493,-5.18015411888058,-5.21194791552852
1388,"K",-4.24849996012527,-3.99399584463895,-4.09991692350343
1389,"A",-5.01943816636049,-4.62723435361573,-4.56827334915053
1390,"I",-3.32687548044104,-3.33658512629934,-3.11560447196369
1391,"Q",-5.55915015293021,-5.12771748653788,-4.83927653062867
1392,"F",-3.7464698613621,-3.39852630669124,-3.70380963407113
1393,"I",-1.99948687896204,-2.46571849045461,-2.39258665203478
1394,"D",-4.16218468519155,-4.06908168761015,-4.2057698112057
1395,"R",-5.66226545747347,-5.19696131982053,-5.03591499443796
1396,"R",-2.23085838251563,-2.52424040551038,-2.87746063731536
1397,"T",-0.34182917520842,-0.673658018142601,-0.88332174402468
1398,"Q",-3.83720027855348,-3.76092035220518,-3.81206050090404
1399,"V",-1.36000205700944,-1.62531487469059,-1.89670787040697
1400,"R",-6.10535723338293,-5.77567724425687,-5.45408115347645
1401,"Y",-2.0171403680134,-2.30273512013551,-2.63581756042998
1402,"S",-4.24819796148363,-4.28922648354158,-4.19073455416653
1403,"L",-3.93749875523645,-4.1548137280872,-4.36028191105894
1404,"D",-6.05173796338807,-5.84457657086196,-5.50181481320179
1405,"M",-3.1815368500048,-3.36162983293313,-3.68809898912578
1406,"L",-4.60712103338292,-4.45622636481059,-4.28186116691262
1407,"V",-4.55144617737871,-4.46550487424968,-4.53804426982583
1408,"T",-2.50105294025823,-2.62879384855874,-2.98486951550984
1409,"E",-5.5636013259164,-5.26885843969125,-5.09838907172717
1410,"M",-3.99617410643921,-4.01867757647849,-3.98972621344197
1411,"F",0.10694271182738,-0.39065020614329,-1.04870964558387
1412,"R",-0.290551206290373,-0.897459842774764,-1.32312255229849
1413,"E",-3.38347511809802,-3.53443816251145,-3.58997194652959
1414,"Y",-3.68321568451308,-3.86316718195955,-4.10228958370794
1415,"N",0.612562528775322,0.122784159909055,-0.194422189461541
1416,"H",-1.05879258649675,-1.5642307401223,-2.39772138805523
1417,"R",-6.48989426802758,-6.05363970439899,-5.89577747448547
1418,"H",-2.10697969653109,-2.40919155433786,-2.18280390538443
1419,"S",0.482431735483416,-0.168583970978186,-0.51714477260852
1420,"V",-5.52994705035224,-5.1920988105988,-5.24833747466541
1421,"G",-1.58304865074227,-1.77553793307244,-1.90432391116738
1422,"T",-0.874858995729536,-1.20609862218593,-1.41112140192183
1423,"T",-0.664765057497125,-0.927126106013456,-1.24535713692119
1424,"L",-5.94920778349661,-5.78765239278327,-5.63284340131695
1425,"E",-3.073842431899,-3.47895021062392,-3.74200196705295
1426,"A",-4.79486449189081,-5.01987605237646,-5.42767367619321
1427,"L",-5.85317776869385,-5.78449032887188,-5.63637199408671
1428,"F",-6.42961057441247,-6.34789127262846,-6.39668484715594
1429,"Q",-6.508455513764,-6.30103581140916,-6.4486820164975
1430,"G",-5.90120995244123,-5.74047675209117,-5.87086101939442
1431,"P",0.721394515436246,0.00219247460678522,-0.311654135180321
1432,"P",0.301094772937898,-0.270449346100523,-1.18976845985967
1433,"V",1.66413785085097,0.859375054298086,0.175491938044901
1434,"Y",-5.71870136613772,-5.48689790025529,-5.39543750293117
