"site","wildtype","rP2"
847,"ACA",0
848,"ATG",0
849,"ACA",0
850,"AAT",0
851,"ACG",0
852,"GGC",0
853,"GCA",0
854,"TTT",0
855,"GGA",0
856,"CAA",0
857,"CAA",0
858,"TCA",0.000274448029861925
859,"GGG",0
860,"GCA",0
861,"GTG",0
862,"TAT",0
863,"GTG",0
864,"GGG",0
865,"AAC",0
866,"TAC",0
867,"AGG",0.000203779646793697
868,"GTG",0
869,"GTA",0
870,"AAT",0
871,"AGA",0.000212797186424783
872,"CAT",0
873,"CTA",0.000163204460989276
874,"GCT",0
875,"ACC",0
876,"AGT",0.000161432290480488
877,"GCT",0
878,"GAC",0
879,"TGG",0
880,"CAA",0
881,"AAC",0
882,"TGT",0
883,"GTG",0
884,"TGG",0
885,"GAA",0
886,"AGT",0.000140839262986961
887,"TAC",0
888,"AAC",0
889,"AGA",0.000134777948102087
890,"GAC",0
891,"CTC",0.000138980377551015
892,"TTA",9.46643099186426e-05
893,"GTG",0
894,"AGC",4.98053011540871e-05
895,"ACG",0
896,"ACC",0
897,"ACA",0
898,"GCA",0
899,"CAT",0
900,"GGA",0
901,"TGT",0
902,"GAT",0
903,"ATT",0
904,"ATA",0
905,"GCC",0
906,"AGA",0.000111917168405286
907,"TGT",0
908,"CAG",0
909,"TGC",0
910,"ACA",0
911,"ACG",0
912,"GGA",0
913,"GTG",0
914,"TAC",0
915,"TTT",0
916,"TGT",0
917,"GCG",0
918,"TCC",7.95455502181957e-05
919,"AAA",0
920,"AAC",0
921,"AAG",0
922,"CAC",0
923,"TAC",0
924,"CCA",0
925,"ATT",0
926,"TCG",7.26625266992413e-05
927,"TTT",0
928,"GAA",0
929,"GGA",0
930,"CCA",0
931,"GGT",0
932,"CTA",0.000123590425866429
933,"GTA",0
934,"GAG",0
935,"GTC",0
936,"CAA",0
937,"GAG",0
938,"AGT",0.00011704964821268
939,"GAA",0
940,"TAC",0
941,"TAC",0
942,"CCC",0
943,"AGG",0.000175493520469645
944,"AGA",9.31490719161628e-05
945,"TAC",0
946,"CAA",0
947,"TCC",5.33091336092755e-05
948,"CAT",0
949,"GTG",0
950,"CTT",4.69229248841108e-05
951,"TTA",0.000205692079557479
952,"GCA",0
953,"GCT",0
954,"GGA",0
955,"TTT",0
956,"TCC",0.00015077174079836
957,"GAA",0
958,"CCA",0
959,"GGT",0
960,"GAC",0
961,"TGT",0
962,"GGC",0
963,"GGT",0
964,"ATC",0
965,"CTA",0.00017528170698763
966,"AGG",6.28671671342251e-05
967,"TGT",0
968,"GAG",0
969,"CAT",0
970,"GGT",0
971,"GTC",0
972,"ATT",0
973,"GGC",0
974,"ATT",0
975,"GTG",0
976,"ACC",0
977,"ATG",0
978,"GGG",0
979,"GGT",0
980,"GAA",0
981,"GGC",0
982,"GTG",0
983,"GTC",0
984,"GGC",0
985,"TTT",0
986,"GCA",0
987,"GAC",0
988,"ATC",0
989,"CGT",0.000143074924395593
990,"GAT",0
991,"CTC",0.000146067423194701
992,"CTG",0.000166497507671082
993,"TGG",0
994,"CTG",0.000125898858382935
995,"GAA",0
996,"GAT",0
997,"GAT",0
998,"GCA",0
999,"ATG",0
1000,"GAA",0
1001,"CAG",0
1002,"GGA",0
1003,"GTG",0
1004,"AAG",0
1005,"GAC",0
1006,"TAT",0
1007,"GTG",0
1008,"GAA",0
1009,"CAG",0
1010,"CTT",5.95923875754942e-05
1011,"GGA",0
1012,"AAT",0
1013,"GCA",0
1014,"TTC",0
1015,"GGC",0
1016,"TCC",0.000168132222008554
1017,"GGC",0
1018,"TTT",0
1019,"ACT",0
1020,"AAC",0
1021,"CAA",0
1022,"ATA",0
1023,"TGT",0
1024,"GAG",0
1025,"CAA",0
1026,"GTC",0
1027,"AAC",0
1028,"CTC",0.000132086938995168
1029,"CTG",0.000226775528598329
1030,"AAA",0
1031,"GAA",0
1032,"TCA",0.00015604207120216
1033,"CTA",7.06495924094313e-05
1034,"GTG",0
1035,"GGT",0
1036,"CAA",0
1037,"GAC",0
1038,"TCC",-2.8151762551706e-06
1039,"ATC",0
1040,"TTA",9.63018279196831e-05
1041,"GAG",0
1042,"AAA",0
1043,"TCT",4.96326470045621e-05
1044,"CTA",0.000125729502673947
1045,"AAA",0
1046,"GCC",0
1047,"TTA",0.000167587819443861
1048,"GTT",0
1049,"AAG",0
1050,"ATA",0
1051,"ATA",0
1052,"TCA",7.31670541738852e-05
1053,"GCC",0
1054,"TTA",0.000110625594504107
1055,"GTA",0
1056,"ATT",0
1057,"GTG",0
1058,"GTG",0
1059,"AGG",0.000125756001440008
1060,"AAC",0
1061,"CAC",0
1062,"GAT",0
1063,"GAC",0
1064,"CTG",7.85069328070915e-05
1065,"ATC",0
1066,"ACT",0
1067,"GTG",0
1068,"ACT",0
1069,"GCC",0
1070,"ACA",0
1071,"CTA",0.00029995127606089
1072,"GCC",0
1073,"CTT",0.000148163563354468
1074,"ATC",0
1075,"GGT",0
1076,"TGT",0
1077,"ACC",0
1078,"TCG",3.06585609205743e-05
1079,"TCC",9.50580714995106e-05
1080,"CCG",0
1081,"TGG",0
1082,"CGG",0.000101460946331001
1083,"TGG",0
1084,"CTC",4.17921301533835e-05
1085,"AAA",0
1086,"CAG",0
1087,"AAG",0
1088,"GTG",0
1089,"TCA",3.01147186533263e-05
1090,"CAA",0
1091,"TAT",0
1092,"TAC",0
1093,"GGA",0
1094,"ATC",0
1095,"CCT",0
1096,"ATG",0
1097,"GCT",0
1098,"GAA",0
1099,"CGC",0.000119476435497725
1100,"CAA",0
1101,"AAC",0
1102,"AAT",0
1103,"AGC",9.71438945492793e-05
1104,"TGG",0
1105,"CTT",5.17312477553671e-05
1106,"AAG",0
1107,"AAA",0
1108,"TTT",0
1109,"ACT",0
1110,"GAA",0
1111,"ATG",0
1112,"ACA",0
1113,"AAT",0
1114,"GCT",0
1115,"TGC",0
1116,"AAG",0
1117,"GGT",0
1118,"ATG",0
1119,"GAA",0
1120,"TGG",0
1121,"ATA",0
1122,"GCT",0
1123,"GTC",0
1124,"AAA",0
1125,"ATT",0
1126,"CAG",0
1127,"AAA",0
1128,"TTC",0
1129,"ATT",0
1130,"GAA",0
1131,"TGG",0
1132,"CTC",8.87479183298369e-05
1133,"AAA",0
1134,"GTA",0
1135,"AAA",0
1136,"ATT",0
1137,"TTG",0.000129808986538076
1138,"CCA",0
1139,"GAG",0
1140,"GTC",0
1141,"AGA",0.000114919547351841
1142,"GAA",0
1143,"AAA",0
1144,"CAC",0
1145,"GAG",0
1146,"TTC",0
1147,"CTG",4.02081759304876e-05
1148,"AAC",0
1149,"AGA",0.000110566745763208
1150,"CTT",4.31446090576888e-05
1151,"AAA",0
1152,"CAA",0
1153,"CTC",0.000159914792125282
1154,"CCC",0
1155,"TTA",9.82579502396053e-05
1156,"TTA",7.74080836353864e-05
1157,"GAA",0
1158,"AGT",0.000153987008842934
1159,"CAG",0
1160,"ATC",0
1161,"GCC",0
1162,"ACA",0
1163,"ATC",0
1164,"GAG",0
1165,"CAG",0
1166,"AGC",3.55056528978112e-05
1167,"GCG",0
1168,"CCA",0
1169,"TCC",0.000235019953488928
1170,"CAA",0
1171,"AGT",0.00021035494965547
1172,"GAC",0
1173,"CAG",0
1174,"GAA",0
1175,"CAA",0
1176,"TTA",0.000126323392857593
1177,"TTT",0
1178,"TCC",0.000111140585080787
1179,"AAT",0
1180,"GTC",0
1181,"CAA",0
1182,"TAC",0
1183,"TTT",0
1184,"GCC",0
1185,"CAC",0
1186,"TAT",0
1187,"TGC",0
1188,"AGA",0.000142697336013034
1189,"AAG",0
1190,"TAC",0
1191,"GCT",0
1192,"CCC",0
1193,"CTC",0.000253715126168877
1194,"TAC",0
1195,"GCA",0
1196,"GCT",0
1197,"GAA",0
1198,"GCA",0
1199,"AAG",0
1200,"AGG",0.000165172560604264
1201,"GTG",0
1202,"TTC",0
1203,"TCC",0.000104705752657444
1204,"CTT",0.000216087235273497
1205,"GAG",0
1206,"AAG",0
1207,"AAG",0
1208,"ATG",0
1209,"AGC",0.000210033000346493
1210,"AAT",0
1211,"TAC",0
1212,"ATA",0
1213,"CAG",0
1214,"TTC",0
1215,"AAG",0
1216,"TCC",-9.17063524224483e-05
1217,"AAA",0
1218,"TGC",0
1219,"CGT",-1.96949905161614e-05
1220,"ATT",0
1221,"GAA",0
1222,"CCT",0
1223,"GTA",0
1224,"TGT",0
1225,"TTG",0.000140175758902144
1226,"CTC",0.000115262558092449
1227,"CTG",0.000161816914048965
1228,"CAC",0
1229,"GGG",0
1230,"AGC",0.0001778494133136
1231,"CCT",0
1232,"GGT",0
1233,"GCC",0
1234,"GGC",0
1235,"AAG",0
1236,"TCG",0.00011456961791578
1237,"GTG",0
1238,"GCA",0
1239,"ACA",0
1240,"AAC",0
1241,"TTA",0.000229559840123207
1242,"ATT",0
1243,"GGA",0
1244,"AGG",0.000121388158621399
1245,"TCG",0.000107574119539434
1246,"CTT",0.000153662923436631
1247,"GCT",0
1248,"GAG",0
1249,"AAA",0
1250,"CTC",0.000206232072722792
1251,"AAC",0
1252,"AGC",0.000105178502844716
1253,"TCA",8.52731718404657e-05
1254,"GTG",0
1255,"TAC",0
1256,"TCA",0.000164620711609282
1257,"CTA",0.000180780129408412
1258,"CCG",0
1259,"CCA",0
1260,"GAC",0
1261,"CCA",0
1262,"GAT",0
1263,"CAC",0
1264,"TTC",0
1265,"GAC",0
1266,"GGA",0
1267,"TAC",0
1268,"AAA",0
1269,"CAG",0
1270,"CAG",0
1271,"GCC",0
1272,"GTG",0
1273,"GTG",0
1274,"ATT",0
1275,"ATG",0
1276,"GAC",0
1277,"GAT",0
1278,"CTA",0.000155026710534622
1279,"TGC",0
1280,"CAG",0
1281,"AAT",0
1282,"CCT",0
1283,"GAT",0
1284,"GGG",0
1285,"AAA",0
1286,"GAC",0
1287,"GTC",0
1288,"TCC",0.000129671312512673
1289,"TTG",0.000352555358939211
1290,"TTC",0
1291,"TGC",0
1292,"CAA",0
1293,"ATG",0
1294,"GTT",0
1295,"TCC",0.000146064136492588
1296,"AGT",0.000175681570613675
1297,"GTA",0
1298,"GAT",0
1299,"TTT",0
1300,"GTA",0
1301,"CCA",0
1302,"CCC",0
1303,"ATG",0
1304,"GCT",0
1305,"GCC",0
1306,"CTA",0.000113739765034116
1307,"GAA",0
1308,"GAG",0
1309,"AAA",0
1310,"GGC",0
1311,"ATT",0
1312,"CTG",0.000281450703960233
1313,"TTC",0
1314,"ACC",0
1315,"TCA",0.000143659281707707
1316,"CCG",0
1317,"TTT",0
1318,"GTC",0
1319,"TTG",0.000275909395067897
1320,"GCA",0
1321,"TCG",0.000281260637346855
1322,"ACC",0
1323,"AAT",0
1324,"GCA",0
1325,"GGA",0
1326,"TCT",8.93407019114564e-05
1327,"ATT",0
1328,"AAT",0
1329,"GCT",0
1330,"CCA",0
1331,"ACC",0
1332,"GTG",0
1333,"TCA",0.000246741975030055
1334,"GAT",0
1335,"AGC",0.00012058848269126
1336,"AGA",0.00021717439268708
1337,"GCC",0
1338,"TTG",0.000132992577813187
1339,"GCA",0
1340,"AGG",0.000286659979319432
1341,"AGA",0.000257557584702891
1342,"TTT",0
1343,"CAC",0
1344,"TTT",0
1345,"GAC",0
1346,"ATG",0
1347,"AAC",0
1348,"ATC",0
1349,"GAG",0
1350,"GTT",0
1351,"ATT",0
1352,"TCC",0.000251034972133517
1353,"ATG",0
1354,"TAC",0
1355,"AGT",0.000259589746001695
1356,"CAG",0
1357,"AAT",0
1358,"GGC",0
1359,"AAG",0
1360,"ATA",0
1361,"AAC",0
1362,"ATG",0
1363,"CCC",0
1364,"ATG",0
1365,"TCA",0.000197787885671077
1366,"GTC",0
1367,"AAG",0
1368,"ACT",0
1369,"TGT",0
1370,"GAC",0
1371,"GAT",0
1372,"GAG",0
1373,"TGT",0
1374,"TGC",0
1375,"CCG",0
1376,"GTC",0
1377,"AAT",0
1378,"TTT",0
1379,"AAA",0
1380,"AAG",0
1381,"TGC",0
1382,"TGC",0
1383,"CCT",0
1384,"CTT",0.000137179963987873
1385,"GTG",0
1386,"TGT",0
1387,"GGG",0
1388,"AAG",0
1389,"GCT",0
1390,"ATA",0
1391,"CAA",0
1392,"TTC",0
1393,"ATT",0
1394,"GAT",0
1395,"AGA",0.000245607564863819
1396,"AGA",0.000287167045895009
1397,"ACA",0
1398,"CAG",0
1399,"GTC",0
1400,"AGA",0.000339721472294486
1401,"TAC",0
1402,"TCT",0.000237987421305986
1403,"CTA",0.000205530463277032
1404,"GAC",0
1405,"ATG",0
1406,"CTA",0.000212954003898529
1407,"GTC",0
1408,"ACC",0
1409,"GAG",0
1410,"ATG",0
1411,"TTT",0
1412,"AGG",0.000439502276005019
1413,"GAG",0
1414,"TAC",0
1415,"AAT",0
1416,"CAT",0
1417,"AGA",0.000388943145038285
1418,"CAT",0
1419,"AGC",0.0002736107283027
1420,"GTG",0
1421,"GGG",0
1422,"ACC",0
1423,"ACG",0
1424,"CTT",9.41174814525174e-05
1425,"GAG",0
1426,"GCA",0
1427,"CTG",0.000222556458423705
1428,"TTC",0
1429,"CAG",0
1430,"GGA",0
1431,"CCA",0
1432,"CCA",0
1433,"GTA",0
1434,"TAC",0
