"site","wtAA","p2_L1_hela_RPE","p2_L2_hela_RPE","p2_L3_hela_RPE"
847,"T",-4.41722960343839,-7.43840058909956,-4.67804131945919
848,"M",-6.34614774326881,-3.32750123713199,-7.25625774270949
849,"T",-4.30207096349146,-3.6638348751567,-5.36642137496657
850,"N",-6.00519448371247,-2.45095024465981,-1.31607805842691
851,"T",-3.20836492930302,-4.33930309111593,-7.4659686223424
852,"G",NA,NA,NA
853,"A",-6.14515382906501,-9.11898525414935,-4.39064679617805
854,"F",-5.64507436983052,-2.11806189990216,-4.51202809716282
855,"G",-6.46072030679522,-8.38327213963736,-6.93715589739845
856,"Q",-8.62736553319109,-6.4509536353573,-8.92775306630752
857,"Q",-6.77128015434484,-5.86445999399666,-7.682373664152
858,"S",-10.2390295467556,-5.68003979980754,-8.71589394147855
859,"G",-7.06647746790435,-5.63655966542036,-7.09603758888034
860,"A",-8.70348820925754,-14.3313392504181,-7.25843548511158
861,"V",-8.52341427667705,-11.1465362800528,-3.91065758366414
862,"Y",-7.55621632423441,-6.96215387253955,-5.67439289932519
863,"V",-10.2007612468386,-5.60794876061516,-11.192096293457
864,"G",-11.3066742637373,-8.35065351698999,-10.5589712070953
865,"N",-5.19944001015469,-2.8139046888846,-4.89894274639355
866,"Y",-2.48934877444639,-3.81516395336217,-0.937632737439577
867,"R",-6.18029905997295,-9.03421038626659,-5.54447658212071
868,"V",-4.07605848224668,-3.22389680368941,-1.50685948802758
869,"V",-5.8382209847447,-3.75916779510263,-5.73966541304581
870,"N",-7.08789571931094,-1.16764817582102,-2.9139655083443
871,"R",-6.16743557965208,-3.43501200720296,-3.48891222605796
872,"H",NA,NA,NA
873,"L",-5.29473061366217,-4.65136804963226,-4.48405005825692
874,"A",-2.56876099834126,-5.95880244023783,-3.7970462642745
875,"T",-6.11626346407623,-6.81609545860798,-7.87427156849397
876,"S",-4.1113906202878,-7.1615546450493,-7.17633202635102
877,"A",-4.10835766095059,-4.87166879596687,-13.2635005058818
878,"D",-8.40682024939098,-7.93789370898803,-7.63680073162177
879,"W",-7.85525399168165,-5.89541777225966,-7.31550158522268
880,"Q",-5.67687146563481,-4.6536918174961,-9.82472156448116
881,"N",-7.08678600447301,-5.52364726719936,-3.61951788951223
882,"C",-7.80319159472771,-5.06510563161528,-6.8764536942967
883,"V",-2.53767056827853,-8.8476835558599,-5.91291813915689
884,"W",-13.3833250790448,-3.30248865704836,-4.41296609770406
885,"E",-5.64848109732988,-9.42051230782385,-10.8967918713359
886,"S",-5.76542364036557,-5.60946359560522,-9.57706925564159
887,"Y",-3.31664437362693,-9.98987025746243,-9.32001427864321
888,"N",-5.3832484115588,-10.5080108245618,-5.10062712210974
889,"R",-9.05244746692745,-4.92326312248379,-2.66828482163718
890,"D",NA,NA,NA
891,"L",-3.22909284692772,-0.697092765653602,-1.17928697544138
892,"L",-4.79651885532442,-5.38558226681617,-5.60669187584377
893,"V",-2.54716746849363,-2.33460628605058,-4.19639853633333
894,"S",-4.12652350445612,-8.45267016038537,-2.29903230240109
895,"T",-10.8132778209102,-3.14785963260661,-7.58948386991596
896,"T",-7.6849937173249,-7.18301866053787,-15.0511854903529
897,"T",-3.46555283163877,-1.84165114923265,-8.76570301501989
898,"A",-6.45850206460992,-5.60596400686994,-5.74363790075276
899,"H",-6.74009569583857,-4.87393979841278,-9.51221477235149
900,"G",-12.3165654874402,-7.79942566059766,-11.5828128096184
901,"C",-7.08063475309924,-6.49694289237796,-7.08096098341188
902,"D",-8.05893954301581,-5.08827907535511,-6.86878266454932
903,"I",-5.10940451506896,-5.50886834305363,-8.57512774331097
904,"I",-9.13429043930524,-7.69156954135727,-9.27626146896607
905,"A",-4.1300399745689,-2.90888709874468,-1.49142402874914
906,"R",-10.5360327758095,-11.1085595796646,-12.6692068134053
907,"C",NA,NA,NA
908,"Q",-5.76937783435705,-5.61757697016357,-5.90552823071794
909,"C",NA,NA,NA
910,"T",-5.68893812289125,-3.9568828181709,-3.34312076727572
911,"T",-5.43180691522744,-6.23863796085111,-5.33173443431926
912,"G",-1.20172601287784,-0.654914611510428,NA
913,"V",-5.65817465246586,-7.30959631929357,-7.80686167635827
914,"Y",-5.8759898603225,-1.65073629755947,-2.66167758884515
915,"F",-2.79137071021464,-14.5704885545039,-13.6393065440536
916,"C",-3.20667020653464,-3.69169361810963,-1.76161742623519
917,"A",-3.94880196134144,-6.68188520583756,-13.7958357927454
918,"S",-10.0786892689009,-3.60635939925076,-6.1064720416982
919,"K",-6.83199092754891,-6.23353707432637,-7.97526691412137
920,"N",-9.280693041994,-10.3459936649882,-11.2582087987429
921,"K",-0.568567767253421,-6.90069077914636,-6.10808779421073
922,"H",-5.79990601103583,-10.477460999485,-5.52134906059295
923,"Y",-6.28224444512514,-4.19305671947157,-4.53003541013923
924,"P",-7.47149952182139,-5.1414635237209,-7.03583297707181
925,"I",-2.92650095083574,-7.00437685100358,-4.32311203857759
926,"S",-7.14894746258586,-7.44218968179788,-6.28916248893137
927,"F",-6.04993479484033,-6.61088513761753,-4.43587657502048
928,"E",-7.03943650704885,-3.5086150958569,-5.80723173008297
929,"G",-4.66266939610987,-6.33591122624672,-11.370968827791
930,"P",-5.99063099350264,-7.21940506612117,-15.6536659797049
931,"G",-6.28167609540998,-10.350969125439,-3.98269851191396
932,"L",-3.57130283427075,-3.17758213384745,-3.95114303039622
933,"V",-6.77328670407201,-7.37606979508703,-8.41462096136032
934,"E",-10.1938446472809,-6.34254511068838,-6.83292979373743
935,"V",-3.78130719379429,-2.82090516414542,-0.761876267046682
936,"Q",-5.5486818140656,-8.42586494189811,-8.65855343125037
937,"E",-5.14825285139237,-8.10469480019623,-3.89704050810618
938,"S",-0.195258723846856,-5.17115023048762,-3.0719284736071
939,"E",-2.82993939640174,-5.17256623027606,-5.3415923541517
940,"Y",-5.66678867313439,-4.55858335340588,-4.11103898574396
941,"Y",-1.29020014988532,-1.40650565981403,NA
942,"P",-7.65651939706039,-2.65632256015172,-4.68259788367748
943,"R",-4.85383723468386,-7.82617240041769,-5.76282184901625
944,"R",-1.40824555720536,-0.847969620102043,-4.69434898801093
945,"Y",-4.16647898299767,-9.83920495156474,-5.49974164781777
946,"Q",-1.22462098505998,NA,-1.3734241758421
947,"S",-6.8751551781238,-11.0026788860841,-11.3523191809913
948,"H",-6.27302656801092,-9.47815661360174,-7.17377816329007
949,"V",-1.76013756168272,-2.53936985443616,-0.993816477980414
950,"L",-5.03693847334676,-7.85936041673889,-6.34003160276133
951,"L",-7.35070448470322,-9.5588102943987,-10.8239841553615
952,"A",-1.9113139449884,-0.311741294678936,NA
953,"A",-5.8399339347551,-12.0186353848542,-5.80935872250879
954,"G",-0.11613994810292,-0.580695432527891,-0.273340764690665
955,"F",-2.73879517520606,-5.28748809282217,-9.26046391606669
956,"S",-0.0181408331212422,-1.61543283619013,-2.08938790728383
957,"E",-3.01570780439101,-3.17690761179039,-2.30086983181891
958,"P",-3.29203006245589,-9.12690819190294,-9.98814914992489
959,"G",NA,NA,NA
960,"D",NA,NA,-0.242578242374026
961,"C",NA,NA,NA
962,"G",NA,-0.167413720704661,-0.247697273100978
963,"G",-3.2821486852994,-7.73426062095933,-7.22751856455923
964,"I",-6.65412941466544,-3.89429515476382,-5.63782067287484
965,"L",-3.10007657400114,-6.0455001522992,-2.97686265424348
966,"R",-3.16575660209045,-3.10233401257009,-6.85687598117975
967,"C",NA,NA,NA
968,"E",-6.50635844139971,-7.63325174972501,-4.78374769737462
969,"H",NA,NA,NA
970,"G",NA,NA,NA
971,"V",-9.06148560225237,-3.22171201401835,-0.981750965281359
972,"I",-3.83020884628676,-5.68701351155675,-8.54386517943007
973,"G",-0.0535158387283287,NA,-2.58494949750312
974,"I",-4.89366558966331,-4.72840501011222,-9.07788885843691
975,"V",-3.15287829850299,-0.249026203324323,-3.09467359885527
976,"T",-1.15804903808877,-1.82649988155389,-1.14587548984417
977,"M",-3.5695128085311,-1.52634814941313,-2.91469396846207
978,"G",-0.378933531337201,-0.0646110293906284,-0.0598937316265217
979,"G",-7.60448049122889,-5.90391456784352,-14.1718863751596
980,"E",-4.36164400181982,-4.75406959463592,-8.63839232353785
981,"G",-9.97180522767588,-6.36679356602718,-6.32031368505502
982,"V",-2.96231523139161,-4.10915299128317,-5.77941751399636
983,"V",-4.21108591560247,-3.53460778149213,-0.57891102064113
984,"G",NA,NA,NA
985,"F",-3.65907764437417,-3.34295324426385,-10.8453353986413
986,"A",-6.3692065479923,-6.51446606886984,-4.5499268683347
987,"D",-7.09722660766144,-3.26244900638919,-2.88722973331849
988,"I",-2.77951841355461,-3.38864657430529,-1.75946248988723
989,"R",-2.37884718755573,-2.04469651537428,-2.53511671690114
990,"D",-6.60328561521636,-4.38433458652981,-3.82868328773501
991,"L",-12.6029678851987,-8.23847312849717,-6.86147675455826
992,"L",-7.54167444407219,-11.6576608885563,-6.03717613602251
993,"W",-5.49741774084652,-10.4673291242548,-5.74631676589779
994,"L",-4.32677000455043,-3.18906340237987,-2.55465218630587
995,"E",-6.75016507942339,-3.37923658721081,-5.86289725321458
996,"D",-4.10991831300573,-5.68737700859837,-5.78564546344784
997,"D",-4.82001786849808,-7.49400681196282,-4.63729539441995
998,"A",-1.21081996346607,-0.532467106260586,-1.2178416274465
999,"M",-4.27046343993316,-6.56540909361492,-6.04920621865956
1000,"E",-6.52960257173179,-7.61653983612162,-6.15583136826642
1001,"Q",NA,NA,NA
1002,"G",NA,-2.80730170437555,NA
1003,"V",NA,-1.19167956031253,-3.3264670395384
1004,"K",-2.23033978861862,-3.90934635063799,-4.05680590404923
1005,"D",-5.75713176367097,-3.73714405331459,-1.92692025060462
1006,"Y",-1.95527539205363,-0.338983088366967,NA
1007,"V",-3.33166612470137,-0.210821242744046,-1.53213113860738
1008,"E",-4.23936895266181,-2.9102177911605,-2.81019342376857
1009,"Q",-6.35894019438888,-6.49320763385058,-9.02154758984721
1010,"L",NA,NA,NA
1011,"G",NA,NA,NA
1012,"N",-7.70738692939959,-4.11522289795569,-11.0945286401949
1013,"A",-0.324563825246981,-0.542180497380307,-0.103240499503489
1014,"F",-0.159519894064935,NA,NA
1015,"G",NA,NA,NA
1016,"S",-5.25395240857133,-8.73255645113562,-3.84624091141793
1017,"G",NA,NA,NA
1018,"F",NA,NA,NA
1019,"T",-2.60124835085543,NA,NA
1020,"N",-3.11260242618564,-4.52914759297522,-9.85533709932026
1021,"Q",-4.38541152957792,-4.67735139359597,-3.56529048300463
1022,"I",NA,-0.0415149198505902,-0.694852264680072
1023,"C",-4.46626707237289,-1.93154979185859,-0.835122119409671
1024,"E",-8.14144137798432,-5.18079500444258,-6.78585773313713
1025,"Q",-1.65409526137686,-0.323508961939853,NA
1026,"V",-1.83300044029462,-4.81817122279393,NA
1027,"N",-3.3127299088833,-5.07303655938551,-4.89200852810676
1028,"L",-5.95246735555193,-2.95893807948462,-2.23091529076838
1029,"L",-0.826263964816623,-1.23575851213994,NA
1030,"K",-3.80863553085897,-4.49946846986431,-2.28226248804059
1031,"E",-2.68787427866238,-3.05570911532486,-5.98790352810487
1032,"S",-3.11069614939046,-1.98611054527835,-5.75569855124883
1033,"L",-0.135695113625738,-2.21738443892155,-2.28507941091546
1034,"V",-2.62756550831377,-3.80551265724552,-3.34375252152187
1035,"G",-4.73511371501943,-1.71357974291247,-2.09389452972255
1036,"Q",-12.8463061743481,-4.21835442868797,-6.2203673585676
1037,"D",-4.86036426331922,-1.70648187054904,-2.45140714504135
1038,"S",-2.76049227140702,-2.39771748051976,-0.209340388385568
1039,"I",-2.38011772339063,-3.55241596342521,-0.677702765872349
1040,"L",-1.23389917729872,-0.164711283347967,-0.917661781554203
1041,"E",-5.40215488844994,-1.1789573802622,-1.94160219807198
1042,"K",-4.74436099710752,-3.98996683776915,-4.21012564310544
1043,"S",NA,-0.683879145908345,-2.3875927554258
1044,"L",-0.599751417246789,-2.54416345989136,-0.300312452086234
1045,"K",-6.64049874866374,-4.86415911642563,-6.75965881541194
1046,"A",-3.87379577004266,-2.2748156676919,-7.86604367546521
1047,"L",-3.8422554649334,NA,-0.796358117213888
1048,"V",-4.53836943895785,-0.971216138504521,-1.25189814947186
1049,"K",-2.37339366788688,-1.63718870774532,-1.04941163729536
1050,"I",-0.666712431336482,NA,-0.70602588245948
1051,"I",-0.00404244607353788,-1.98099008356122,-2.4596530884901
1052,"S",-1.1702612718948,-1.01710635930995,NA
1053,"A",-0.0210092904301908,-6.01814911753413,-5.90130873570107
1054,"L",-0.833021916842686,-1.95497926214916,NA
1055,"V",-3.1758185325597,-0.633397308918901,NA
1056,"I",-1.44343427313856,-0.727753710039316,-0.968526310797533
1057,"V",-1.93127115830247,-2.74698890170189,-8.93015127438973
1058,"V",-2.07963370154749,-1.93482843221964,-4.80241210093959
1059,"R",-4.18427472035793,-2.83889952466405,-3.21702805420568
1060,"N",-3.81999464594092,-1.84680208845537,-4.63677288531808
1061,"H",-8.6230182721719,-4.66797521861226,-7.71377782477611
1062,"D",-0.593434850207446,-7.36542353183132,-3.4098704864577
1063,"D",NA,-0.251280198526595,-0.129568581007254
1064,"L",-4.89386039908204,-10.0233586182585,-5.26185861421915
1065,"I",-6.63930571326855,-7.41102600892269,-3.59694124882679
1066,"T",-1.20657085805155,-2.95153661818018,-1.05507208713782
1067,"V",-2.2167445413579,-3.5639089987701,-2.55810406218664
1068,"T",-7.08185109215686,-2.58841777739237,-2.68067557320334
1069,"A",-0.278510321476084,-0.0582352275874626,NA
1070,"T",-3.96005499716363,-1.1166623608276,-6.510672568912
1071,"L",-0.223587505848554,NA,NA
1072,"A",-7.79935551352428,-0.597459864254267,-2.74371130457577
1073,"L",-4.88192630473541,-0.909411194574844,-1.22268126671051
1074,"I",-2.08406100766423,-2.4853754379908,-0.919758168280924
1075,"G",-4.25143615830205,NA,-4.7518282844017
1076,"C",-4.59190941991456,-4.26973596988389,-0.340852620262245
1077,"T",-7.17893982163421,-3.79493955046151,-6.33401825139472
1078,"S",-9.39952414536413,-4.63605792918677,-7.2504227299337
1079,"S",NA,NA,NA
1080,"P",NA,NA,NA
1081,"W",-0.93287095781674,-1.06125063342261,-2.14074338853422
1082,"R",-4.48431886815696,-1.87038840184968,-4.2884895360681
1083,"W",-2.80725925410291,-6.47350514461572,-2.74446254341536
1084,"L",-1.68948597262428,-0.0672492313099907,-0.25230864801065
1085,"K",-0.653065241647115,NA,NA
1086,"Q",-1.11236070131733,-6.57795761043284,-5.75386347412672
1087,"K",NA,NA,-0.912432424080122
1088,"V",-1.96665304753125,-2.87081289704609,-2.33870276158429
1089,"S",-8.6095167323241,-5.27757950147542,-3.67189404572424
1090,"Q",-6.97882289105358,-7.07615285731297,-7.4457503764892
1091,"Y",-4.14388755945984,-5.47643697512319,-2.44324528958122
1092,"Y",-4.83249741043422,-0.828759492228797,-2.60698035550821
1093,"G",-7.12959941972766,-2.99658100545345,-1.63357373657907
1094,"I",-2.97692699279958,-3.40892536010951,-5.78602730454362
1095,"P",-4.26486614121637,-3.91792689793991,-0.398967860355965
1096,"M",-5.06747337555624,-5.63444533946603,-2.67839650976287
1097,"A",-4.78440463645456,-2.8209604070734,-4.63931849260804
1098,"E",-2.76753819004772,-4.26390873954854,-8.24076844399302
1099,"R",-3.19902858507735,-3.79070675155626,-1.32470989890681
1100,"Q",NA,NA,NA
1101,"N",-1.87255255648147,-4.71102041819522,-2.51744135629192
1102,"N",-8.38672766573309,-4.20768233210911,-6.74646971140481
1103,"S",-1.61362547398031,-6.02890017201273,-7.69363554848836
1104,"W",NA,NA,NA
1105,"L",-1.74062216481309,-0.522290057297813,-3.14463620951257
1106,"K",NA,NA,-0.191652710525503
1107,"K",-6.94786770602419,-4.06668224378801,-3.52082267814323
1108,"F",NA,NA,-0.254664356509029
1109,"T",-3.94006993688804,-2.97051170339212,-1.80026989003557
1110,"E",-1.18233667134382,-1.02627425974514,-7.3327643061166
1111,"M",-4.3249778906422,-0.914630023562898,-3.64337780416167
1112,"T",-4.18131919244502,-3.80264439348753,-3.59531261138667
1113,"N",-6.42249508743235,-5.17318074025476,-8.8585715625209
1114,"A",-0.327251231085955,-0.201722115319086,-0.211400993686373
1115,"C",NA,-0.801552049816683,-4.34455993481327
1116,"K",-3.8073351902925,-1.35038395392071,-2.32982088664417
1117,"G",-1.70880754989031,-0.170248030274515,-1.11083549832621
1118,"M",-2.95717447692923,-2.98169980177531,-5.43320684957364
1119,"E",NA,-0.360894145534265,-0.662723365318697
1120,"W",-0.0135434750053142,-0.32556330667408,-0.413803205983897
1121,"I",-0.524654214147127,-0.910411719017604,-0.146478983135383
1122,"A",-6.55573828328956,-6.02271646237635,NA
1123,"V",-5.26710671371383,-1.31318518522825,-7.91309145283819
1124,"K",NA,NA,NA
1125,"I",-2.7967962426035,-0.919849692340015,-1.36499394529435
1126,"Q",-1.32805394508553,-5.0972458863744,-9.96292632999601
1127,"K",-4.22699859755467,-1.16030150196287,-1.46990581374805
1128,"F",NA,NA,-2.96622424034334
1129,"I",-1.35499782277127,-3.91084846356294,-0.675997689015925
1130,"E",-7.0255316566999,-5.59165794311801,-3.33515517855334
1131,"W",-0.545160584915139,NA,-1.66627186044515
1132,"L",-4.66597780382344,-1.1790160900001,-1.74802821748816
1133,"K",-0.331169502236535,-3.73368578570913,-4.47063685324261
1134,"V",-11.59770484005,-3.48798129580958,-6.50291747113861
1135,"K",-4.53966463217038,-4.11803646195598,-6.31831169359824
1136,"I",-0.582919349903288,-0.170055923358299,-5.07573659812342
1137,"L",-5.44396373481884,-7.00831345368928,-2.41825721050887
1138,"P",-3.62445656254531,-4.37844990727883,-4.80166654842921
1139,"E",-6.66697132854284,-11.3184206487918,-3.27588500874335
1140,"V",-1.60974335294605,-3.91375964638179,-3.82067655978758
1141,"R",-9.67539341780521,-3.05802144211467,-5.28337346287547
1142,"E",-0.523331330168856,-3.73269781098782,-2.56465713514037
1143,"K",-2.36740391774148,-0.806428268910682,-1.5432284975476
1144,"H",-6.93281952042096,-5.61914235026974,-15.9928479040118
1145,"E",-4.29422625143602,-2.50185814159247,-4.68301717870299
1146,"F",-1.21502741157507,NA,-2.65306162081657
1147,"L",-6.22632309586156,-2.95387052818243,-1.75518190716884
1148,"N",-3.82783624112991,-7.84032496741011,-5.22611358696811
1149,"R",-2.10329726696815,-4.63883611543128,-3.70261205150795
1150,"L",-0.978864014771919,-2.29707061341019,-0.183425104009392
1151,"K",-4.20336658223989,-3.34681645057813,-4.27757817344868
1152,"Q",-5.3342460146538,-0.819681623225102,-3.56457321617806
1153,"L",-1.43225535658287,-0.15121946039977,-0.875318844631899
1154,"P",-1.94673605875611,-0.793164516468814,-6.88801131665325
1155,"L",-0.114643714059133,NA,-0.879671004198703
1156,"L",-0.694416983890501,-1.15346675244417,-0.591296013868725
1157,"E",-2.84461465152726,-0.588273846244807,-1.57930335353748
1158,"S",-1.42094769224408,-0.125560263911232,-1.10518995548245
1159,"Q",NA,NA,NA
1160,"I",-0.711350412264866,-2.09155141870541,-0.486866845174095
1161,"A",-6.16223613563686,-6.7644185627171,-3.37068273911892
1162,"T",-5.27503914216481,-7.3458806645479,-2.69331915901339
1163,"I",-0.109324301464537,-1.93541707175127,-1.46960531904624
1164,"E",-2.99923429789618,-2.83914430304409,-1.3514904085292
1165,"Q",NA,-0.462542632452595,-0.814156897313571
1166,"S",NA,-0.0869473850723898,-1.49547197218829
1167,"A",-1.77504874925687,-2.40643698306887,-2.93124773469517
1168,"P",NA,NA,NA
1169,"S",-4.33440554882409,-2.93540324671567,-0.45931608297498
1170,"Q",NA,NA,NA
1171,"S",-9.2207200078143,-3.97803785668487,-2.5142097573516
1172,"D",-5.27949769852197,-10.0067368355792,-5.12704694450595
1173,"Q",NA,NA,NA
1174,"E",-1.37288982792151,NA,NA
1175,"Q",-6.5023997277292,-1.7531420945928,-7.49075754919856
1176,"L",NA,-1.7948716694857,NA
1177,"F",-0.573108346973953,-1.68234130326111,NA
1178,"S",-4.58941818492896,-3.6053768525325,-8.0911578802026
1179,"N",NA,NA,NA
1180,"V",-2.70432552973442,-2.69573114385335,-0.112301760743476
1181,"Q",-0.590770971301647,-1.20454456124215,-2.4616903882617
1182,"Y",-1.78135118461027,-0.672315594541116,NA
1183,"F",-1.61154849178845,-0.0484834246502351,NA
1184,"A",-0.351983951506722,-0.476112374895713,NA
1185,"H",-3.51806060469043,-2.08073610058383,-5.25701922534127
1186,"Y",-2.17437262020456,-1.32069593526056,-4.39276543699035
1187,"C",-0.349677134051099,-1.13482661530422,-0.767514073264885
1188,"R",NA,NA,NA
1189,"K",-2.72737878099196,-3.57965722753532,-4.40582592276392
1190,"Y",-0.97656916804158,-2.41916605923888,-3.25858381373475
1191,"A",-6.5794549114969,-1.13489585952596,-6.91979841005368
1192,"P",-0.365625719393236,NA,NA
1193,"L",-6.14338651639248,-6.81653182311759,-7.75115398264587
1194,"Y",-1.58504072603781,-4.34996168828967,-3.05800599210802
1195,"A",-2.17456228623108,-1.02302162289692,-2.3693517416909
1196,"A",-11.4171248135746,-5.39795693535486,-4.69720883792883
1197,"E",-4.83538698751037,-0.0949929339991176,-2.32175841166022
1198,"A",-0.762751149772353,-3.82254358235549,-4.18010501906143
1199,"K",-1.69346812947917,-0.482503227687033,-1.35739259432594
1200,"R",-4.69950482762412,-1.99075066464597,-2.21811326974487
1201,"V",-3.7231322400288,-0.982985715138635,-0.452366865950964
1202,"F",-10.8397821099016,-4.22720653775589,-9.69394125324564
1203,"S",-7.59194205103754,-7.0640296105062,-5.89748007274349
1204,"L",-2.14541070920795,-5.76849995803032,-1.23145669882671
1205,"E",NA,NA,NA
1206,"K",-5.34107107004432,-3.3834670411113,-5.34462389154578
1207,"K",-3.59630849875719,-0.431228643262776,-0.324412447087157
1208,"M",-0.416918825033994,-0.162774155122074,-1.69935359430024
1209,"S",-1.68460024662757,-6.37875808324994,-7.20238653797979
1210,"N",-2.43453909843005,-4.19646311164201,-5.78226793493609
1211,"Y",NA,NA,NA
1212,"I",-2.687456732208,NA,-0.652410908705994
1213,"Q",-2.50067531749525,-0.848975552844331,-0.893591201312188
1214,"F",NA,NA,NA
1215,"K",NA,NA,NA
1216,"S",NA,NA,NA
1217,"K",NA,NA,NA
1218,"C",-4.04128080479294,NA,NA
1219,"R",NA,NA,NA
1220,"I",NA,NA,NA
1221,"E",NA,NA,NA
1222,"P",NA,NA,NA
1223,"V",NA,NA,NA
1224,"C",-1.17025208755187,NA,NA
1225,"L",-0.599604141893956,-2.75542491041392,-3.95952217368173
1226,"L",-1.87263529924103,-1.07237154005879,-1.29262062053046
1227,"L",-0.795383257552849,-0.135213454848113,NA
1228,"H",-0.576830973182988,-0.695645575164761,NA
1229,"G",-0.706285089852216,-0.380782484244798,-0.307796198979671
1230,"S",-4.39973708674951,-4.03092060273207,-3.10110846892422
1231,"P",NA,NA,NA
1232,"G",NA,NA,NA
1233,"A",-6.16477532796798,-1.86224170337059,-4.66603401824008
1234,"G",NA,NA,NA
1235,"K",NA,NA,NA
1236,"S",NA,NA,NA
1237,"V",NA,-0.91220790083963,-0.771289060352049
1238,"A",-1.8761915605543,-2.16640884787891,-0.886785342862058
1239,"T",NA,NA,NA
1240,"N",-3.92252866004911,-0.619238432768889,-3.17356314086551
1241,"L",NA,-4.4902124211355,-2.69336453657906
1242,"I",-1.19232471200494,-1.41039064302937,-1.72878047564227
1243,"G",NA,NA,NA
1244,"R",-0.0898227027917419,-0.667700636121038,NA
1245,"S",-6.68030534575017,-0.748310785651665,-1.27129826936804
1246,"L",NA,-1.87272692184333,-2.39381415484051
1247,"A",-1.88325381360886,-0.626412269254573,-0.685254246207679
1248,"E",-3.52078896759685,-4.44132720751007,-7.64056265307006
1249,"K",-4.35627273540717,-3.72081851539402,-2.25536397634044
1250,"L",-3.11164183350504,-2.60239305029026,-1.57015144267284
1251,"N",-2.050073839047,-1.76090114131133,-2.5257584405613
1252,"S",-1.88168576717945,-0.800588836999737,NA
1253,"S",-2.42590216105536,-2.44083804232666,-2.42032442034841
1254,"V",-3.5387297160666,-1.99973130743862,-4.59732361395321
1255,"Y",NA,NA,NA
1256,"S",NA,NA,NA
1257,"L",NA,NA,-1.26693779836026
1258,"P",NA,NA,NA
1259,"P",NA,NA,NA
1260,"D",NA,NA,NA
1261,"P",NA,NA,NA
1262,"D",-1.68586004020932,-3.87659642554152,-1.92257280123935
1263,"H",NA,-1.52601137005916,-0.097080790675419
1264,"F",NA,NA,-0.0783889320667513
1265,"D",NA,NA,NA
1266,"G",-4.15017459066251,-1.47922307884959,-0.183621292482157
1267,"Y",NA,NA,NA
1268,"K",-0.114092767226879,NA,-0.341815817340992
1269,"Q",-0.675604019183894,-0.721932322973603,-3.79318798613696
1270,"Q",NA,-0.109896045921693,-0.897966488520212
1271,"A",-2.78509522322616,-3.00466068349863,-2.8190408209065
1272,"V",NA,-0.0453368804546269,-0.391542831339556
1273,"V",-1.5594146765577,-2.83248110270977,-1.62748613707263
1274,"I",-0.500708851931142,NA,-0.624642379718906
1275,"M",-4.63958826474071,NA,-1.25948810800213
1276,"D",NA,-0.31138623754776,NA
1277,"D",NA,NA,NA
1278,"L",NA,NA,NA
1279,"C",-2.30784913500357,-2.25469951909686,-3.04638480770545
1280,"Q",NA,NA,NA
1281,"N",NA,NA,NA
1282,"P",NA,NA,NA
1283,"D",NA,NA,-2.19704460726412
1284,"G",NA,-0.30331022058119,-0.890005299039148
1285,"K",-5.86937584549878,-4.19949362257895,-1.87540044971673
1286,"D",NA,NA,NA
1287,"V",-0.478812496396685,NA,-0.705411547397783
1288,"S",-0.027979842127365,NA,-0.588899837204671
1289,"L",-6.6088522513598,-2.35468997131181,-0.171939351798265
1290,"F",-1.56140728493762,-0.685934662894522,NA
1291,"C",NA,NA,NA
1292,"Q",NA,NA,NA
1293,"M",-1.68585699253667,-0.337675379452489,-0.9044892853521
1294,"V",NA,NA,NA
1295,"S",NA,NA,NA
1296,"S",-0.12628159083195,-1.38145767049443,-1.66306774311545
1297,"V",NA,NA,NA
1298,"D",NA,NA,NA
1299,"F",NA,NA,NA
1300,"V",-2.27928171090413,-2.17256356143987,-2.39879682846724
1301,"P",-1.40918738879222,NA,-1.71413849983073
1302,"P",NA,NA,NA
1303,"M",-1.17366147570113,-0.590921172877331,NA
1304,"A",NA,NA,NA
1305,"A",-6.42983940354155,-0.313047578765521,-1.31495485844522
1306,"L",-0.720800449683516,NA,NA
1307,"E",NA,-3.22375401124369,-2.06574038489795
1308,"E",-1.35133594159715,-0.0572943961756522,-2.48571960065756
1309,"K",NA,NA,NA
1310,"G",NA,NA,NA
1311,"I",-2.36135011239425,-5.49157658177719,-4.8690654431544
1312,"L",-0.550221539511635,-3.07720761001391,-4.22478070425547
1313,"F",NA,NA,-2.36456505032825
1314,"T",-0.962942249335284,-8.33557584924568,-7.45878172681429
1315,"S",-0.281080858072769,NA,NA
1316,"P",-4.47014016338607,-10.2609659274077,-6.87931861367078
1317,"F",-1.53860325110717,-4.61124377888492,NA
1318,"V",-2.33616217084132,-0.0099139653285234,NA
1319,"L",-2.18113470145236,-6.39549294664996,-0.40621202033869
1320,"A",NA,NA,NA
1321,"S",NA,NA,NA
1322,"T",NA,NA,NA
1323,"N",NA,NA,NA
1324,"A",-0.848290363752808,-7.61549264691798,-1.88780068122332
1325,"G",NA,NA,-0.216556450356645
1326,"S",NA,-2.04599681889326,-1.45250966613926
1327,"I",NA,-1.20456929870283,-0.754266257917036
1328,"N",-3.46492475079815,-1.31622878237063,-1.72101516800458
1329,"A",-0.41281042302734,-0.496412905525023,-0.035127952998305
1330,"P",-0.611720784700578,-0.338812655814748,-3.62429311113959
1331,"T",NA,NA,NA
1332,"V",NA,-0.183508174805231,NA
1333,"S",-1.74593396259722,NA,NA
1334,"D",NA,NA,NA
1335,"S",-0.104066109142427,NA,-0.441157163880369
1336,"R",NA,NA,NA
1337,"A",NA,NA,NA
1338,"L",-0.887569556070198,-1.05798820530375,-2.47878677935079
1339,"A",-1.32823072552923,-0.863781910108118,-3.04834946799362
1340,"R",NA,NA,-0.180148572293785
1341,"R",NA,NA,NA
1342,"F",-0.253906810793048,NA,NA
1343,"H",-2.77864232249451,-3.47466554075136,-7.43737890469146
1344,"F",-0.495205637145483,NA,NA
1345,"D",NA,NA,NA
1346,"M",-7.51327498177513,-1.31632036236192,-3.68460950638795
1347,"N",NA,NA,-2.24596009445743
1348,"I",-3.18154565581185,NA,NA
1349,"E",NA,NA,NA
1350,"V",-5.81156014643129,-4.15362365352806,-0.265001890694952
1351,"I",-8.83038525514608,-2.53071326978288,-6.43658995902884
1352,"S",-4.52485141555931,-3.61463937413474,-8.32855032279031
1353,"M",-4.82734850291449,-5.34408295229912,-8.59816858712569
1354,"Y",NA,-0.769690373365262,-0.710675892503311
1355,"S",-10.5000713132526,-4.18059580276768,-7.2761506705232
1356,"Q",-3.27816642484781,-2.46250466842964,-0.721411915539806
1357,"N",-4.97855327943603,-3.38538107926981,-7.55488275721485
1358,"G",-8.70018913348505,-3.31103679618891,-3.13651555870692
1359,"K",-1.17595973587626,-4.52696658717853,-1.34424158014185
1360,"I",-0.571939099672939,-0.344515164712558,-0.596005424421794
1361,"N",-8.14967535844344,-4.71935866689809,-10.5991828819582
1362,"M",-4.44579933045885,-0.287148676467205,-2.46865357761329
1363,"P",-3.95756817349576,-2.63576971690824,-0.595847332499733
1364,"M",-2.3985975468354,-2.6731679015472,-8.32635289392967
1365,"S",-1.90845298372752,-3.00539764207275,-2.43223458754493
1366,"V",-2.64732944936286,-1.39524111777305,-5.48438123612726
1367,"K",-4.02166070664114,-1.37542292847998,-6.33696730427448
1368,"T",-4.71119848990521,-7.10109429299896,-4.08563554549883
1369,"C",NA,NA,NA
1370,"D",-7.3961058762201,-8.6996558953461,-2.02764724663275
1371,"D",-2.22472000915533,-8.46437768899162,-7.62168161959228
1372,"E",-3.67893744912306,-4.08158520793033,NA
1373,"C",-1.89210965076117,-3.03483578006875,-0.608543993267492
1374,"C",-4.32376020598506,-4.2696268400494,-3.8290179354666
1375,"P",-3.6644426083495,NA,-1.29985747948882
1376,"V",-3.49943143881771,-3.94279473944243,-5.88341493265787
1377,"N",-0.970975565684893,NA,-3.00008315005569
1378,"F",NA,NA,NA
1379,"K",-0.25975518445292,-1.02287461456369,-3.88954243350398
1380,"K",-2.01684406643119,-5.27457148084224,-10.5934939975521
1381,"C",NA,NA,NA
1382,"C",-0.851566163874676,-0.568428931104059,-6.48353434756259
1383,"P",-0.164921418862207,-0.122018282083075,NA
1384,"L",-0.997797918379714,-0.362680655092641,-1.78448473865206
1385,"V",-0.751336347198003,-1.4588378482373,-2.28190450377758
1386,"C",-2.7494462192402,NA,NA
1387,"G",-1.02027972292883,-0.170328277083521,-0.470000522856729
1388,"K",-5.47997709344598,-2.24994576505477,NA
1389,"A",-0.770066733227608,-0.767839848474947,NA
1390,"I",-3.66698872688995,-0.427710283887027,-5.2774804322527
1391,"Q",NA,NA,NA
1392,"F",-4.24751674317325,-1.97227624498477,-5.7497676958437
1393,"I",-0.707709529486563,-1.2927527148216,-1.46686509786044
1394,"D",-4.7804634363504,-0.696075302514128,-1.73996292361495
1395,"R",NA,NA,-0.382608414976411
1396,"R",-3.85825857376978,-2.99997678373026,-3.94409024091084
1397,"T",-6.36184819799635,-4.42710383842471,-2.31417206195857
1398,"Q",-6.58040226920953,-3.05643348458383,-1.49356813791651
1399,"V",-5.79155427869087,-6.85681724396504,-8.80848134163188
1400,"R",NA,NA,NA
1401,"Y",-8.15517757853179,-5.39118615217985,-4.71397917950364
1402,"S",-1.976152344427,-0.627769443109529,-0.441556971478716
1403,"L",-0.126731830869366,-3.08584420976163,-6.97942515387234
1404,"D",NA,NA,NA
1405,"M",-3.78222006554117,-1.2927600572698,-2.09648205340447
1406,"L",-0.162687682237452,-2.05202023897307,-1.37815804881395
1407,"V",-2.25624303906346,-0.581022978712192,-2.54552385570141
1408,"T",-1.15690636336449,-0.863908137353353,-2.26494893500773
1409,"E",-0.520627675770133,-1.00247941531297,NA
1410,"M",-4.29426817410155,-0.440632834499517,-2.00859147010387
1411,"F",-7.16849910790057,-4.30816095505308,-5.12363963799984
1412,"R",-3.20070273952856,-3.76193292199631,-10.1225442054086
1413,"E",-3.76760587924202,-1.52869817288288,-1.85653513743236
1414,"Y",-1.07091160687845,-1.96246976615848,-5.10118926977301
1415,"N",-1.89878137656881,-5.20096489860997,-7.36393388046778
1416,"H",-0.414431162034774,-2.92622714061337,-2.99626915254257
1417,"R",NA,NA,NA
1418,"H",-1.54096836741486,-4.15974204951163,-2.16020445979135
1419,"S",-3.44912952635684,-8.608436431264,-2.72355093124399
1420,"V",NA,-1.17897905604464,NA
1421,"G",-2.58432609329452,-6.03852696441436,-3.04919661105145
1422,"T",-9.55314480407254,-3.37754811955895,-7.15732116150073
1423,"T",-6.45006299631796,-2.67840124909815,-3.2447739758413
1424,"L",-0.408486072427204,NA,-0.23875959396176
1425,"E",-10.0476158601426,-5.37546610039963,-6.26554467796996
1426,"A",-4.34750567261973,-1.29288667476239,-4.89135565338801
1427,"L",-1.283409019698,NA,-2.79966460572809
1428,"F",NA,NA,NA
1429,"Q",NA,NA,NA
1430,"G",NA,-0.416523929786462,-1.4455754592859
1431,"P",-2.68713192879789,-3.87115527903297,-7.0385689993533
1432,"P",-8.05796217074967,-3.35527924699572,-6.93131419764098
1433,"V",-1.99551284957767,-4.74138776081092,-9.76495894931154
1434,"Y",-0.25249506110089,NA,-1.52790283210947
