site,wildtype,wtAA,mutAA,p1_L1_hela_vs_RPE_rep1
1,ATG,M,*,0
2,GGA,G,*,2.9678927542083597e-6
3,GCT,A,*,2.2941664405227226e-4
4,CAA,Q,*,1.5755521680668768e-4
5,GTA,V,*,-1.631465708099541e-4
6,TCA,S,*,1.414218788067398e-4
7,ACG,T,*,-1.0716616861171565e-4
8,CAA,Q,*,-0.9999567366742735
9,AAG,K,*,9.89096348311315e-5
10,ACT,T,*,2.690844962009418e-4
11,GGG,G,*,1.465244786509537e-5
12,GCA,A,*,-9.299804457414139e-6
13,CAT,H,*,2.074564909833716e-5
14,GAG,E,*,-1.9372007746017322e-5
15,ACC,T,*,-2.7800172943419875e-4
16,AGG,R,*,-0.001062940737353791
17,CTG,L,*,3.892894034635801e-5
18,AAT,N,*,-0.001233114452960323
19,GCT,A,*,-2.352094584494259e-4
20,AGC,S,*,-2.1297737181839304e-4
21,GGC,G,*,3.128965620662737e-5
22,AAT,N,*,1.0393167188148627e-4
23,TCC,S,*,-1.0653517383641637e-4
24,ATC,I,*,0.0012825927649049115
25,ATT,I,*,1.8895953501740744e-5
26,CAC,H,*,-3.0562270059868087e-4
27,TAC,Y,*,4.454948722353152e-5
28,ACA,T,*,1.6137957101218492e-4
29,AAT,N,*,1.3719068225579562e-4
30,ATT,I,*,-1.3825736619146746e-5
31,AAT,N,*,4.883601914984026e-5
32,TAT,Y,*,-6.0232400351845577e-5
33,TAC,Y,*,-1.654464892715513e-5
34,AAG,K,*,5.106164922420544e-5
35,GAT,D,*,8.953319618745164e-6
36,GCC,A,*,-6.320989333509174e-7
37,GCA,A,*,-2.9898702816958833e-6
38,TCC,S,*,0
39,AAC,N,*,1.0274640296689452e-4
40,TCA,S,*,-4.844406501759328e-5
41,GCC,A,*,4.344666546464038e-5
42,AAT,N,*,3.716762494603483e-5
43,CGG,R,*,2.8569021601314065e-6
44,CAG,Q,*,4.6446540762809014e-4
45,GAT,D,*,1.2950524881121474e-4
46,TTC,F,*,2.865668638589139e-4
47,ACT,T,*,7.301911041618225e-5
48,CAA,Q,*,3.5008329209785513e-4
49,GAC,D,*,1.1764080343242564e-4
50,CCG,P,*,1.3027193995621885e-5
51,GGC,G,*,-8.789642882336735e-5
52,AAG,K,*,-1.1643401610232094e-4
53,TTC,F,*,1.1689039037376712e-5
54,ACA,T,*,-2.531032274398453e-4
55,GAA,E,*,-0.9998397833329068
56,CCA,P,*,3.93413191932875e-5
57,GTG,V,*,2.105620571384758e-4
58,AAA,K,*,1.6230601548739132e-4
59,GAT,D,*,4.002959698528437e-5
60,ATC,I,*,-9.725954483132557e-5
61,ATG,M,*,3.1369929315946916e-4
62,ATT,I,*,-3.733208691861113e-4
63,AAA,K,*,1.0915804399537312e-5
64,TCA,S,*,2.9824371527027053e-5
65,CTA,L,*,-3.439747076493597e-4
66,CCA,P,*,0.6213664621199267
67,GCT,A,*,3.8171597654828355e-5
68,CTC,L,*,1.9182654957303944e-5
69,AAC,N,*,2.2681083921899752e-5
70,TCC,S,*,1.587279256262978e-5
71,CCC,P,*,3.6706366164880887e-6
72,ACA,T,*,-1.4991976923175465e-5
73,GTA,V,*,0
74,GAG,E,*,-2.5075056081893578e-6
75,GAG,E,*,7.286318874127905e-6
76,TGC,C,*,2.1821018367121897e-5
77,GGA,G,*,1.9653337574217518e-5
78,TAC,Y,*,1.7454309192737398e-4
79,AGT,S,*,2.845271396356166e-5
80,GAC,D,*,2.3576736114369532e-5
81,AGG,R,*,2.4119962459031412e-5
82,GCG,A,*,3.203426503814917e-16
83,AGA,R,*,1.0317487871922824e-5
84,TCA,S,*,2.8184814564510332e-5
85,ATC,I,*,2.449907467663211e-5
86,ACA,T,*,1.4028858567003484e-5
87,TTA,L,*,1.0811672461529171e-5
88,GGT,G,*,1.7328332963442392e-5
89,AAC,N,*,2.4368255147315898e-5
90,TCC,S,*,-2.3630161248512842e-5
91,ACC,T,*,-2.1327052221868266e-5
92,ATA,I,*,2.456319624277165e-5
93,ACG,T,*,6.990638950821976e-6
94,ACT,T,*,1.8557769717548854e-6
95,CAG,Q,*,-5.310595795441394e-6
96,GAA,E,*,3.4741425482693496e-5
97,TGC,C,*,-6.820453264888945e-6
98,GCC,A,*,3.429052720949957e-6
99,AAC,N,*,6.884393132234483e-6
100,GTG,V,*,-1.6017132519074588e-16
101,GTG,V,*,1.536729070403534e-4
102,GTG,V,*,2.411974742173085e-5
103,GGC,G,*,6.25032669656902e-5
104,TAT,Y,*,-2.1741881110571936e-5
105,GGA,G,*,3.507335853293134e-5
106,GTA,V,*,2.62870280180475e-5
107,TGG,W,*,-1.6017132519074588e-16
108,CCA,P,*,1.7919055352101143e-5
109,GAT,D,*,1.2264388902167436e-4
110,TAT,Y,*,-1.3928222212899623e-6
111,CTA,L,*,-1.583990077626408e-5
112,AAG,K,*,-8.806295238481951e-5
113,GAT,D,*,-4.5245628875129006e-5
114,AGT,S,*,-2.4812532953736907e-5
115,GAG,E,*,-1.4697407196895414e-5
116,GCA,A,*,3.6884665597506116e-6
117,ACA,T,*,1.2003274320160333e-4
118,GCA,A,*,0
119,GAG,E,*,3.8762712470279476e-5
120,GAC,D,*,-1.6017132519074588e-16
121,CAA,Q,*,-8.101284647138001e-6
122,CCG,P,*,1.0471288085972004e-5
123,ACC,T,*,-1.6525693907816076e-4
124,CAA,Q,*,1.1440095586517499e-4
125,CCA,P,*,0
126,GAC,D,*,0
127,GTT,V,*,1.0553273901724102e-5
128,GCC,A,*,1.7618362198568026e-5
129,ACA,T,*,1.4730987233481101e-5
130,TGT,C,*,2.0856610768783164e-4
131,AGG,R,*,-1.6017132519074588e-16
132,TTC,F,*,0
133,TAT,Y,*,2.484671309947902e-5
134,ACC,T,*,0
135,CTT,L,*,1.0649298676523073e-5
136,GAC,D,*,3.203426503814917e-16
137,TCT,S,*,-1.6017132519074588e-16
138,GTG,V,*,6.483928659134013e-5
139,CAA,Q,*,4.801743203368229e-4
140,TGG,W,*,7.142440347513915e-6
141,CAG,Q,*,7.911152786036547e-5
142,AAA,K,*,4.797347349057668e-5
143,ACC,T,*,3.8749153818148707e-4
144,TCA,S,*,2.118390295680358e-5
145,CCA,P,*,8.857098399865635e-5
146,GGA,G,*,7.062424474027804e-6
147,TGG,W,*,1.7759189741692316e-5
148,TGG,W,*,1.4210237991747442e-5
149,TGG,W,*,1.360307356379741e-5
150,AAG,K,*,1.0932717213268571e-4
151,CTG,L,*,3.254595164662431e-5
152,CCC,P,*,2.1666360126919197e-5
153,GAT,D,*,1.4512238637390059e-5
154,GCT,A,*,1.366639383280832e-4
155,TTG,L,*,3.271073576313412e-5
156,TCG,S,*,1.1607342221214254e-4
157,AAC,N,*,-1.6373692067150434e-5
158,TTA,L,*,1.802576198462654e-5
159,GGA,G,*,7.635141479514877e-6
160,CTG,L,*,7.5744309544033e-6
161,TTT,F,*,0
162,GGG,G,*,8.413101021374185e-5
163,CAG,Q,*,3.7183716133643034e-5
164,AAC,N,*,1.387496557490334e-5
165,ATG,M,*,-1.0936524448924821e-5
166,CAG,Q,*,1.7359223022389567e-4
167,TAC,Y,*,1.1685125467907168e-5
168,CAC,H,*,-1.6017132519074588e-16
169,TAC,Y,*,7.954623599360528e-6
170,TTA,L,*,1.4300359175006859e-5
171,GGC,G,*,1.2016960693651934e-5
172,CGA,R,*,3.610913068539425e-5
173,ACT,T,*,3.993407120102138e-5
174,GGG,G,*,1.665281069275854e-4
175,TAT,Y,*,3.609829077985307e-5
176,ACC,T,*,1.5154629530404208e-5
177,GTA,V,*,6.09099675311518e-6
178,CAT,H,*,1.5897588656557944e-5
179,GTG,V,*,3.132257228505159e-5
180,CAG,Q,*,-4.750934962374044e-6
181,TGC,C,*,-0.9999320743109894
182,AAT,N,*,3.203426503814917e-16
183,GCA,A,*,4.415634802659874e-5
184,TCT,S,*,-2.0000024530433125
185,AAG,K,*,1.6709176333369607e-4
186,TTC,F,*,8.054704073012385e-6
187,CAC,H,*,0
188,CAA,Q,*,0
189,GGA,G,*,2.7830936024384635e-5
190,TGC,C,*,5.960292066768568e-4
191,TTG,L,*,6.910155679866875e-5
192,CTA,L,*,3.933002472166148e-6
193,GTA,V,*,1.7938677308083645e-5
194,GTG,V,*,4.373149683684168e-5
195,TGT,C,*,1.4855154283166717e-4
196,GTA,V,*,1.1811532762520048e-5
197,CCG,P,*,4.0985535935429936e-6
198,GAA,E,*,8.0138095005565e-6
199,GCT,A,*,9.295693147100339e-5
200,GAG,E,*,-4.301316097252677e-6
201,ATG,M,*,-1.7226342820525603e-5
202,GGT,G,*,-4.981724776238928e-6
203,TGC,C,*,3.0237631045078394e-5
204,GCA,A,*,4.0204182611464826e-5
205,ACG,T,*,8.599997037800747e-5
206,CTA,L,*,0.02063006740570643
207,GAC,D,*,0.0019868867770724617
208,AAC,N,*,3.482473296394366e-5
209,ACC,T,*,5.137145955576248e-4
210,CCA,P,*,2.3218140562187287e-5
211,TCC,S,*,0.0035120310805882506
212,AGT,S,*,-9.189300845012466e-4
213,GCA,A,*,1.419628788474771e-4
214,GAA,E,*,3.2370068607603714e-4
215,TTG,L,*,2.8582135295060686e-6
216,CTG,L,*,-2.1081118736202108e-5
217,GGG,G,*,5.757128979962561e-5
218,GGC,G,*,2.9426617513097093e-5
219,GAT,D,*,-0.9999869888185755
220,AGC,S,*,0.0172589166183375
221,GCA,A,*,1.4154456295233857e-4
222,AAG,K,*,1.0157366860026228e-4
223,GAG,E,*,1.6115388083903247e-5
224,TTT,F,*,1.6201715663942983e-5
225,GCG,A,*,4.440499984485697e-5
226,GAC,D,*,8.132228715719457e-6
227,AAA,K,*,2.45759297237741e-4
228,CCG,P,*,-1.4400815512523179e-6
229,GTC,V,*,-1.9807889355417393e-5
230,GCA,A,*,1.8206491890599987e-5
231,TCC,S,*,3.140748351126397e-5
232,GGG,G,*,1.6180139281295625e-4
233,TCC,S,*,0.8361724711541108
234,AAC,N,*,2.7104847574089587e-4
235,AAG,K,*,0.0032196683882161274
236,TTG,L,*,1.8969926417992554e-4
237,GTA,V,*,1.2079722978261106e-4
238,CAG,Q,*,4.102577412864731e-6
239,AGG,R,*,-2.492689684145663e-4
240,GTG,V,*,3.633768393650577e-5
241,GTG,V,*,6.715357566981481e-5
242,TAT,Y,*,-1.6675864707610097e-5
243,AAT,N,*,1.2270917561203823e-5
244,GCA,A,*,1.0891465534094028e-4
245,GGC,G,*,9.309398773422009e-6
246,ATG,M,*,2.4350950790924785e-5
247,GGG,G,*,-3.2903179307003334e-5
248,GTG,V,*,-9.680859778047277e-6
249,GGT,G,*,1.4811983032741552e-4
250,GTT,V,*,-3.224491560414851e-4
251,GGA,G,*,0.8089929695951246
252,AAC,N,*,4.201565400865737e-6
253,CTC,L,*,6.544681521952118e-5
254,ACC,T,*,2.3506071499993848e-4
255,ATT,I,*,9.095384332831317e-5
256,TTC,F,*,4.116788462692196e-6
257,CCC,P,*,0
258,CAC,H,*,4.081267812501688e-6
259,CAA,Q,*,1.2276274945011373e-5
260,TGG,W,*,3.556761072505706e-5
261,ATC,I,*,-1.1574332653585438e-5
262,AAC,N,*,2.4491592466206977e-5
263,CTA,L,*,4.061220071608102e-6
264,CGC,R,*,0
265,ACC,T,*,-1.2382492002705313e-5
266,AAT,N,*,7.988933278806486e-6
267,AAT,N,*,1.6094620260176037e-5
268,AGT,S,*,1.4465926556777147e-4
269,GCT,A,*,3.2895669467093337e-5
270,ACA,T,*,2.835661835603954e-5
271,ATT,I,*,5.949880674259017e-5
272,GTG,V,*,-1.9334823815869537e-5
273,ATG,M,*,2.4295814861197046e-5
274,CCA,P,*,1.8758546032723637e-5
275,TAC,Y,*,4.035658889111406e-6
276,ACC,T,*,8.636973797904956e-5
277,AAC,N,*,2.041298085714874e-5
278,AGT,S,*,6.119063045186431e-5
279,GTA,V,*,4.0828502834185136e-6
280,CCT,P,*,8.079170925563147e-6
281,ATG,M,*,3.613182300319654e-5
282,GAT,D,*,0
283,AAC,N,*,1.122229842463689e-4
284,ATG,M,*,-8.220971430824433e-5
285,TTT,F,*,-9.17685978880164e-6
286,AGG,R,*,-1.7113447998209978e-5
287,CAT,H,*,-3.203426503814918e-16
288,AAC,N,*,8.554029125046802e-6
289,AAC,N,*,5.354871395614947e-5
290,GTC,V,*,4.425284597749848e-5
291,ACC,T,*,1.5719005770013658e-5
292,CTA,L,*,1.7950484797183815e-5
293,ATG,M,*,6.075807890202402e-6
294,GTT,V,*,1.6146979598350713e-4
295,ATC,I,*,2.590890511088745e-5
296,CCA,P,*,3.203426503814917e-16
297,TTT,F,*,3.825185024693012e-6
298,GTA,V,*,4.950923897951877e-5
299,CCG,P,*,1.8827496209064814e-4
300,CTA,L,*,-9.470221936791127e-7
301,GAT,D,*,3.0208413017272282e-5
302,TAC,Y,*,3.0107860192373526e-5
303,TGC,C,*,2.260040979029885e-4
304,CCT,P,*,5.393435361122822e-4
305,GGG,G,*,7.464517711068959e-6
306,TCC,S,*,-2.461406535351463e-5
307,ACC,T,*,-2.8633470597169306e-4
308,ACG,T,*,1.1367468069991329e-4
309,TAC,Y,*,3.2956292865887494e-4
310,GTC,V,*,4.462214918928848e-5
311,CCA,P,*,0
312,ATT,I,*,-7.055915391940478e-5
313,ACG,T,*,3.203426503814917e-16
314,GTC,V,*,-1.3755554324693243e-5
315,ACG,T,*,7.536433960737155e-5
316,ATA,I,*,-1.060503705763221e-4
317,GCC,A,*,1.1103864010718064e-5
318,CCA,P,*,3.203426503814917e-16
319,ATG,M,*,2.617507757382175e-5
320,TGT,C,*,1.0733747380579623e-4
321,GCC,A,*,-3.0297158253253107e-6
322,GAG,E,*,0
323,TAC,Y,*,0
324,AAT,N,*,9.906815272600638e-5
325,GGG,G,*,1.525223446317374e-5
326,TTA,L,*,3.7880439163596015e-6
327,CGT,R,*,0
328,TTA,L,*,2.1621205279447444e-4
329,GCA,A,*,1.1357481518187909e-5
330,GGG,G,*,2.697769912401697e-4
331,CAC,H,*,-2.605735580549787e-4
332,CAG,Q,*,0
333,GGC,G,*,2.216780381082105e-6
334,TTA,L,*,-5.309442688515847e-6
335,CCA,P,*,7.60996600825094e-6
336,ACC,T,*,7.134827673064953e-5
337,ATG,M,*,6.239289628284055e-6
338,AAT,N,*,1.1560911004861349e-4
339,ACT,T,*,2.4723015327852415e-5
340,CCG,P,*,3.7472511118407335e-6
341,GGG,G,*,0
342,AGC,S,*,3.726893549633757e-6
343,TGT,C,*,8.865574023769588e-5
344,CAA,Q,*,7.370609178931636e-6
345,TTT,F,*,3.701629762402701e-6
346,CTG,L,*,5.700656031276336e-7
347,ACA,T,*,0
348,TCA,S,*,0
349,GAC,D,*,-1.6017132519074588e-16
350,GAC,D,*,0
351,TTC,F,*,7.442856830859581e-6
352,CAA,Q,*,1.8402478132943568e-5
353,TCA,S,*,1.089997582025051e-5
354,CCA,P,*,3.203426503814917e-16
355,TCC,S,*,2.1713415877917773e-5
356,GCC,A,*,3.2125975001644e-5
357,ATG,M,*,1.637887400817163e-5
358,CCG,P,*,7.136042179263658e-6
359,CAA,Q,*,7.150578909509694e-6
360,TAT,Y,*,2.482544778684701e-5
361,GAC,D,*,2.210426695482684e-6
362,GTC,V,*,5.89926587897166e-5
363,ACA,T,*,3.204739587038287e-5
364,CCA,P,*,-1.05526060004428e-5
365,GAG,E,*,1.8935128240405147e-6
366,ATG,M,*,-3.434616795025321e-5
367,AGG,R,*,-2.741582845928397e-4
368,ATA,I,*,-2.0514857736446187e-5
369,CCT,P,*,2.1959364608558156e-5
370,GGT,G,*,3.6076224459342705e-6
371,GAG,E,*,4.460765776135017e-5
372,GTG,V,*,2.3768257219124333e-5
373,AAA,K,*,3.9512472943677336e-4
374,AAC,N,*,1.4531893204132855e-5
375,TTG,L,*,3.273405954073485e-5
376,ATG,M,*,5.088324732555661e-5
377,GAA,E,*,3.6643049979524335e-6
378,ATA,I,*,3.301152849779416e-5
379,GCT,A,*,5.8351509905820066e-5
380,GAG,E,*,1.1005913734509512e-5
381,GTT,V,*,7.12862637172187e-5
382,GAC,D,*,2.369447650696659e-6
383,TCA,S,*,7.354640846896921e-6
384,GTT,V,*,1.3318772087334125e-5
385,GTC,V,*,-1.9752982825196478e-5
386,CCA,P,*,3.6365542190324486e-5
387,GTC,V,*,8.738654985177938e-5
388,CAA,Q,*,-1.1862333571491963e-4
389,AAT,N,*,7.265416670938525e-6
390,GTT,V,*,-2.895528935874735e-5
391,GGA,G,*,0.012983233489310892
392,GAG,E,*,-4.419737592867807e-5
393,AAG,K,*,2.2860496004996426e-4
394,GTC,V,*,4.132631276092619e-4
395,AAC,N,*,0.8099295820749773
396,TCT,S,*,1.6128612663406097e-4
397,ATG,M,*,9.485935405224349e-6
398,GAA,E,*,9.95760940364081e-7
399,GCA,A,*,8.847322201314049e-5
400,TAC,Y,*,9.410137499273559e-7
401,CAG,Q,*,1.1668265782422306e-4
402,ATA,I,*,-4.809479485454809e-5
403,CCT,P,*,-1.4245706396939756e-5
404,GTG,V,*,8.126535499306323e-5
405,AGA,R,*,2.0135090861838663e-6
406,TCC,S,*,1.0055705102639351e-4
407,AAC,N,*,7.646662010949913e-5
408,GAA,E,*,-3.2564960930541785e-6
409,GGA,G,*,8.74016784787459e-5
410,TCT,S,*,2.23379725413901e-4
411,GGA,G,*,9.947344355529474e-5
412,ACG,T,*,-5.186919498883962e-5
413,CAA,Q,*,2.8112581936120835e-4
414,GTA,V,*,1.0188059805833101e-4
415,TTC,F,*,1.3492797821157636e-5
416,GGC,G,*,9.450094116034013e-5
417,TTT,F,*,-4.238827915830778e-5
418,CCA,P,*,4.830942873548486e-5
419,CTG,L,*,7.071326140503207e-6
420,CAA,Q,*,6.062281137418152e-5
421,CCA,P,*,6.69151388477492e-6
422,GGG,G,*,1.370837967397305e-5
423,TAC,Y,*,3.400892139596638e-4
424,TCA,S,*,1.1798071446026656e-4
425,AGT,S,*,3.346105252278481e-4
426,GTT,V,*,-3.3001121077713554e-5
427,TTT,F,*,2.326396238664878e-5
428,AGT,S,*,-1.9200425178074424e-4
429,CGG,R,*,7.048432590543809e-6
430,ACG,T,*,-1.7046732218898025e-5
431,CTC,L,*,3.6312954329114987e-6
432,CTA,L,*,6.238921239032689e-6
433,GGA,G,*,3.656550221690606e-6
434,GAG,E,*,2.9165286166713406e-5
435,ATC,I,*,-1.3448723353085115e-4
436,TTG,L,*,-2.9683370803967152e-5
437,AAC,N,*,3.999818157163535e-5
438,TAT,Y,*,4.943676136108474e-6
439,TAT,Y,*,3.688621888731988e-5
440,ACA,T,*,3.654215304165914e-6
441,CAT,H,*,0
442,TGG,W,*,1.3550213849278542e-5
443,TCA,S,*,1.4709394112283364e-5
444,GGC,G,*,3.6704300168265e-6
445,AGC,S,*,5.151767692887645e-5
446,ATA,I,*,8.077052224867902e-5
447,AAG,K,*,1.0063182822072273e-5
448,CTT,L,*,5.2131468377034524e-5
449,ACG,T,*,1.1270443016267165e-5
450,TTT,F,*,1.1243565099188505e-5
451,ATG,M,*,6.499613604985176e-5
452,TTC,F,*,3.7261189572715356e-5
453,TGT,C,*,9.967444120986532e-5
454,GGT,G,*,1.007435857631951e-6
455,TCG,S,*,-6.290426434324753e-5
456,GCC,A,*,-6.797371855905717e-5
457,ATG,M,*,7.613239188755475e-6
458,GCT,A,*,-4.9827022263203775e-5
459,ACT,T,*,3.798651485554761e-5
460,GGA,G,*,-2.7602212301606777e-5
461,AAA,K,*,1.5362758645927444e-5
462,TTC,F,*,9.282697372382792e-5
463,CTT,L,*,-5.914537561614764e-6
464,TTG,L,*,6.504195112008952e-5
465,GCA,A,*,-2.036961056762623e-5
466,TAC,Y,*,-1.6017132519074588e-16
467,TCA,S,*,7.593663552988933e-6
468,CCA,P,*,0
469,CCA,P,*,1.9248925621599414e-5
470,GGT,G,*,7.697136495568355e-6
471,GCT,A,*,4.670663683217646e-5
472,GGA,G,*,3.7870096828974133e-6
473,GCT,A,*,3.0423711718128313e-4
474,CCT,P,*,1.5281435525351492e-5
475,ACA,T,*,9.114014608988814e-5
476,AAA,K,*,-4.625066071651116e-5
477,AGG,R,*,3.791109629115473e-6
478,GTT,V,*,-3.94337635036325e-5
479,GAT,D,*,1.1324554668329874e-5
480,GCT,A,*,6.267112568812721e-5
481,ATG,M,*,7.50882782687639e-6
482,CTT,L,*,0
483,GGT,G,*,-8.177531275307225e-6
484,ACT,T,*,1.1380147943330005e-5
485,CAT,H,*,-1.1908970988075302e-5
486,GTA,V,*,3.383179410619077e-4
487,ATT,I,*,5.198118208529472e-6
488,TGG,W,*,-1.2077696111696478e-5
489,GAC,D,*,2.3664163709083445e-5
490,GTG,V,*,0
491,GGG,G,*,3.8886671682555795e-6
492,CTA,L,*,7.731994524410532e-6
493,CAA,Q,*,1.1589962958330344e-5
494,TCA,S,*,2.3853671658749824e-6
495,AGT,S,*,4.165513983699994e-5
496,TGC,C,*,2.4411207639524606e-4
497,GTG,V,*,2.5742751911728064e-4
498,CTG,L,*,-6.848749978331985e-6
499,TGT,C,*,1.8570478832294362e-4
500,ATA,I,*,1.1673062595360125e-5
501,CCC,P,*,7.959688656106688e-6
502,TGG,W,*,-2.9049489264766938e-6
503,ATA,I,*,2.387557508269018e-5
504,AGC,S,*,1.586406090061891e-5
505,CAA,Q,*,4.303832555075452e-5
506,ACA,T,*,1.5656181078089613e-5
507,CAC,H,*,1.5577866869147764e-5
508,TAC,Y,*,6.580993414861253e-6
509,CGG,R,*,3.993643223751172e-6
510,TTT,F,*,4.098415967683826e-6
511,GTT,V,*,-9.612362896767833e-6
512,GCT,A,*,7.696757284012101e-4
513,TCA,S,*,7.350376371913232e-4
514,GAT,D,*,1.055410626480293e-4
515,GAG,E,*,3.414815619496289e-5
516,TAT,Y,*,3.203426503814917e-16
517,ACC,T,*,8.974902401496463e-5
518,GCA,A,*,1.8656982302204034e-4
519,GGG,G,*,7.082165835174361e-5
520,GGT,G,*,0
521,TTT,F,*,2.845191732926397e-4
522,ATT,I,*,9.987633992677375e-6
523,ACG,T,*,1.2465615640036924e-5
524,TGC,C,*,-7.438352369511667e-5
525,TGG,W,*,3.720152410967099e-5
526,TAT,Y,*,4.9385182033804557e-5
527,CAA,Q,*,-8.783210057048008e-6
528,ACA,T,*,0
529,AAC,N,*,5.2440047811592575e-5
530,ATA,I,*,9.601928584846435e-5
531,GTG,V,*,2.4410642854796114e-5
532,GTC,V,*,-8.841061135803682e-5
533,CCA,P,*,-3.203426503814918e-16
534,GCG,A,*,1.0400768779520485e-4
535,GAT,D,*,-5.708306238240589e-5
536,GCC,A,*,7.412023637929948e-4
537,CAA,Q,*,1.458778506147034e-5
538,AGC,S,*,-2.4899795474640096e-4
539,TCC,S,*,-0.9996400780281155
540,TGT,C,*,1.851792439101342e-4
541,TAC,Y,*,7.203859505116922e-4
542,ATC,I,*,-7.274826225402017e-5
543,ATG,M,*,-2.372530392606313e-5
544,TGT,C,*,1.2186820034973904e-4
545,TTC,F,*,-2.628032983157303e-5
546,GTG,V,*,1.3245202534401402e-4
547,TCA,S,*,2.256831774956824e-5
548,GCA,A,*,1.3421896219998676e-4
549,TGC,C,*,-1.5849654668620152
550,AAT,N,*,1.1875843861214277e-6
551,GAC,D,*,8.172882409012066e-6
552,TTC,F,*,4.106944313051708e-6
553,TCT,S,*,0
554,GTC,V,*,-1.4907191554516002e-6
555,AGG,R,*,8.355690724531364e-6
556,CTA,L,*,4.665418083415408e-5
557,TTG,L,*,-3.203426503814918e-16
558,AAG,K,*,4.175046313892276e-6
559,GAC,D,*,2.1222105267196453e-5
560,ACT,T,*,2.457956873764585e-5
561,CCT,P,*,1.1659674445154924e-4
562,TTC,F,*,2.2945983796501293e-5
563,ATT,I,*,1.8705823998189008e-4
564,TCG,S,*,3.140466525712711e-4
565,CAG,Q,*,0
566,CAA,Q,*,0.023710621988760536
567,AAC,N,*,7.685208002082634e-4
568,TTT,F,*,9.779203668938218e-5
569,TTC,F,*,6.487271899172049e-4
570,CAG,Q,*,-1.1322448307763816e-5
571,GGC,G,*,1.7051202229440716e-5
572,CCA,P,*,2.2002575628962822e-4
573,GTG,V,*,-5.899931398402465e-4
574,GAA,E,*,2.3256138764504394e-4
575,GAC,D,*,-4.4561814841100625e-4
576,GCG,A,*,-1.1556423946400965e-4
577,ATA,I,*,5.023426385543643e-6
578,ACA,T,*,2.8046154851978234e-5
579,GCC,A,*,-3.335143536972145e-4
580,GCT,A,*,-3.2954707435578403e-4
581,ATA,I,*,2.4594812727125393e-4
582,GGG,G,*,-1.8110358855240036e-5
583,AGA,R,*,5.688707508617214e-5
584,GTT,V,*,7.700413249248566e-5
585,GCG,A,*,1.6648936505999677e-4
586,GAT,D,*,5.1107055174807625e-5
587,ACC,T,*,1.0068445071693616e-5
588,GTG,V,*,1.5926469575621571e-4
589,GGT,G,*,-9.346343650708437e-5
590,ACA,T,*,3.341509246562076e-4
591,GGG,G,*,1.267618745345253e-4
592,CCA,P,*,-5.9246632654660005e-6
593,ACC,T,*,-5.883118874872741e-5
594,AAC,N,*,-5.420517184128943e-6
595,TCA,S,*,-1.9400728669155448e-4
596,GAA,E,*,-1.000165085196423
597,GCT,A,*,3.318103628586344e-4
598,ATA,I,*,2.8173094030877536e-5
599,CCA,P,*,3.9909426690533004e-5
600,GCA,A,*,8.7949159388520375e-05
601,CTC,L,*,0
602,ACT,T,*,1.2096929281815741e-5
603,GCT,A,*,4.040916112132239e-6
604,GCT,A,*,-3.541248459433427e-5
605,GAG,E,*,0
606,ACG,T,*,-0.9999971869904491
607,GGT,G,*,-5.075131842077353e-6
608,CAC,H,*,1.9697927182404802e-5
609,ACG,T,*,2.3501364627969668e-5
610,TCA,S,*,-1.1863538498799148e-4
611,CAA,Q,*,8.012674185921066e-6
612,GTA,V,*,3.204704776752351e-5
613,GTG,V,*,1.7678283401239473e-5
614,CCG,P,*,-1.6017132519074588e-16
615,GGT,G,*,1.117321467641781e-4
616,GAC,D,*,-1.015624808797333e-5
617,ACT,T,*,4.100968264218623e-4
618,ATG,M,*,-3.7354050731972646e-6
619,CAG,Q,*,4.062318847008836e-6
620,ACA,T,*,5.641031729845698e-5
621,CGC,R,*,4.073732065422673e-6
622,CAC,H,*,1.5130465861821715e-4
623,GTT,V,*,-1.1759134691786291e-5
624,AAG,K,*,3.088494908903523e-4
625,AAC,N,*,3.203426503814917e-16
626,TAC,Y,*,1.7030605522930359e-4
627,CAT,H,*,8.25935086104517e-6
628,TCA,S,*,-6.41571958090225e-5
629,AGG,R,*,1.6646740158179805e-5
630,TCC,S,*,3.7179996332493e-5
631,GAG,E,*,1.6368439888304506e-5
632,TCA,S,*,1.8729593976541888e-6
633,ACC,T,*,1.4868987693275338e-4
634,ATA,I,*,7.653930462991779e-5
635,GAG,E,*,-6.446784196356212e-6
636,AAC,N,*,4.110924003673985e-6
637,TTC,F,*,4.12083452457113e-6
638,CTA,L,*,2.0562890082594585e-6
639,TGT,C,*,1.8964389216342187e-5
640,AGG,R,*,-1.2610126924666855e-6
641,TCA,S,*,1.5006426374493661e-5
642,GCA,A,*,2.8429583758779988e-5
643,TGC,C,*,2.057079581339463e-5
644,GTG,V,*,1.3920852299721237e-6
645,TAC,Y,*,3.8802860433825696e-5
646,TTT,F,*,4.0256760411612504e-5
647,ACG,T,*,2.7155552573119443e-5
648,GAG,E,*,2.0810697298069282e-4
649,TAT,Y,*,6.497466071192134e-6
650,AAA,K,*,0.001966669040875648
651,AAC,N,*,3.818275431044102e-5
652,TCA,S,*,4.523047920531308e-4
653,GGT,G,*,-4.293408197539746e-6
654,GCC,A,*,3.000656695631902e-4
655,AAG,K,*,-3.3221745195845915e-4
656,CGG,R,*,2.2007831329679784e-4
657,TAT,Y,*,4.633719355786054e-5
658,GCT,A,*,2.0158838781002323e-5
659,GAA,E,*,4.0255805732577765e-6
660,TGG,W,*,1.573581304197584e-4
661,GTA,V,*,-9.464357177432343e-6
662,TTA,L,*,1.0205769902409015e-4
663,ACA,T,*,4.3805050376772725e-5
664,CCA,P,*,-2.1272341193929502e-4
665,CGA,R,*,1.2192275375846662e-5
666,CAA,Q,*,-6.952030439412546e-5
667,GCA,A,*,5.6371890326052554e-5
668,GCA,A,*,3.536479735930787e-5
669,CAA,Q,*,8.230512382173127e-6
670,CTT,L,*,1.6428596506526878e-5
671,AGG,R,*,8.257505818069088e-6
672,AGA,R,*,5.309193070603027e-5
673,AAG,K,*,4.1224941183579425e-6
674,CTA,L,*,-3.2587573519990225e-5
675,GAA,E,*,0
676,TTC,F,*,1.8462772031099372e-4
677,TTT,F,*,1.3074253836279767e-5
678,ACC,T,*,6.8414328599980345e-6
679,TAC,Y,*,1.253565963766557e-5
680,GTC,V,*,1.3138520901093896e-5
681,CGG,R,*,0
682,TTC,F,*,1.2711273878357843e-5
683,GAC,D,*,-2.9813471142603175e-6
684,CTG,L,*,8.48343859132736e-6
685,GAG,E,*,-5.727196200246055e-6
686,CTG,L,*,3.203182080167919e-5
687,ACG,T,*,1.2510295704993502e-5
688,TTT,F,*,4.129727941817191e-6
689,GTC,V,*,0
690,ATA,I,*,3.9177325018131415e-5
691,ACA,T,*,1.433664304486423e-4
692,AGT,S,*,8.371449123282303e-6
693,ACT,T,*,4.696436266315478e-5
694,CAA,Q,*,2.5236796457730993e-4
695,CAG,Q,*,1.1000460352279759e-4
696,CCC,P,*,-1.156225615941761e-4
697,TCA,S,*,1.4277720701017516e-4
698,ACC,T,*,-1.7019781058009127e-4
699,ACA,T,*,4.812165034509605e-4
700,CAG,Q,*,-5.160101219326652e-5
701,AAC,N,*,2.4292192470336808e-4
702,CAA,Q,*,6.261451499873187e-4
703,GAT,D,*,1.6049700350952707e-4
704,GCA,A,*,-4.801660726350641e-5
705,CAG,Q,*,-7.521339041904341e-5
706,ATC,I,*,2.1245057205581452e-4
707,CTA,L,*,6.916164342499053e-5
708,ACA,T,*,4.369614464647328e-5
709,CAC,H,*,0
710,CAA,Q,*,3.988818379932974e-6
711,ATT,I,*,2.0280926789256168e-5
712,ATG,M,*,-5.20754275434836e-6
713,TAT,Y,*,-3.6438408459830787e-6
714,GTA,V,*,4.596080642102176e-5
715,CCA,P,*,1.1975262623802679e-5
716,CCA,P,*,3.203426503814917e-16
717,GGT,G,*,0
718,GGA,G,*,4.01538500840593e-6
719,CCT,P,*,5.179949774104529e-5
720,GTA,V,*,4.5655471700704276e-5
721,CCA,P,*,1.1952013784088366e-5
722,GAT,D,*,1.9627095084831458e-5
723,AAA,K,*,-3.716991463038542e-4
724,GTT,V,*,-9.324484741653319e-7
725,GAT,D,*,-2.4717505290836405e-5
726,TCA,S,*,4.643418740296392e-5
727,TAC,Y,*,3.9813493897550055e-5
728,GTG,V,*,1.3009860316724245e-5
729,TGG,W,*,-1.6017132519074588e-16
730,CAA,Q,*,-5.379888243590405e-6
731,ACA,T,*,0
732,TCT,S,*,-0.9999541547266764
733,ACG,T,*,-1.6017132519074588e-16
734,AAT,N,*,3.879903156714601e-6
735,CCC,P,*,0
736,AGT,S,*,3.932839630588203e-6
737,GTG,V,*,-7.191789243227096e-5
738,TTT,F,*,4.00612947324552e-6
739,TGG,W,*,-5.779576679576268e-6
740,ACC,T,*,1.4066546503019195e-4
741,GAG,E,*,-7.704923827801341e-6
742,GGA,G,*,1.713004859563305e-5
743,AAC,N,*,-7.60013488513649e-5
744,GCC,A,*,1.6457873238756714e-5
745,CCG,P,*,8.264784219508018e-5
746,CCG,P,*,1.810676586332885e-4
747,CGC,R,*,8.054630012447501e-6
748,ATG,M,*,1.8726622154686826e-4
749,TCC,S,*,1.6119609525322663e-5
750,ATA,I,*,-3.7993384222153056e-5
751,CCG,P,*,3.398014869830027e-5
752,TTT,F,*,0
753,TTG,L,*,3.917358628013438e-5
754,AGC,S,*,3.881476976701959e-6
755,ATT,I,*,-2.014342221045501e-5
756,GGC,G,*,0
757,AAC,N,*,7.951939275690697e-6
758,GCC,A,*,1.961691164260105e-5
759,TAT,Y,*,1.6615183482257704e-5
760,TCA,S,*,8.041196405606225e-5
761,AAT,N,*,-2.4862308016913736e-5
762,TTC,F,*,2.336747345211432e-5
763,TAT,Y,*,3.8649682952911315e-5
764,GAC,D,*,0
765,GGA,G,*,3.8978876876090585e-6
766,TGG,W,*,0
767,TCT,S,*,-6.04347363468229e-6
768,GAA,E,*,1.1822966880052189e-4
769,TTT,F,*,7.998248694868365e-5
770,TCC,S,*,6.357449416641042e-4
771,AGG,R,*,2.8256024666447845e-4
772,AAC,N,*,1.6536598662703558e-4
773,GGA,G,*,2.118305952556942e-5
774,GTT,V,*,7.409848681752e-4
775,TAC,Y,*,4.129794563798044e-7
776,GGC,G,*,0
777,ATC,I,*,3.149376027835402e-4
778,AAC,N,*,3.34040336724113e-5
779,ACG,T,*,3.508795820115023e-4
780,CTA,L,*,3.8598792777498995e-5
781,AAC,N,*,7.514847433798658e-5
782,AAC,N,*,1.8849639318595194e-4
783,ATG,M,*,5.209476451044238e-5
784,GGC,G,*,-2.55066494411454e-6
785,ACG,T,*,5.270153480155326e-5
786,CTA,L,*,7.11259035336698e-6
787,TAT,Y,*,8.145738429916957e-6
788,GCA,A,*,6.116941625329283e-5
789,AGA,R,*,1.4660472111975265e-5
790,CAT,H,*,3.1405689933550464e-5
791,GTC,V,*,-4.646866915984188e-5
792,AAC,N,*,1.412564824641477e-4
793,GCT,A,*,1.4315143949146378e-4
794,GGA,G,*,5.348779291785092e-4
795,AGC,S,*,5.481737594450639e-5
796,ACG,T,*,1.1696932837359252e-4
797,GGT,G,*,1.6699503038117812e-4
798,CCA,P,*,4.341486283394649e-4
799,ATA,I,*,1.0653736373023481e-4
800,AAA,K,*,7.44178074941396e-4
801,AGC,S,*,1.7866103310416125e-5
802,ACC,T,*,-3.7770955003485505e-5
803,ATT,I,*,-2.5889632203976046e-6
804,AGA,R,*,-4.107284696108237e-6
805,ATC,I,*,9.802549897823477e-5
806,TAC,Y,*,0
807,TTC,F,*,-0.9998438792213254
808,AAA,K,*,3.203426503814917e-16
809,CCG,P,*,2.90006407080694e-6
810,AAG,K,*,9.146890682468291e-6
811,CAT,H,*,-3.183137588930326e-6
812,GTC,V,*,2.66466360232288e-5
813,AAA,K,*,-9.95927027276257e-5
814,GCG,A,*,5.686701920495384e-5
815,TGG,W,*,2.7754899322049948e-5
816,ATA,I,*,8.176590731171197e-5
817,CCT,P,*,-5.876665250666077e-6
818,AGA,R,*,6.419638728379271e-6
819,CCA,P,*,4.2574153195126875e-5
820,CCT,P,*,-1.6881052251731133e-5
821,AGA,R,*,1.676369168382847e-5
822,CTC,L,*,2.0312162525665697e-5
823,TGC,C,*,1.828100860937954e-5
824,CAA,Q,*,0.0057976703364984224
825,TAC,Y,*,1.4151803960547924e-5
826,GAG,E,*,0.004262000001661355
827,AAG,K,*,0.06829564974275568
828,GCA,A,*,7.510346482045184e-4
829,AAG,K,*,0.0011043473715817709
830,AAC,N,*,5.162815224863546e-4
831,GTG,V,*,9.65829344637948e-4
832,AAC,N,*,2.9031210570322355e-4
833,TTC,F,*,3.2688781195149974e-6
834,CAA,Q,*,-5.405993798422964e-5
835,CCC,P,*,-3.636665540309305e-5
836,AGC,S,*,6.966560638236222e-4
837,GGA,G,*,0.01271298979529669
838,GTT,V,*,5.5382786446096904e-5
839,ACC,T,*,-2.1376809330571002e-5
840,ACT,T,*,-3.646113615397565e-6
841,ACT,T,*,0.0010076596068495538
842,AGG,R,*,1.942643242759653e-5
843,CAA,Q,*,-3.4419056265015484e-4
844,AGC,S,*,2.593874151311481e-4
845,ATC,I,*,9.747470707498952e-5
846,ACT,T,*,4.3683479737469776e-5
847,ACA,T,*,4.597940124162811e-4
848,ATG,M,*,-1.3428361744721514e-4
849,ACA,T,*,2.490690953656489e-4
850,AAT,N,*,1.358599969720888e-4
851,ACG,T,*,4.967378992167334e-5
