site,wildtype,A,C,D,E,F,G,H,I,K,L,M,N,P,Q,R,S,T,V,W,Y,*
1,M,0,0,0,0,0,0,0,0,0,0,1141860,0,4,0,0,0,0,0,0,0,0
2,G,0,0,0,1,0,1152002,0,0,0,0,0,0,0,0,0,0,0,0,0,0,0
3,A,1141926,0,0,0,0,0,0,0,0,2,0,0,0,0,0,0,0,0,0,0,0
4,Q,2,0,0,0,0,0,0,0,1,0,0,0,3,1110259,51,0,0,0,0,0,1
5,V,0,0,0,0,0,1,0,0,0,4,0,3,0,0,0,0,1,1118537,0,0,0
6,S,0,0,0,0,0,0,0,0,0,0,0,0,0,0,0,1125375,0,0,0,0,2
7,T,1,0,0,4,0,0,0,1,1,1,0,0,0,0,0,0,1146683,0,0,0,0
8,Q,0,0,0,0,0,1,0,0,6,1,0,0,1,1136932,74,0,0,0,0,0,0
9,K,0,0,1,2,0,346,0,0,1146151,0,0,0,0,0,0,0,1,0,0,0,0
10,T,0,1,0,0,0,0,0,0,0,0,0,0,0,0,0,0,1160572,0,0,0,0
11,G,0,0,0,0,0,1144789,1,0,0,0,0,0,0,0,0,0,0,0,0,0,0
12,A,1170991,0,0,3,0,1,0,0,0,0,0,0,0,0,0,0,0,0,0,0,0
13,H,0,0,0,1,0,0,1161822,0,0,0,0,0,0,0,0,1,0,0,0,0,0
14,E,0,0,0,1178187,0,1,0,0,0,0,0,0,0,0,0,0,0,0,0,2,0
15,T,1,0,1,0,0,3,0,0,4,0,0,0,0,0,0,0,1164634,0,0,0,0
16,R,0,0,0,1,0,3,0,0,0,1,0,0,0,0,1161178,0,0,1,0,0,0
17,L,0,0,0,0,0,0,0,0,0,1167854,0,0,0,0,0,0,0,0,0,0,0
18,N,0,0,0,0,0,137,0,0,0,0,0,790139,1,0,0,0,0,0,0,0,0
19,A,814795,0,0,0,0,0,0,0,0,1,0,1,0,0,0,0,0,0,0,0,0
20,S,0,0,1,0,0,7,0,0,0,0,0,0,1,0,0,814011,0,1,0,0,0
21,G,0,0,0,0,0,857742,0,0,0,0,0,0,0,0,0,0,0,0,0,0,0
22,N,0,0,0,0,0,64,0,0,0,0,0,861516,0,0,0,0,0,0,0,0,0
23,S,0,0,0,0,0,0,0,0,0,0,0,0,0,0,0,882324,0,0,0,0,0
24,I,0,0,0,0,0,0,0,895506,0,0,0,0,0,0,0,0,0,0,0,0,0
25,I,0,0,0,0,0,0,0,904817,0,1,0,0,0,0,0,0,0,0,0,0,0
26,H,0,0,0,0,0,0,911344,0,2,0,0,0,1,0,0,0,0,0,0,0,0
27,Y,0,0,0,0,0,0,0,0,0,0,0,0,0,0,0,0,0,0,0,933689,0
28,T,0,0,0,0,0,0,0,0,0,0,0,0,0,0,0,0,936581,0,0,0,0
29,N,0,0,0,0,0,0,0,0,0,0,0,936444,0,0,0,0,0,0,0,0,0
30,I,0,0,0,0,0,0,0,922977,0,0,0,0,0,0,0,0,0,0,0,0,0
31,N,0,0,0,0,0,0,0,0,0,1,0,910054,0,0,0,0,0,0,0,0,0
32,Y,0,0,0,0,0,0,0,1,0,0,0,0,0,0,0,0,0,0,0,902127,0
33,Y,0,0,0,0,0,0,0,0,0,0,0,0,0,0,1,0,0,0,0,881996,0
34,K,0,0,0,0,0,1,0,0,867450,0,0,0,0,0,0,0,0,0,0,0,0
35,D,0,0,876224,0,0,0,0,0,0,0,0,0,0,0,0,0,0,0,0,0,0
36,A,884267,0,0,1,0,0,0,0,0,0,0,0,0,0,0,0,0,0,0,0,0
37,A,892933,0,0,0,0,0,0,0,0,0,0,0,0,0,0,1,0,0,0,0,0
38,S,0,0,0,0,0,0,0,0,0,0,0,0,0,0,0,880152,0,0,0,0,0
39,N,0,0,0,0,0,8,0,0,0,0,0,887256,0,0,0,0,0,0,0,0,0
40,S,0,0,0,0,0,0,0,0,0,0,0,0,0,0,0,888691,0,0,0,0,0
41,A,874845,0,0,0,0,0,0,0,0,0,0,0,0,0,0,0,0,0,0,0,0
42,N,0,0,0,0,0,0,0,0,0,0,0,872928,0,0,0,0,0,0,0,0,0
43,R,0,0,0,0,0,0,0,0,0,0,0,0,0,0,873550,0,0,0,0,0,0
44,Q,0,0,0,0,0,0,0,0,0,0,0,0,0,850707,1,0,0,0,0,0,1
45,D,0,0,837992,0,0,2,0,0,0,0,0,0,0,0,0,0,0,0,0,0,0
46,F,0,0,0,0,833765,0,0,0,0,0,0,0,0,0,0,0,0,0,0,0,0
47,T,0,0,0,0,0,0,0,1,0,0,0,0,0,0,0,0,836774,0,0,0,0
48,Q,0,0,0,0,0,0,0,0,0,0,0,0,0,814127,11,0,0,0,0,0,0
49,D,0,0,813783,0,0,1,0,0,0,0,0,0,0,0,0,0,0,0,0,0,0
50,P,0,0,0,0,0,0,0,0,0,0,0,0,809796,0,0,0,0,0,0,0,0
51,G,0,0,0,0,0,804479,0,0,0,0,0,0,0,0,0,0,1,0,0,0,0
52,K,0,0,0,0,0,15,0,0,783881,0,0,0,0,0,0,2,0,0,0,0,0
53,F,0,0,0,0,787781,0,0,0,0,0,0,0,0,0,0,0,0,0,0,0,0
54,T,0,0,0,0,0,0,0,0,1,0,0,1,0,0,0,0,769631,0,0,0,0
55,E,0,0,0,758757,0,5,0,0,0,0,0,0,0,0,0,0,0,0,0,0,0
56,P,0,0,0,0,0,0,0,0,0,0,0,0,748564,0,0,0,0,0,0,0,0
57,V,0,0,0,0,0,0,0,0,0,0,0,0,0,0,0,0,0,738764,0,0,0
58,K,0,0,0,0,0,0,0,0,726654,0,0,0,0,0,11,0,0,0,0,0,0
59,D,0,0,711215,0,0,0,0,0,0,0,0,0,0,0,0,0,0,0,0,0,0
60,I,0,0,0,0,0,0,0,691345,1,0,0,0,0,0,0,0,0,0,0,0,0
61,M,0,0,0,0,0,0,0,0,0,0,695508,0,0,0,0,0,0,0,0,0,0
62,I,0,0,0,0,0,0,0,676684,0,0,0,0,0,0,0,0,0,0,0,0,0
63,K,0,0,0,0,0,15,0,0,666247,0,0,0,0,0,0,0,0,0,0,0,0
64,S,0,0,0,0,0,0,0,0,0,0,0,0,0,0,0,657834,0,0,0,0,0
65,L,0,0,0,0,0,0,0,1,0,656572,0,0,0,0,0,0,0,0,0,0,0
66,P,0,0,0,0,0,0,0,0,0,0,0,0,646063,0,0,0,0,0,0,0,0
67,A,641027,0,0,0,0,0,0,0,0,0,0,0,0,0,0,0,0,0,0,0,0
68,L,0,0,0,0,0,0,0,0,0,643449,0,0,0,1,0,0,0,0,0,0,0
69,N,0,0,0,0,0,14,0,0,0,0,0,644419,0,0,0,0,0,0,0,0,0
70,S,0,0,0,0,0,0,0,0,0,1,0,0,0,0,0,639823,0,0,0,0,1
71,P,0,0,0,0,0,0,0,0,0,0,0,0,646865,0,0,0,0,0,0,0,0
72,T,0,0,0,0,0,0,0,0,3,0,0,0,0,0,0,0,650347,0,0,0,0
73,V,0,0,0,0,0,0,0,0,0,1,0,0,0,0,0,0,0,646024,0,0,0
74,E,0,0,0,634098,0,0,0,0,0,0,0,0,0,0,0,0,0,0,0,0,0
75,E,0,0,0,632762,0,0,0,0,0,0,0,0,0,0,0,0,0,0,0,0,0
76,C,0,630863,0,0,1,0,0,0,0,0,0,0,0,0,0,0,0,0,0,0,0
77,G,0,0,1,0,0,632712,0,0,0,0,0,0,0,0,0,0,0,0,0,0,0
78,Y,0,0,0,0,0,0,0,0,0,0,0,0,0,0,0,0,0,0,0,627039,1
79,S,0,0,0,0,0,0,0,0,0,0,0,0,0,0,0,617126,0,0,0,0,0
80,D,0,0,613045,0,0,0,0,0,0,0,0,0,0,0,0,0,0,0,0,0,0
81,R,0,0,0,0,0,0,0,0,0,0,0,0,0,0,609004,0,0,0,0,0,0
82,A,605150,0,0,0,0,0,0,0,1,0,0,0,0,0,0,0,0,0,0,0,0
83,R,0,0,0,0,0,0,0,0,0,0,0,0,0,0,608489,0,0,0,0,0,0
84,S,0,0,0,0,0,0,0,0,0,0,0,0,0,0,0,612043,0,0,0,0,1
85,I,0,0,0,0,0,0,0,614479,0,0,0,0,0,0,0,0,0,0,0,0,0
86,T,0,0,0,0,0,0,0,0,0,0,0,0,0,0,0,0,618686,0,0,0,0
87,L,0,0,0,0,0,0,0,0,0,623067,0,0,0,0,0,1,0,0,0,0,0
88,G,0,0,0,0,0,626869,0,0,0,0,0,0,0,0,0,0,0,1,0,0,0
89,N,0,0,0,0,0,3,0,0,0,0,0,627873,0,0,0,0,0,0,0,0,0
90,S,0,0,0,0,0,0,0,0,0,0,0,0,0,0,0,629117,0,0,0,0,0
91,T,0,0,0,0,0,0,0,0,0,0,0,0,0,0,0,0,629663,0,0,0,0
92,I,0,0,0,0,0,0,0,637233,0,0,0,0,0,0,0,0,0,1,0,0,0
93,T,0,0,0,0,0,0,0,0,0,0,0,0,0,0,0,0,640701,0,0,0,0
94,T,0,0,0,0,0,0,0,0,0,0,0,0,0,0,0,0,647101,0,0,0,0
95,Q,0,0,0,0,0,0,0,0,0,0,0,0,0,651788,1,0,0,0,0,0,0
96,E,0,0,0,654462,0,0,0,0,0,0,0,0,0,0,0,0,0,0,0,0,0
97,C,0,658590,0,0,0,0,0,0,0,0,0,0,0,0,0,0,0,0,0,0,0
98,A,668539,0,0,1,0,0,0,0,0,0,0,0,0,0,0,0,0,0,0,0,0
99,N,0,0,0,0,0,4,0,0,0,0,0,669342,0,0,0,0,0,0,0,0,0
100,V,0,0,0,0,1,0,0,0,0,0,0,0,0,0,0,0,0,662785,0,0,0
101,V,0,0,0,0,0,0,0,0,0,0,0,0,0,0,0,0,0,668467,0,0,0
102,V,0,0,0,0,0,0,0,0,0,0,0,0,0,0,0,0,0,672215,0,0,0
103,G,0,0,0,0,0,670952,0,0,0,0,0,0,0,0,0,0,0,0,0,0,0
104,Y,0,0,0,0,0,0,0,0,0,0,0,0,0,0,0,0,0,0,0,669083,0
105,G,0,0,0,0,0,668477,0,0,0,0,0,0,0,0,0,0,0,0,0,0,0
106,V,0,0,0,0,0,0,0,0,0,0,0,0,0,0,0,0,0,667605,0,0,0
107,W,0,0,0,0,0,0,0,0,0,0,0,0,0,0,0,0,0,0,681031,0,0
108,P,0,0,0,0,0,0,0,0,0,0,0,0,676263,1,0,0,0,0,0,0,0
109,D,0,0,669760,0,0,0,0,0,0,0,0,0,0,0,0,0,0,0,0,0,0
110,Y,0,0,0,0,0,0,0,0,0,0,0,0,0,0,0,0,0,0,0,672176,0
111,L,0,0,0,0,0,0,0,0,0,673342,0,0,0,0,0,0,0,0,0,0,0
112,K,6,0,0,0,0,213,0,0,664982,0,0,0,0,0,0,0,0,0,0,0,0
113,D,0,0,660361,0,0,0,0,0,0,0,0,0,0,0,0,0,0,0,0,0,0
114,S,0,0,0,0,0,1,0,0,0,0,0,0,0,0,0,671765,0,1,0,0,0
115,E,0,0,0,678328,0,0,0,0,0,0,0,0,0,0,0,0,0,0,0,1,0
116,A,673937,0,0,0,0,1,0,0,1,0,0,0,0,0,0,0,1,0,0,0,0
117,T,0,0,0,0,0,0,0,0,1,0,0,0,0,0,0,0,679772,0,0,0,0
118,A,683313,0,0,0,0,0,0,0,0,0,0,0,0,0,0,0,0,1,0,0,0
119,E,0,0,0,691018,0,0,0,0,0,0,0,0,0,0,0,0,0,0,0,0,0
120,D,0,0,701120,0,0,0,0,0,0,0,0,0,0,0,0,0,0,0,0,0,0
121,Q,0,0,0,0,0,0,0,0,0,0,0,0,0,715048,4,0,0,0,0,0,0
122,P,0,0,0,0,0,0,0,0,0,0,0,0,716832,0,0,0,0,0,0,0,0
123,T,0,0,0,0,0,0,0,0,0,0,0,1,0,0,0,0,714965,0,0,0,0
124,Q,0,0,0,0,0,0,0,0,0,1,0,0,1,725828,1,0,0,0,0,0,0
125,P,0,0,0,0,0,0,0,0,0,0,0,0,719240,0,0,0,0,0,0,0,0
126,D,0,0,717325,0,0,0,0,0,0,0,0,0,0,0,0,0,1,0,0,0,0
127,V,0,0,0,0,0,0,0,0,0,0,0,0,0,0,0,0,0,721076,0,0,0
128,A,729609,0,0,0,0,0,0,0,0,0,0,0,0,0,0,0,0,0,0,0,0
129,T,0,0,0,0,0,0,0,0,0,0,0,0,0,0,0,0,725985,0,0,0,0
130,C,0,720232,0,0,0,0,0,0,0,0,0,0,0,0,0,0,0,0,0,0,0
131,R,0,0,0,0,0,0,0,0,1,0,0,0,0,0,712948,0,0,0,0,0,0
132,F,0,0,0,0,712845,0,0,0,0,0,0,0,0,0,0,0,0,0,0,0,0
133,Y,0,0,0,0,0,0,0,0,0,0,0,0,0,0,0,1,0,0,0,702556,0
134,T,0,0,0,0,0,0,0,0,0,0,0,0,0,0,0,0,699826,0,0,0,0
135,L,0,0,0,0,0,0,0,0,0,690023,0,0,0,0,0,0,0,0,0,0,0
136,D,0,0,690301,0,0,0,0,0,0,0,0,0,0,0,0,0,0,0,0,0,0
137,S,0,0,0,0,0,0,0,0,0,0,0,0,0,0,0,690766,0,0,0,0,0
138,V,0,0,0,0,2,0,0,0,0,0,0,0,0,0,0,0,0,689398,0,0,0
139,Q,0,0,0,0,0,0,0,0,0,0,0,0,0,691165,3,0,0,0,0,0,0
140,W,0,0,0,0,1,0,0,1,0,0,0,0,0,0,0,0,0,0,691551,0,0
141,Q,0,0,0,0,0,0,0,0,0,0,0,0,0,690321,0,0,0,0,0,0,0
142,K,0,0,0,0,0,4,0,0,691644,0,0,0,0,0,15,0,0,0,0,0,0
143,T,0,0,0,0,0,0,0,0,0,0,0,0,0,0,0,0,690033,0,0,0,0
144,S,0,0,0,0,0,0,0,0,0,0,0,0,0,0,0,702960,0,0,0,0,0
145,P,0,0,0,0,0,0,0,0,0,0,0,0,708449,0,0,0,0,0,0,0,0
146,G,0,0,0,0,0,700706,0,0,0,0,0,0,0,0,0,0,0,0,0,0,0
147,W,0,0,0,0,0,0,0,0,0,1,0,0,0,0,0,0,0,0,697519,0,0
148,W,0,0,0,0,0,0,0,0,0,0,0,0,0,0,0,0,0,0,701618,0,0
149,W,0,0,0,0,0,0,0,0,0,0,0,0,0,0,0,0,0,1,691512,0,0
150,K,0,0,0,0,0,0,0,0,689491,0,0,0,0,0,0,0,0,0,0,0,0
151,L,0,0,0,0,0,0,0,0,0,686122,0,0,0,0,1,0,0,0,0,0,0
152,P,0,0,0,0,0,0,0,0,0,0,0,0,682576,0,0,0,0,0,0,0,0
153,D,0,0,666167,0,0,0,0,0,0,0,0,0,0,0,0,0,0,0,0,0,0
154,A,661470,0,0,0,0,0,0,0,0,0,0,0,0,0,0,0,0,0,0,0,0
155,L,0,0,0,0,0,0,0,0,0,670846,0,0,0,0,0,0,0,0,0,0,0
156,S,0,0,0,0,0,0,0,0,0,0,0,0,0,0,0,660665,0,0,0,0,0
157,N,0,0,0,0,0,1,0,0,0,0,0,652497,0,0,0,0,0,0,0,0,0
158,L,0,0,0,0,0,0,0,0,0,639074,0,0,0,0,0,0,0,0,0,0,0
159,G,0,0,0,0,0,632194,0,0,0,0,0,0,0,0,0,0,0,0,0,0,0
160,L,0,0,0,0,0,0,0,0,0,625368,0,0,1,0,0,0,0,0,0,0,0
161,F,0,0,0,0,633303,0,0,0,0,0,0,0,0,0,0,0,0,0,0,0,0
162,G,0,1,0,0,0,638477,0,0,0,0,0,0,0,0,0,0,0,0,0,0,0
163,Q,0,0,0,0,0,0,0,0,0,0,0,0,0,629939,0,0,0,0,0,0,0
164,N,0,0,0,0,0,4,0,0,0,0,0,625402,0,0,1,0,0,0,0,0,0
165,M,0,0,0,0,0,0,0,0,0,0,624917,0,0,0,0,0,0,0,0,0,0
166,Q,0,0,0,0,0,0,0,0,0,0,0,0,0,635587,0,0,0,0,0,0,0
167,Y,0,0,0,0,0,0,0,0,0,0,0,0,0,0,0,0,0,0,0,636372,0
168,H,0,0,0,0,0,0,620427,0,0,0,0,0,0,0,0,0,0,0,0,0,0
169,Y,0,0,0,0,0,0,0,0,0,0,0,0,0,0,0,0,0,0,0,624359,0
170,L,0,0,0,0,0,0,0,0,0,620911,0,0,0,0,0,0,0,0,0,0,0
171,G,0,0,0,0,0,621657,0,0,0,0,0,0,0,0,0,0,0,0,0,0,0
172,R,0,0,0,0,0,0,0,0,0,0,0,0,0,0,618295,0,0,0,0,0,0
173,T,0,0,0,0,0,0,0,0,0,0,0,0,0,0,0,0,615594,0,0,0,0
174,G,0,0,0,0,0,613705,0,0,0,0,0,0,0,0,0,0,0,0,0,0,0
175,Y,0,0,0,0,0,0,0,0,0,0,0,0,0,0,0,0,0,0,0,625731,0
176,T,0,0,0,0,0,0,0,0,1,0,0,0,0,0,0,0,630143,0,0,0,0
177,V,0,0,0,0,0,0,0,0,0,0,0,0,0,0,0,0,0,623553,0,0,0
178,H,0,0,0,0,0,0,629318,0,0,0,0,0,0,0,0,0,0,0,0,0,0
179,V,0,0,0,0,1,0,0,0,0,0,0,0,0,0,0,0,0,630808,0,0,0
180,Q,0,0,0,0,0,0,0,0,1,0,0,0,0,631235,0,0,0,0,0,0,0
181,C,0,626769,0,0,0,0,0,0,0,0,0,0,0,0,0,0,0,0,0,0,0
182,N,0,0,0,0,0,0,0,0,0,0,0,621364,0,0,0,0,0,0,0,0,0
183,A,615311,0,0,1,0,0,0,0,0,0,0,0,0,0,0,0,0,0,0,0,0
184,S,0,0,0,0,0,0,0,0,0,0,0,0,0,0,0,614062,0,0,0,0,0
185,K,0,0,0,0,0,2,0,0,616193,0,0,0,0,0,0,0,0,0,0,0,0
186,F,0,0,0,0,622775,0,0,0,0,0,0,0,0,0,0,0,0,0,0,0,1
187,H,0,0,0,0,0,0,625729,0,0,0,0,0,0,0,0,0,0,0,0,0,0
188,Q,0,0,0,0,0,0,0,0,0,0,0,0,0,623450,0,0,0,0,0,0,0
189,G,0,0,0,0,0,609845,0,0,0,0,0,0,0,0,0,0,0,0,0,0,0
190,C,0,608811,0,0,0,0,0,0,0,1,0,0,0,0,0,0,0,0,0,0,0
191,L,0,0,0,0,0,0,0,0,0,624367,0,0,0,0,0,0,0,0,0,0,0
192,L,0,0,0,0,0,0,0,0,0,623491,0,0,0,0,0,0,0,0,0,0,0
193,V,0,0,0,0,0,0,0,0,0,0,0,0,0,0,0,0,0,615483,0,0,0
194,V,0,0,0,0,0,0,0,0,0,0,0,0,0,0,0,0,0,603362,0,0,0
195,C,0,611596,0,0,0,0,0,0,0,0,0,0,0,0,0,0,0,0,0,0,0
196,V,0,0,0,0,0,0,0,0,0,1,0,0,0,0,0,1,0,618626,0,0,0
197,P,0,0,0,0,0,0,0,0,1,0,0,0,611294,1,0,0,0,0,0,0,0
198,E,0,0,0,602532,0,0,0,0,0,0,0,0,0,0,0,0,0,0,0,0,0
199,A,599792,0,0,0,0,0,0,0,0,0,0,0,0,0,0,0,0,0,0,0,0
200,E,0,0,0,599059,0,0,0,0,0,0,0,0,0,0,0,0,0,0,0,1,0
201,M,0,0,0,0,0,0,0,0,0,0,594304,0,0,0,0,0,0,0,0,0,0
202,G,0,0,0,0,0,597669,0,0,0,0,0,0,0,0,0,0,0,0,0,0,0
203,C,0,604033,0,0,3,0,0,0,0,0,0,0,0,0,0,0,0,0,0,0,0
204,A,598123,0,0,1,0,0,0,0,1,0,0,0,0,0,0,0,0,0,0,0,0
205,T,0,0,0,0,0,0,0,0,0,0,0,0,0,0,0,0,591993,0,0,0,0
206,L,0,0,0,0,0,0,0,0,0,593760,0,0,0,0,0,0,0,0,0,0,0
207,D,0,0,607950,0,0,0,0,0,0,0,0,0,0,0,0,0,1,0,0,0,0
208,N,0,0,0,0,0,1,0,0,0,0,0,598725,0,0,0,0,0,0,0,0,0
209,T,0,0,0,0,0,0,0,1,0,0,0,0,0,0,0,0,612831,0,0,0,0
210,P,0,0,0,0,0,0,0,0,0,0,0,0,615032,0,0,0,0,0,0,0,0
211,S,0,0,0,0,0,0,0,0,0,0,0,0,0,0,0,621170,0,0,0,0,0
212,S,0,0,0,0,0,0,1,1,0,0,0,0,0,0,0,627526,0,0,0,0,0
213,A,621242,0,0,0,0,0,0,0,0,0,0,0,0,0,0,0,0,0,0,0,0
214,E,0,0,0,614067,0,0,0,0,0,0,0,0,0,0,0,0,0,0,0,0,0
215,L,0,0,0,0,0,0,0,0,0,612060,0,0,0,0,0,0,0,0,0,0,0
216,L,0,0,0,0,0,0,0,0,0,610824,0,0,1,0,0,0,0,0,0,0,0
217,G,0,0,0,0,0,609425,0,0,0,0,0,0,0,1,0,1,0,0,0,0,0
218,G,0,0,0,0,0,598196,0,0,0,0,0,0,0,0,0,0,0,0,0,0,0
219,D,0,0,608360,0,0,0,0,0,0,1,0,0,0,0,0,0,0,0,0,0,0
220,S,0,0,0,0,0,0,0,7,0,0,0,0,0,0,0,610917,0,0,0,0,0
221,A,605624,0,0,0,0,0,0,0,0,0,0,0,0,0,0,0,0,0,0,0,0
222,K,0,0,0,0,0,0,0,0,597304,0,0,0,0,0,0,0,0,0,0,0,0
223,E,0,0,0,593932,0,1,0,0,0,0,0,0,1,0,1,0,0,0,0,0,0
224,F,0,0,0,0,605004,0,0,0,0,0,0,0,0,0,0,0,0,0,0,0,0
225,A,611593,0,0,0,0,0,0,0,0,1,0,0,0,0,0,0,0,2,0,0,0
226,D,0,0,609234,0,0,0,0,0,0,0,0,0,0,0,0,0,0,0,0,0,0
227,K,0,0,0,0,0,0,0,0,602993,0,0,0,1,0,3,0,0,0,0,0,0
228,P,0,0,0,0,0,0,0,0,0,0,0,0,605768,0,0,0,0,0,0,0,0
229,V,0,0,0,0,0,0,0,0,0,0,0,0,0,0,0,0,0,607915,0,0,0
230,A,615349,0,0,0,0,0,0,0,0,0,0,0,0,0,0,0,0,0,0,0,0
231,S,0,0,0,0,0,0,0,0,0,0,0,0,0,0,0,616820,0,0,0,0,0
232,G,0,0,0,0,0,617801,0,0,0,0,0,0,0,0,0,0,0,0,0,0,0
233,S,0,0,0,0,0,1,0,0,0,0,0,0,0,0,0,624703,0,0,0,0,0
234,N,0,0,0,0,0,0,0,0,0,1,0,617931,0,0,0,0,0,0,0,0,0
235,K,0,0,0,0,0,2,0,0,609053,0,0,0,0,0,0,0,0,0,0,0,0
236,L,0,0,0,0,0,0,0,0,0,616354,0,0,0,0,0,0,0,0,0,0,0
237,V,1,0,0,0,0,0,0,0,1,0,0,0,1,0,0,0,0,620312,0,0,0
238,Q,0,0,0,0,0,0,0,0,0,0,0,0,0,619631,0,0,0,0,0,0,0
239,R,0,0,0,0,0,0,0,0,0,0,0,0,0,0,610716,0,0,0,0,0,0
240,V,0,0,0,0,0,0,0,0,0,0,0,0,0,0,0,0,0,606755,0,0,0
241,V,0,0,0,0,0,0,0,0,0,0,0,0,0,0,0,0,0,612722,0,0,0
242,Y,0,0,0,0,0,0,0,0,0,0,0,0,0,0,0,0,0,0,0,610256,0
243,N,0,0,0,0,0,7,0,0,0,0,0,607119,0,0,0,0,0,0,0,0,0
244,A,603947,0,2,0,0,0,0,0,0,0,0,0,0,0,0,0,0,0,0,0,0
245,G,0,0,0,0,0,605816,0,0,0,0,0,0,0,0,0,0,0,0,0,0,0
246,M,0,0,0,0,0,0,0,0,0,0,599462,0,0,0,0,0,1,0,0,0,0
247,G,0,0,0,0,0,600533,0,0,0,0,0,0,0,0,0,0,0,0,0,0,0
248,V,0,0,0,0,0,0,0,0,0,0,0,0,0,0,0,1,0,587144,0,0,0
249,G,0,0,0,0,0,581613,0,0,0,0,0,0,0,0,0,0,0,0,0,0,0
250,V,0,0,0,0,0,0,0,0,0,0,0,0,0,0,0,0,0,580087,0,0,0
251,G,0,0,0,0,0,577968,0,0,0,0,0,0,0,0,0,0,0,0,0,0,0
252,N,0,0,0,0,0,2,0,0,0,0,0,576617,0,0,0,0,0,0,0,0,0
253,L,0,0,0,0,0,0,0,0,0,577035,0,0,0,0,0,0,0,0,0,0,0
254,T,0,0,0,0,0,0,0,0,0,0,0,0,0,0,0,0,581512,0,0,0,0
255,I,0,0,0,0,0,0,0,589308,0,0,0,0,0,0,0,0,0,0,0,0,0
256,F,0,0,0,0,596783,0,0,0,0,0,0,0,0,0,0,0,0,0,0,0,0
257,P,0,0,0,0,0,0,0,0,0,0,0,0,603604,0,0,0,0,0,0,0,0
258,H,0,0,0,0,0,0,598432,0,0,0,0,0,0,0,0,0,0,0,0,0,0
259,Q,0,0,0,0,0,0,0,0,0,0,0,0,0,602263,0,0,0,0,0,0,0
260,W,0,0,0,0,0,0,0,0,0,0,0,0,0,0,0,0,0,0,604780,0,0
261,I,0,0,0,0,0,0,0,601060,0,0,0,0,0,0,0,0,0,0,0,0,0
262,N,0,0,0,0,0,7,0,0,0,0,0,610647,0,0,0,0,0,0,0,0,0
263,L,0,0,0,0,0,0,0,0,0,616455,0,0,0,0,0,0,0,0,0,0,0
264,R,0,0,0,0,0,0,0,0,0,0,0,0,0,0,618460,0,0,0,0,0,0
265,T,0,0,0,0,0,0,0,0,0,0,0,0,0,0,0,0,622654,0,0,0,0
266,N,0,0,0,0,0,0,0,0,0,0,0,621007,0,0,0,0,0,0,0,0,0
267,N,0,0,0,0,0,0,0,0,0,0,0,621207,0,0,0,0,0,0,0,0,0
268,S,0,0,0,0,0,0,0,0,0,0,0,0,0,0,0,622105,0,0,0,0,0
269,A,624824,0,1,0,0,0,0,0,0,0,0,1,0,0,0,0,0,0,0,0,0
270,T,0,0,0,1,0,0,0,0,0,0,0,0,0,0,0,0,624556,0,0,0,0
271,I,0,0,0,0,0,0,0,618327,0,0,0,0,0,0,0,0,0,0,0,0,0
272,V,0,0,0,0,0,0,0,0,0,0,0,0,0,0,0,0,0,619230,0,0,0
273,M,0,0,0,0,0,0,0,0,0,0,624276,0,0,0,0,0,0,0,0,0,0
274,P,0,0,0,0,0,0,0,0,0,0,0,0,629354,1,0,0,0,0,0,0,0
275,Y,0,0,0,0,0,0,0,0,0,0,0,0,0,0,0,0,0,0,0,632250,0
276,T,0,0,0,0,0,0,0,0,1,0,0,0,0,0,0,0,627090,0,0,0,0
277,N,0,0,0,0,0,0,0,0,0,0,0,625695,0,0,0,0,0,0,0,0,0
278,S,0,0,0,0,0,0,0,0,0,0,0,0,0,0,0,632464,0,0,0,0,0
279,V,0,0,0,0,0,0,0,0,0,0,0,0,0,0,0,0,0,633275,0,0,0
280,P,0,0,0,0,0,0,0,0,0,0,0,0,632613,0,0,0,0,0,0,0,0
281,M,0,0,0,0,0,0,0,0,0,0,633242,0,0,0,0,0,0,0,0,0,0
282,D,0,0,631880,0,0,0,0,0,0,0,0,0,0,0,0,0,0,0,0,0,0
283,N,0,0,0,0,0,13,0,0,0,0,0,627995,0,0,0,0,0,0,0,0,0
284,M,0,0,0,0,0,0,0,0,0,0,621842,0,0,0,0,0,0,0,0,0,0
285,F,0,0,0,0,629189,0,0,0,0,0,0,0,0,0,0,0,0,0,0,0,0
286,R,0,0,0,0,0,0,0,0,0,0,0,0,0,0,630415,0,0,0,0,0,0
287,H,0,0,0,0,0,0,635259,0,0,0,0,0,0,0,0,1,0,0,0,0,0
288,N,0,0,0,1,0,10,0,0,0,0,0,638386,0,0,0,0,0,0,0,0,0
289,N,0,0,0,0,0,0,0,0,0,0,0,639543,0,0,0,0,0,0,0,0,0
290,V,0,0,0,0,0,0,0,0,0,0,0,0,0,0,0,0,0,639688,0,0,0
291,T,0,0,0,0,0,0,0,0,0,0,0,0,0,0,0,0,648910,0,0,0,0
292,L,0,0,0,0,0,0,0,0,0,651866,1,0,0,0,0,0,0,0,0,0,0
293,M,0,0,0,0,0,0,0,0,0,0,656529,1,0,0,0,0,0,0,0,0,0
294,V,0,0,0,0,0,0,0,0,0,0,0,0,0,0,0,0,0,655698,0,0,0
295,I,0,0,0,0,0,0,0,652221,0,0,0,0,0,0,0,0,0,1,0,0,0
296,P,0,0,0,0,0,0,0,0,0,0,0,0,649639,0,0,0,0,0,0,0,0
297,F,0,0,0,0,658335,0,0,0,0,0,0,0,0,0,0,0,0,0,0,0,0
298,V,0,0,0,0,0,0,0,0,0,0,0,0,0,0,0,0,0,662762,0,0,0
299,P,0,0,0,0,0,0,0,0,1,1,0,0,670607,0,0,0,0,0,0,0,0
300,L,0,0,0,0,0,0,0,0,0,662101,0,0,0,0,0,0,0,0,0,0,0
301,D,0,0,661868,0,0,0,0,0,0,0,0,0,0,0,0,0,0,0,0,0,0
302,Y,0,0,0,0,0,0,0,0,0,0,0,0,0,0,0,0,0,0,0,656500,1
303,C,0,666164,0,0,0,0,0,0,0,0,0,0,0,0,0,0,0,0,0,0,0
304,P,0,0,0,0,0,0,0,0,0,0,0,0,664978,0,0,1,0,0,0,0,0
305,G,0,0,0,0,0,669061,0,0,0,0,0,0,0,0,0,0,0,0,0,0,0
306,S,0,0,0,0,0,0,0,0,0,0,0,0,0,0,0,669868,0,0,0,0,0
307,T,0,0,0,0,0,0,0,0,0,0,0,0,0,0,0,0,674165,0,0,0,0
308,T,0,0,0,0,0,0,0,0,0,0,0,0,0,0,0,0,672300,0,0,0,0
309,Y,0,0,0,0,0,0,0,0,0,0,0,0,0,0,0,0,0,0,0,673648,2
310,V,0,0,0,0,0,0,0,0,0,0,0,0,0,0,0,0,0,678455,0,0,0
311,P,0,0,0,0,0,0,0,0,0,0,0,0,676647,0,0,0,0,0,0,0,1
312,I,0,0,0,0,0,0,0,681852,0,0,0,0,0,0,0,0,0,0,0,0,0
313,T,0,0,0,0,0,0,0,0,0,0,0,0,0,0,0,0,680051,0,0,0,0
314,V,0,0,0,1,0,0,0,0,0,0,0,0,1,0,0,0,0,681291,0,0,0
315,T,0,0,0,0,0,0,0,1,0,0,0,0,0,0,0,0,684785,0,0,0,0
316,I,0,0,0,0,0,0,0,679296,0,0,0,0,0,0,0,0,0,0,0,0,0
317,A,677619,0,0,0,0,0,0,0,0,0,0,0,0,0,0,0,0,0,0,0,0
318,P,0,0,0,0,0,0,0,0,0,0,0,0,673113,0,0,0,0,0,0,0,0
319,M,0,0,0,0,0,0,0,0,0,0,678695,0,0,0,0,0,0,0,0,0,0
320,C,0,682518,0,0,0,0,0,0,0,0,0,0,0,0,0,0,0,0,0,0,0
321,A,685768,0,0,0,0,0,0,0,0,0,0,0,0,0,0,0,0,0,0,0,0
322,E,0,0,0,683949,0,0,0,0,0,0,0,0,0,0,0,0,0,0,0,0,0
323,Y,0,0,0,0,0,0,0,0,0,0,0,0,0,0,0,0,0,0,0,677884,1
324,N,0,0,0,0,0,5,0,0,0,0,0,662651,0,0,0,0,0,0,0,0,0
325,G,0,0,0,0,0,663601,0,0,0,0,0,0,0,0,0,0,0,0,0,0,0
326,L,0,0,0,0,0,0,0,0,0,657507,0,0,0,0,0,0,0,0,0,0,0
327,R,0,0,0,0,0,0,0,0,0,0,0,0,0,0,665861,0,0,0,0,0,0
328,L,0,0,0,0,0,0,0,0,0,662819,0,0,0,0,0,0,0,0,0,0,0
329,A,661289,0,0,1,0,0,0,0,0,3,0,0,0,0,0,0,0,0,0,0,0
330,G,0,0,0,0,0,656432,0,0,0,0,0,0,0,0,0,0,0,0,0,0,0
331,H,0,0,0,0,0,0,663715,0,0,0,0,0,0,0,0,0,0,0,0,0,0
332,Q,0,0,0,0,0,0,0,0,0,0,0,0,0,660520,0,0,0,0,0,0,0
333,G,0,0,0,0,0,656489,0,0,0,0,0,0,0,0,0,0,0,0,0,0,0
334,L,0,0,0,0,0,0,0,0,0,664555,0,0,0,0,0,0,0,0,0,0,0
335,P,0,0,0,0,0,0,0,0,1,1,0,0,676694,0,0,0,0,0,0,0,0
336,T,0,0,0,0,0,0,0,0,2,0,0,0,0,0,0,0,671249,0,0,0,0
337,M,0,0,0,0,0,0,0,0,0,0,675655,0,0,0,0,0,1,0,0,0,0
338,N,0,0,0,0,0,0,0,0,0,0,0,682237,0,0,0,0,0,0,0,0,0
339,T,0,0,0,0,0,0,0,0,0,0,0,0,0,0,0,0,689428,0,0,0,0
340,P,0,0,0,0,0,0,0,0,0,0,0,0,688578,1,0,0,0,0,0,0,0
341,G,0,0,0,0,0,686342,0,0,0,0,0,0,0,0,0,0,0,0,0,0,0
342,S,0,0,0,0,0,0,0,0,0,0,0,0,0,0,0,682688,0,0,0,0,0
343,C,0,687913,0,0,0,0,0,0,0,0,0,0,0,0,0,0,0,0,0,0,0
344,Q,0,0,0,0,0,0,0,0,0,0,0,0,0,686162,5,0,0,0,0,0,0
345,F,0,0,0,0,690191,0,0,0,0,0,0,0,0,0,0,0,0,0,0,0,0
346,L,0,0,0,0,0,0,0,0,0,690343,0,0,0,0,0,0,0,0,0,0,0
347,T,0,0,0,0,0,0,0,0,1,0,0,1,0,0,0,0,699138,0,0,0,0
348,S,0,0,0,0,0,0,0,0,0,0,0,0,0,0,0,692589,0,0,0,0,0
349,D,0,0,689581,0,0,0,0,0,0,0,0,0,0,0,0,0,0,0,0,0,0
350,D,0,0,691042,0,0,0,0,0,0,0,0,0,0,0,0,0,0,0,0,0,0
351,F,0,0,0,0,702382,0,0,0,0,0,0,1,0,0,0,0,0,0,0,0,0
352,Q,0,0,0,0,0,0,0,0,0,0,0,0,0,708275,0,0,0,0,0,0,0
353,S,0,0,0,0,0,0,0,0,0,0,0,0,0,0,0,713085,0,0,0,1,0
354,P,0,0,0,0,0,0,0,0,0,0,0,0,714919,0,0,0,0,0,0,0,0
355,S,0,0,0,0,0,0,0,0,0,0,0,0,0,0,0,725852,0,0,0,0,1
356,A,736853,0,0,1,0,0,0,0,0,0,0,0,0,0,0,0,0,0,0,0,0
357,M,0,0,0,0,0,0,0,0,0,0,746653,0,0,0,0,1,0,0,0,0,0
358,P,0,0,0,0,0,0,0,0,1,2,0,0,741182,0,0,0,1,0,0,0,0
359,Q,0,0,0,0,0,0,0,0,0,0,0,0,0,744763,0,0,0,0,0,0,0
360,Y,0,0,0,0,0,0,0,0,0,0,0,0,0,0,0,0,0,0,0,738399,0
361,D,0,0,733902,0,0,0,0,1,0,1,0,0,0,0,0,0,0,0,0,0,0
362,V,0,0,0,0,0,0,0,0,0,0,0,0,0,0,0,0,0,742552,0,0,0
363,T,0,0,0,0,0,0,0,0,0,0,0,0,0,0,0,0,751098,0,0,0,0
364,P,0,0,0,0,0,0,0,0,0,0,0,0,745800,0,0,0,0,0,0,0,0
365,E,0,0,0,738106,0,0,0,0,0,0,0,0,0,0,0,0,0,0,0,1,0
366,M,0,0,0,0,0,0,0,0,0,0,736429,0,0,0,0,0,0,0,0,0,0
367,R,0,0,0,0,0,0,0,1,0,0,0,0,0,0,743046,0,0,0,0,0,0
368,I,0,0,0,0,0,0,0,634564,0,0,0,0,1,0,4,0,0,0,0,0,0
369,P,0,0,0,0,0,0,0,0,0,0,0,0,742207,0,0,0,0,0,0,0,0
370,G,0,0,0,0,0,741925,0,0,0,0,0,0,0,0,0,0,0,0,0,0,0
371,E,0,0,0,740488,0,0,0,0,0,0,0,0,0,0,0,0,0,0,0,0,0
372,V,0,0,0,0,0,0,0,0,0,0,0,0,0,0,2,0,0,745543,0,0,0
373,K,0,0,0,0,0,2,0,0,739104,0,0,0,0,0,25,0,0,0,0,0,0
374,N,0,0,0,0,0,23,0,0,0,0,0,737892,0,0,0,0,0,0,0,0,0
375,L,0,0,0,0,0,0,0,0,0,737650,0,0,0,0,0,0,0,0,0,0,0
376,M,0,0,0,0,0,0,0,0,0,0,745976,0,0,0,0,0,0,0,0,0,0
377,E,0,0,0,742667,0,1,0,1,0,0,0,0,0,0,0,0,0,0,0,0,0
378,I,0,0,0,0,0,0,0,735566,0,0,0,0,0,0,0,0,0,13,0,0,0
379,A,731262,0,0,0,0,0,0,1,0,0,0,0,0,0,0,0,0,0,0,0,0
380,E,0,0,0,735374,0,0,0,0,0,0,0,0,0,0,0,0,0,0,0,0,0
381,V,0,0,0,0,0,0,0,0,0,0,0,0,0,0,0,0,0,735512,0,0,0
382,D,0,0,731703,0,0,0,0,0,0,0,0,0,0,0,0,0,0,0,0,0,0
383,S,0,0,0,0,0,0,0,0,0,0,0,0,0,0,0,735084,0,0,0,0,0
384,V,0,0,0,0,0,0,0,0,0,0,0,0,0,0,0,0,0,727862,0,0,0
385,V,0,0,0,0,0,0,0,0,0,0,0,0,0,0,0,0,0,735301,0,0,0
386,P,0,0,0,0,0,0,0,0,0,0,0,0,742352,1,0,0,0,0,0,0,0
387,V,0,0,0,0,0,0,0,0,0,0,0,0,0,0,0,0,0,750000,0,0,0
388,Q,0,0,0,0,0,0,0,0,0,0,0,0,0,750970,2,0,0,0,0,0,0
389,N,0,0,0,0,0,25,0,0,0,0,0,750738,0,0,0,0,0,0,0,0,0
390,V,0,0,0,0,0,0,0,0,0,0,0,0,0,0,0,0,0,739591,0,0,0
391,G,2,0,0,0,0,747202,0,0,0,0,0,0,0,0,0,6,0,0,0,0,0
392,E,0,0,0,742834,0,0,0,0,0,0,0,0,0,0,0,0,0,0,0,1,0
393,K,0,0,0,0,0,0,0,0,743889,0,0,0,0,0,0,1,0,0,0,0,0
394,V,1,0,0,0,0,0,0,0,0,0,0,0,0,0,0,1,0,742189,2,0,0
395,N,0,0,0,0,0,6,0,0,0,0,0,745108,0,0,0,0,0,0,0,1,0
396,S,0,0,0,0,0,0,0,0,0,0,0,0,0,0,0,750734,0,0,0,0,0
397,M,0,0,0,0,0,0,0,0,0,0,757800,0,0,0,0,0,0,0,0,0,0
398,E,0,0,0,765341,0,1,0,0,0,0,0,0,0,0,0,0,0,0,0,0,0
399,A,770775,0,1,0,0,0,0,0,0,0,0,0,0,0,0,0,0,0,0,0,0
400,Y,0,0,0,0,0,0,0,0,0,0,0,0,0,0,0,0,0,0,0,775108,0
401,Q,0,0,0,0,0,0,0,0,0,0,0,0,0,783678,1,0,0,0,0,0,0
402,I,0,0,0,0,0,0,0,783515,0,0,0,0,0,0,0,0,0,0,0,0,0
403,P,0,0,0,0,0,0,0,0,0,0,0,0,781284,0,0,0,0,0,0,0,0
404,V,0,0,0,0,0,0,0,0,0,0,0,0,0,1,0,0,0,789140,0,0,0
405,R,0,0,0,0,0,0,0,0,0,0,0,0,0,0,787223,0,0,0,0,0,0
406,S,0,0,0,0,0,0,0,0,0,0,0,0,0,0,0,786984,0,0,0,0,0
407,N,0,0,0,0,0,0,0,0,0,0,0,785439,0,0,0,0,0,0,0,0,0
408,E,0,0,0,779112,0,12,0,0,0,0,0,0,0,0,0,0,0,0,0,0,0
409,G,0,0,0,0,0,780779,0,0,0,0,0,0,0,0,0,0,0,0,0,0,0
410,S,0,0,0,0,0,0,0,0,0,0,0,0,0,0,0,791683,0,0,0,0,0
411,G,0,0,0,0,0,810595,0,0,1,0,0,0,0,0,0,0,0,0,0,0,0
412,T,0,0,0,0,0,0,0,0,0,0,0,0,0,0,0,0,810393,0,0,0,0
413,Q,0,0,0,0,0,0,0,0,0,0,0,0,0,807328,10,0,0,0,0,0,0
414,V,0,0,0,0,0,0,0,0,0,0,0,0,0,0,0,0,0,812496,0,0,0
415,F,0,0,0,0,794832,0,0,0,0,0,0,0,0,0,0,0,0,0,0,0,0
416,G,0,0,0,0,0,798064,0,0,0,0,0,0,0,0,0,0,0,0,0,0,0
417,F,1,0,0,0,799266,0,0,0,0,0,0,0,0,0,0,0,0,0,0,0,0
418,P,0,0,0,0,0,0,0,0,0,0,0,0,804164,0,0,0,0,0,0,0,0
419,L,0,0,0,0,0,0,0,0,0,804971,0,0,0,0,0,0,0,0,0,0,0
420,Q,0,0,0,0,0,0,0,0,0,0,0,0,0,804433,1,0,0,0,0,0,0
421,P,0,0,0,0,0,0,0,0,0,0,0,0,800326,0,1,0,0,0,0,0,0
422,G,0,0,0,0,0,797736,0,0,0,0,0,0,0,0,0,0,0,0,0,0,0
423,Y,0,0,0,0,0,0,0,0,0,0,0,0,0,0,0,0,0,0,0,814653,0
424,S,0,0,0,0,0,0,0,0,0,0,0,0,0,0,0,819223,0,0,0,0,0
425,S,0,0,0,0,0,0,0,0,2,0,0,0,0,0,0,798643,0,0,0,0,0
426,V,0,0,0,0,0,0,0,0,0,0,0,0,0,0,0,0,0,795558,0,0,0
427,F,0,0,0,0,796152,0,0,0,0,0,0,0,0,0,0,0,0,0,0,0,0
428,S,1,0,0,0,0,0,0,0,0,0,0,0,0,0,0,790322,0,0,0,0,0
429,R,0,0,0,0,0,0,0,0,0,0,0,0,0,0,783690,0,0,0,0,0,0
430,T,0,0,0,0,0,1,0,0,0,0,0,0,0,0,0,0,766563,0,0,0,0
431,L,0,0,0,0,0,0,0,0,0,769000,0,0,0,0,0,0,0,0,0,0,0
432,L,0,0,0,0,0,0,0,0,0,769454,0,0,2,0,0,0,0,0,0,0,0
433,G,0,0,0,0,0,759739,0,0,0,0,0,0,0,0,0,0,0,0,0,0,0
434,E,0,0,0,742282,0,0,0,0,0,0,0,0,0,0,0,0,0,0,0,1,0
435,I,0,0,0,0,0,0,0,751149,0,0,0,0,0,0,0,0,0,0,0,0,0
436,L,0,0,0,0,0,0,0,0,0,751251,0,0,0,0,0,0,0,0,0,0,0
437,N,0,0,0,0,0,19,0,0,0,0,0,752522,0,0,0,0,0,0,0,0,0
438,Y,0,0,0,0,0,0,0,0,0,0,0,0,0,0,0,0,0,0,0,754771,0
439,Y,0,0,0,0,0,0,0,2,0,0,0,0,0,0,0,0,0,0,0,758027,0
440,T,0,0,0,4,0,0,0,0,0,0,0,0,0,0,0,0,754244,0,0,0,0
441,H,0,0,0,0,0,0,751423,0,0,0,0,0,0,0,0,0,0,0,0,0,0
442,W,0,0,0,0,0,0,0,0,0,0,0,0,0,0,0,0,0,0,762431,0,0
443,S,0,0,0,0,0,0,0,0,0,0,0,0,0,0,0,763081,0,0,0,0,0
444,G,0,0,0,0,0,759536,0,0,0,0,0,0,0,0,0,0,0,0,0,0,0
445,S,0,0,0,0,0,0,0,0,0,0,0,0,0,0,0,759693,0,0,0,0,0
446,I,0,0,0,0,0,0,0,764935,0,0,0,0,0,0,0,0,0,0,0,0,0
447,K,0,0,0,0,0,2,0,0,759045,0,0,0,0,0,0,0,0,0,0,0,0
448,L,0,0,0,0,0,0,0,0,0,758938,0,0,0,0,0,0,0,0,0,0,0
449,T,0,0,0,0,0,0,0,0,0,0,0,0,0,0,0,0,761596,0,0,0,0
450,F,0,0,0,0,760713,0,0,0,0,0,0,0,0,0,0,0,0,0,0,0,0
451,M,0,0,0,0,0,0,0,0,0,0,759268,0,0,0,0,1,0,0,0,0,0
452,F,0,0,0,0,754616,0,0,0,0,0,0,0,1,0,0,0,0,0,0,0,0
453,C,0,737257,0,0,0,0,0,0,0,0,0,0,0,0,0,0,0,0,0,0,0
454,G,0,0,0,0,0,742221,0,0,0,0,0,0,0,0,0,0,0,0,0,0,0
455,S,0,0,0,0,0,0,0,0,0,0,0,0,0,0,0,733431,0,0,0,1,1
456,A,730992,0,0,0,0,0,0,0,0,0,0,0,0,0,0,0,0,0,0,0,0
457,M,0,0,0,0,0,0,0,0,0,0,723015,0,0,0,0,0,0,0,0,0,0
458,A,723256,0,0,0,0,0,0,0,0,0,0,0,0,0,0,0,0,0,0,0,0
459,T,0,0,0,0,0,0,0,0,0,0,0,0,0,0,0,0,731178,0,0,0,0
460,G,0,0,0,0,0,729186,0,0,0,0,0,0,0,0,0,0,0,0,0,0,0
461,K,0,0,0,0,0,19,0,0,726598,0,0,0,0,0,9,0,0,0,0,0,0
462,F,0,0,0,0,712374,0,0,0,0,0,0,0,0,0,0,0,0,0,0,0,0
463,L,0,0,0,0,0,0,0,0,0,709420,0,0,0,0,0,0,0,0,0,0,0
464,L,0,0,0,0,0,0,0,0,0,719328,0,0,0,0,0,0,0,0,0,0,0
465,A,716057,0,0,2,0,0,0,0,0,0,0,0,0,0,0,0,0,0,0,0,0
466,Y,0,0,0,0,0,0,0,0,0,0,0,0,0,0,0,0,0,0,0,710836,2
467,S,0,0,0,0,0,0,0,0,0,0,0,0,0,0,0,692645,0,0,0,0,0
468,P,0,0,0,0,0,0,0,0,0,0,0,0,722308,0,0,0,0,0,0,0,0
469,P,0,0,0,0,0,0,0,0,0,0,0,0,722912,0,0,0,0,0,0,0,0
470,G,0,0,0,0,0,726318,0,0,0,0,0,0,0,0,0,0,0,0,0,0,0
471,A,729781,0,0,0,0,0,0,0,0,0,0,0,0,0,0,0,0,0,0,0,0
472,G,1,0,0,1,0,733165,0,0,0,0,0,0,0,0,0,0,0,0,0,0,0
473,A,720836,0,0,0,0,0,0,0,0,0,0,0,0,0,0,0,0,0,0,0,0
474,P,0,0,0,0,0,0,0,0,0,0,0,0,730504,0,0,0,0,0,0,0,0
475,T,0,0,0,1,0,0,0,0,0,0,0,0,0,0,0,0,734106,0,0,0,0
476,K,0,0,0,0,0,152,0,0,722326,0,0,0,0,0,36,1,0,0,0,0,0
477,R,0,0,0,0,0,0,0,0,0,0,0,0,0,0,715786,0,0,0,0,0,0
478,V,0,0,0,0,0,0,0,0,0,0,0,0,0,0,0,0,0,717914,0,0,0
479,D,0,0,726541,0,0,0,0,0,0,0,0,0,0,0,0,0,0,0,0,0,0
480,A,725884,0,0,0,0,0,0,0,0,0,0,0,0,0,0,1,2,0,0,0,0
481,M,0,0,0,0,0,0,0,0,0,0,721346,0,0,0,0,0,0,0,0,0,0
482,L,0,0,0,0,0,0,0,0,0,715605,0,0,0,0,0,0,0,0,0,0,0
483,G,0,0,0,0,0,719309,0,0,0,0,0,0,0,0,0,0,0,0,0,0,0
484,T,0,0,0,0,0,0,0,0,0,0,0,0,0,0,0,0,713886,0,0,0,0
485,H,0,0,0,0,0,0,712507,0,0,0,0,0,0,0,0,1,0,0,0,0,0
486,V,0,0,0,0,0,0,0,0,0,1,0,0,0,0,0,0,0,707399,0,0,0
487,I,0,0,0,0,0,0,0,705324,0,0,0,0,0,0,0,0,0,0,0,0,0
488,W,0,0,0,0,0,0,0,0,0,1,0,0,0,0,0,0,0,0,700029,0,0
489,D,0,0,692881,0,0,1,0,0,0,0,0,0,0,0,0,0,0,0,0,0,0
490,V,0,0,0,0,0,1,0,0,0,0,0,0,0,0,0,0,0,683191,0,0,0
491,G,0,1,0,0,0,690817,0,0,0,0,0,0,0,0,0,0,0,0,0,0,0
492,L,0,0,0,0,0,0,0,0,1,691747,0,0,0,0,0,0,0,0,0,0,0
493,Q,0,0,0,0,0,0,0,0,0,1,0,0,0,693920,5,0,0,0,0,0,0
494,S,0,0,0,0,0,0,0,0,0,0,0,0,0,0,0,681847,0,0,0,0,0
495,S,0,0,0,0,0,0,0,1,0,0,0,0,0,0,0,686783,0,1,0,0,0
496,C,0,693205,0,0,0,0,0,0,0,0,0,0,0,0,0,0,0,0,0,0,0
497,V,0,0,0,0,0,0,0,0,0,0,0,0,0,0,0,1,0,692758,0,0,0
498,L,0,0,0,0,0,0,0,0,0,686501,0,0,0,0,1,0,0,0,0,0,0
499,C,0,694075,0,0,0,0,0,0,0,0,0,0,0,0,0,0,0,0,0,0,0
500,I,0,0,0,0,0,0,0,681541,0,0,0,0,0,0,0,0,0,1,0,0,0
501,P,0,0,0,0,0,0,0,0,0,0,0,0,673255,0,0,0,1,0,0,0,0
502,W,0,0,0,0,0,0,0,0,0,0,0,0,0,0,0,0,0,0,674493,0,0
503,I,0,0,0,0,0,0,0,675103,0,0,0,0,0,0,0,0,0,0,0,0,0
504,S,0,0,0,0,0,0,0,0,0,0,0,0,0,0,0,677439,0,0,0,0,0
505,Q,0,0,0,0,0,1,0,0,0,0,0,0,0,686650,0,0,0,0,0,0,0
506,T,0,0,0,0,0,0,0,0,0,0,0,0,0,0,0,0,692463,0,0,0,0
507,H,0,0,0,0,0,0,693545,0,1,0,0,1,0,0,0,0,0,0,0,0,0
508,Y,0,0,0,0,0,0,0,0,0,0,0,0,0,0,0,0,0,0,0,695285,1
509,R,0,0,0,0,0,0,0,0,0,0,0,0,0,0,687053,0,0,0,0,0,0
510,F,0,0,0,0,679939,0,0,0,0,0,0,0,0,0,0,0,0,0,0,0,0
511,V,0,0,0,0,0,0,0,0,0,0,0,0,0,0,0,0,0,669645,0,0,0
512,A,675207,0,0,0,0,0,0,0,0,0,0,0,0,0,0,0,0,0,0,0,0
513,S,0,0,0,0,0,0,0,0,0,0,0,0,0,0,0,662717,0,0,0,0,2
514,D,0,0,652100,0,0,0,0,0,0,0,0,0,0,0,0,0,0,0,0,0,0
515,E,0,0,0,649352,0,0,0,0,0,0,0,0,0,0,0,0,0,0,0,0,0
516,Y,0,0,0,0,0,0,0,0,0,0,0,0,0,0,0,0,0,0,0,661701,0
517,T,0,0,0,0,0,0,0,0,0,0,0,0,0,0,0,0,660845,0,0,0,0
518,A,648936,0,1,0,0,0,0,0,0,0,0,0,0,0,0,0,0,0,0,0,0
519,G,1,0,0,0,0,633716,0,0,0,1,0,0,0,0,0,0,0,0,0,0,0
520,G,0,0,0,0,1,624475,0,0,0,0,0,0,0,0,0,0,0,0,0,0,0
521,F,0,0,0,0,637118,0,0,0,0,0,0,0,0,0,0,0,0,0,0,0,0
522,I,0,0,0,0,0,0,0,638770,0,0,0,0,0,0,0,0,0,0,0,0,0
523,T,0,0,0,1,0,0,0,0,0,0,0,0,0,0,0,0,631016,0,0,0,0
524,C,0,624727,0,0,0,0,0,0,0,0,0,0,0,0,0,0,0,0,0,0,0
525,W,0,0,0,0,1,0,0,0,0,0,0,0,0,0,0,0,0,0,624511,0,0
526,Y,0,0,0,0,0,0,0,0,0,0,0,0,0,0,0,0,0,0,0,621811,0
527,Q,0,0,0,0,0,0,0,0,0,0,0,0,0,623972,2,0,0,0,0,0,0
528,T,0,0,0,0,0,0,0,0,0,0,0,0,0,0,0,1,621344,0,0,0,0
529,N,0,0,0,0,0,12,0,0,0,0,0,621616,0,0,0,0,0,0,0,0,0
530,I,0,0,0,0,0,0,0,626553,0,0,0,0,0,0,0,0,0,0,0,0,0
531,V,0,0,0,0,0,0,0,0,0,0,0,0,0,0,0,0,0,624354,0,0,0
532,V,0,0,0,0,0,0,0,0,0,0,0,0,0,0,0,0,0,630281,0,0,0
533,P,0,0,0,0,0,0,0,0,0,0,0,0,634669,0,0,0,0,0,0,0,1
534,A,631615,0,0,0,0,0,0,0,0,0,0,0,0,0,1,1,0,0,0,0,0
535,D,0,0,627896,0,0,0,0,0,0,0,0,0,0,0,0,0,0,0,0,0,0
536,A,636682,0,0,0,0,0,0,0,0,0,0,0,0,0,0,0,0,0,0,0,0
537,Q,0,0,0,0,0,0,0,0,0,0,0,0,0,640004,5,0,0,0,0,0,0
538,S,0,0,0,0,0,0,0,0,0,0,0,0,0,0,0,626509,0,0,0,0,0
539,S,0,0,0,0,0,0,0,0,0,0,0,0,0,0,0,624264,0,0,0,0,0
540,C,0,638054,0,0,0,0,0,0,0,0,0,0,0,0,0,0,0,0,0,0,0
541,Y,1,0,0,0,0,0,0,0,0,0,0,0,0,0,0,0,0,0,0,639032,3
542,I,0,0,0,0,0,0,0,639158,0,0,0,0,0,0,0,0,0,0,0,0,0
543,M,0,0,0,0,0,0,0,0,0,0,630488,0,0,0,0,0,0,0,0,0,0
544,C,0,633066,0,0,0,0,0,0,0,0,0,0,0,0,0,0,0,1,0,0,0
545,F,0,0,0,0,626221,0,0,0,0,0,0,0,0,0,0,0,0,0,0,0,0
546,V,0,0,0,0,0,0,0,0,0,0,0,0,0,0,0,0,0,629226,0,0,0
547,S,0,0,0,0,0,0,0,0,0,0,0,0,0,0,0,624194,0,0,0,0,0
548,A,621029,0,0,2,0,0,0,0,0,0,0,0,0,0,0,0,0,0,0,0,0
549,C,0,618693,0,0,0,0,0,0,0,0,0,0,0,0,0,0,0,0,0,0,0
550,N,0,0,0,0,0,19,0,0,0,0,0,617847,0,0,0,0,0,0,0,0,0
551,D,0,0,605295,0,0,0,0,0,0,0,0,0,0,0,0,0,0,0,0,0,0
552,F,0,0,0,0,602522,0,0,0,0,0,0,0,0,0,0,1,0,0,0,0,0
553,S,0,0,0,0,0,0,0,0,0,0,0,0,0,0,0,605454,0,0,0,0,0
554,V,0,0,0,0,0,0,0,0,0,0,0,0,0,0,0,0,0,601926,0,0,0
555,R,0,0,0,0,0,0,0,1,0,0,0,0,0,0,591079,0,0,0,0,0,0
556,L,0,0,0,0,0,0,0,0,0,589775,0,0,0,0,0,0,0,0,0,0,0
557,L,0,0,0,0,0,0,0,0,0,591505,0,0,0,0,0,0,0,0,0,0,0
558,K,0,0,0,0,0,1,0,0,588644,0,0,0,0,0,0,0,0,0,0,0,0
559,D,0,0,590784,0,0,0,0,0,0,0,0,0,0,0,0,0,0,0,0,0,0
560,T,0,0,0,0,0,0,0,0,0,0,0,0,0,0,0,0,571356,0,0,0,0
561,P,0,0,0,0,0,0,0,0,0,0,0,0,575500,0,0,0,0,0,0,0,0
562,F,0,0,0,0,572927,0,0,0,0,0,0,0,0,0,0,0,0,0,0,0,0
563,I,0,0,0,0,0,0,0,585566,0,0,0,0,0,0,0,0,0,0,0,0,0
564,S,0,0,0,0,0,0,0,0,0,0,0,0,0,0,0,595496,0,0,0,0,0
565,Q,0,0,0,0,0,0,0,0,0,0,0,0,0,605842,0,0,0,0,0,0,0
566,Q,0,0,0,0,0,0,0,0,1,0,0,0,0,595541,7,0,0,0,0,0,0
567,N,0,0,0,0,0,16,0,0,0,0,0,587096,0,0,0,0,0,0,0,0,0
568,F,0,0,0,0,585978,0,0,0,0,0,0,0,0,0,0,0,0,0,0,0,0
569,F,0,0,0,0,594304,0,0,0,0,0,0,0,0,0,0,0,0,0,0,0,0
570,Q,0,0,0,0,0,0,0,0,0,0,0,0,0,584896,0,0,0,0,0,0,0
571,G,0,0,0,1,0,583335,0,0,0,0,0,0,0,0,0,0,0,0,0,0,0
572,P,0,0,0,0,0,0,0,0,0,1,0,1,584526,1,0,0,0,0,0,0,0
573,V,0,0,0,0,0,0,0,0,0,0,0,0,0,0,0,0,0,596238,0,0,0
574,E,0,0,0,594207,0,0,0,0,0,0,0,0,0,0,0,0,0,0,0,0,0
575,D,0,0,597308,0,0,1,0,0,0,0,0,0,0,0,0,0,0,0,0,0,0
576,A,597379,0,0,0,0,0,0,0,0,0,0,0,0,0,0,1,0,0,0,0,0
577,I,0,0,0,0,0,0,0,611002,0,0,0,0,0,0,0,0,0,0,0,0,0
578,T,0,0,0,0,0,0,0,0,1,0,0,0,0,0,0,0,605526,0,0,0,0
579,A,598734,0,0,2,1,0,0,0,0,0,0,0,0,0,0,0,0,1,0,0,0
580,A,603693,0,0,0,0,0,0,0,0,0,0,0,0,0,0,0,0,0,0,0,0
581,I,0,0,0,0,0,0,0,602469,0,0,0,0,0,0,0,0,0,1,0,0,0
582,G,0,0,0,0,0,592477,0,0,0,0,0,0,0,0,0,0,0,0,0,0,0
583,R,0,0,0,0,0,0,0,0,0,0,0,0,0,0,591190,0,0,0,0,0,0
584,V,0,0,0,0,0,0,0,0,0,0,0,0,0,0,0,0,0,602230,0,0,0
585,A,603671,0,0,1,0,0,0,0,0,0,0,0,0,0,0,0,0,0,0,0,0
586,D,0,0,607248,0,0,0,0,0,0,0,0,0,0,0,0,0,0,0,0,0,0
587,T,0,0,0,0,0,0,0,0,0,0,0,0,0,0,0,0,601671,0,0,0,0
588,V,1,0,0,0,0,0,0,0,0,0,0,0,0,0,0,0,0,602283,0,0,0
589,G,0,0,0,0,0,604390,0,0,0,0,0,0,0,0,0,0,0,1,0,0,0
590,T,0,0,0,4,0,0,0,0,3,0,0,0,0,0,0,1,602163,0,0,0,0
591,G,0,0,0,2,0,607142,0,0,0,0,0,0,0,0,0,0,0,0,0,0,0
592,P,0,0,0,0,0,0,0,0,0,0,0,0,604509,0,0,0,0,0,0,0,0
593,T,0,0,0,0,0,0,0,0,1,0,0,0,0,0,0,0,609997,0,0,0,0
594,N,0,0,0,0,0,0,0,0,0,0,0,610545,0,0,0,0,0,0,0,0,0
595,S,0,0,0,0,0,0,0,0,0,0,0,0,0,0,0,617111,0,0,0,0,1
596,E,0,0,0,616818,0,3,0,0,0,0,0,0,0,0,0,0,0,0,0,0,0
597,A,624119,0,0,1,0,0,0,0,0,0,0,0,0,0,0,0,0,0,0,0,0
598,I,0,0,0,0,0,0,0,634344,0,0,0,0,0,0,0,0,0,0,0,0,0
599,P,0,0,0,0,0,0,0,0,0,0,0,0,640446,0,0,0,0,0,0,0,0
600,A,636078,0,0,0,0,0,0,0,0,0,0,0,0,0,0,0,0,0,0,0,0
601,L,0,0,0,0,0,0,0,0,0,632594,0,0,0,0,0,0,0,0,0,0,0
602,T,0,0,1,0,0,0,0,0,0,0,0,0,0,0,0,0,629222,0,0,0,0
603,A,623925,0,0,0,0,0,0,0,0,0,0,0,0,0,0,0,0,0,0,0,0
604,A,627858,0,0,0,0,0,0,0,0,0,0,0,0,0,0,0,0,0,0,0,0
605,E,0,0,0,631608,0,0,0,0,0,0,0,0,0,0,0,0,0,0,0,0,0
606,T,0,0,0,0,0,0,0,0,0,0,0,0,0,0,0,0,627036,0,0,0,0
607,G,0,0,0,0,0,629419,0,0,0,0,0,0,0,0,0,0,0,0,0,0,0
608,H,0,0,0,0,0,0,632932,0,0,0,0,0,0,0,1,0,0,0,0,0,0
609,T,0,0,0,0,0,0,0,0,0,0,0,0,0,0,0,0,635108,0,0,0,0
610,S,0,0,0,0,0,0,0,0,0,0,0,0,0,0,0,635223,0,0,0,0,0
611,Q,0,0,0,0,0,0,0,0,0,0,0,0,0,635429,21,0,0,0,0,0,0
612,V,0,0,0,0,0,0,0,0,0,0,0,0,0,1,0,0,0,631132,0,0,0
613,V,0,0,0,0,0,0,0,0,0,0,0,0,0,0,0,0,0,635894,0,0,0
614,P,0,0,0,0,0,0,0,0,1,0,0,0,637448,0,0,0,0,0,0,0,0
615,G,0,0,0,0,0,634798,0,0,0,0,0,0,0,0,0,0,0,0,0,0,0
616,D,0,0,627062,0,0,0,0,0,0,0,0,0,0,0,0,0,0,0,0,0,0
617,T,0,0,0,0,0,0,0,0,0,0,0,0,0,0,0,0,628930,0,0,0,0
618,M,0,0,0,0,0,0,0,0,0,0,629094,0,0,0,0,0,0,1,0,0,0
619,Q,0,0,0,0,0,0,0,0,0,0,0,0,0,632185,0,0,0,0,0,1,0
620,T,0,0,0,0,0,0,0,0,0,0,0,0,0,0,0,0,632776,0,0,0,0
621,R,0,0,0,0,0,0,0,0,0,0,0,0,0,0,626764,0,0,0,0,0,0
622,H,0,0,0,0,0,0,626553,0,0,0,0,0,0,0,0,0,0,0,0,1,0
623,V,0,0,0,0,0,0,0,0,0,0,0,0,0,0,0,0,0,626616,0,0,0
624,K,0,0,0,0,0,17,0,0,621157,0,0,0,0,0,0,0,0,0,0,0,0
625,N,0,0,0,0,0,1,0,0,0,0,0,624090,0,0,0,0,0,0,0,0,0
626,Y,0,0,0,0,0,0,0,0,0,0,0,0,0,0,0,0,0,0,0,623084,0
627,H,0,0,0,0,0,0,632357,0,0,0,0,0,0,0,0,0,0,0,2,0,0
628,S,0,0,0,0,0,0,0,0,0,0,0,0,0,0,0,628803,0,0,0,0,0
629,R,0,0,0,0,0,0,0,0,0,0,0,0,0,0,627989,0,0,0,0,0,0
630,S,0,0,0,0,0,0,0,0,0,0,0,0,0,0,0,627321,0,0,0,0,0
631,E,0,0,0,644059,0,0,0,0,0,0,0,0,0,0,0,0,0,0,0,0,0
632,S,0,0,0,0,0,0,0,0,0,0,0,0,0,0,0,639660,0,0,0,0,0
633,T,0,0,0,0,0,0,0,0,0,0,0,0,0,0,0,0,639908,1,0,0,0
634,I,0,0,0,0,0,0,0,637412,0,0,0,0,0,0,0,0,0,0,0,0,0
635,E,0,0,0,643687,0,0,0,0,0,0,0,0,0,0,0,0,0,0,0,0,0
636,N,0,0,0,0,0,0,0,0,0,0,0,638737,0,0,0,0,0,0,0,0,0
637,F,0,0,0,0,643406,0,0,0,0,0,0,0,0,0,0,0,0,0,0,0,0
638,L,0,0,0,0,0,0,0,0,0,644468,0,0,0,0,1,0,0,0,0,0,0
639,C,0,640616,0,0,0,0,0,0,0,0,0,0,1,0,0,0,0,0,0,0,0
640,R,0,0,0,0,0,0,0,0,0,0,0,0,0,0,643200,0,0,0,0,0,0
641,S,0,0,0,0,0,0,0,0,0,0,0,0,0,0,0,645874,0,0,0,0,0
642,A,646145,0,0,1,0,0,0,0,0,0,0,0,0,0,0,0,0,0,0,0,0
643,C,0,643877,0,0,0,0,0,0,0,0,0,0,0,0,0,0,0,0,0,0,0
644,V,0,0,0,0,0,0,0,0,0,0,0,0,0,0,0,0,0,639964,0,0,0
645,Y,0,2,0,0,0,0,0,0,0,0,0,0,0,0,0,0,0,0,0,640414,1
646,F,0,0,0,0,639812,0,0,0,0,0,0,0,0,0,0,0,0,0,0,0,0
647,T,0,0,0,0,0,0,0,0,0,0,0,0,0,0,0,0,631973,0,0,0,0
648,E,0,0,0,633958,0,0,0,0,0,0,0,0,0,0,0,0,0,0,0,0,0
649,Y,0,0,0,0,0,0,0,0,0,0,0,0,0,0,0,0,0,0,0,637978,0
650,K,0,0,0,0,0,182,0,0,635610,0,0,0,0,0,8,0,0,0,0,0,0
651,N,0,0,1,0,0,24,0,0,0,0,0,631537,0,0,0,0,0,0,0,0,0
652,S,0,0,0,0,0,0,0,0,0,0,0,0,0,0,0,634562,0,0,0,0,1
653,G,0,0,0,0,0,640372,0,0,0,0,0,0,0,0,0,0,0,0,0,0,0
654,A,647243,0,0,6,0,0,0,0,0,0,0,0,0,0,0,0,0,0,0,0,0
655,K,0,0,0,0,0,8,0,0,647269,0,0,0,0,0,0,0,1,0,0,0,0
656,R,0,0,0,0,0,0,0,0,0,1,0,0,0,0,642798,0,0,0,0,0,0
657,Y,0,0,0,0,0,0,0,0,0,0,0,0,0,0,0,0,0,0,0,646291,0
658,A,649014,0,0,0,0,0,0,0,0,0,0,0,0,0,0,0,0,0,0,0,0
659,E,0,0,0,640816,0,25,0,0,0,0,0,0,0,0,0,0,0,0,0,0,0
660,W,0,0,0,0,0,0,0,0,0,0,0,0,0,0,0,0,0,0,633698,0,0
661,V,0,0,0,0,0,0,0,0,0,0,0,0,0,0,0,0,0,632852,0,0,0
662,L,0,0,0,0,0,0,0,0,0,634834,1,0,0,0,0,0,0,0,0,0,0
663,T,0,0,0,0,0,1,0,0,0,0,0,0,0,0,0,0,641383,1,0,0,6
664,P,0,0,0,0,0,0,0,0,0,0,0,0,645186,0,0,0,0,0,0,0,0
665,R,0,0,0,0,0,0,0,0,0,0,0,0,0,0,648509,0,0,0,0,0,0
666,Q,0,0,0,0,0,0,0,0,1,0,0,0,0,653520,18,0,0,0,0,0,0
667,A,656084,0,0,0,0,0,0,0,0,0,0,0,0,0,0,0,0,0,0,0,0
668,A,653408,0,0,0,0,0,0,0,0,0,0,0,0,0,0,0,0,1,0,0,0
669,Q,0,0,0,0,0,0,0,0,0,0,0,0,0,658652,1,0,0,0,0,0,0
670,L,0,0,0,0,0,0,0,0,0,653697,0,0,0,0,0,0,0,0,0,0,0
671,R,0,0,0,0,0,0,0,0,0,0,0,0,0,0,650293,0,0,0,0,0,0
672,R,0,0,0,0,0,0,0,0,0,0,0,0,0,0,648762,0,0,0,0,0,0
673,K,0,0,0,0,0,12,0,0,655625,0,0,0,0,0,0,0,0,0,0,0,0
674,L,0,0,0,0,0,0,0,0,0,652895,0,0,0,0,0,0,0,1,0,0,0
675,E,0,0,0,646223,0,5,0,0,0,0,0,0,0,0,0,0,0,0,0,0,0
676,F,0,0,0,0,645156,0,0,0,0,0,0,0,0,0,0,0,0,0,0,0,0
677,F,0,0,0,0,645224,0,0,0,0,0,0,0,0,0,0,0,0,0,0,0,0
678,T,0,0,2,0,0,0,0,0,0,0,0,0,0,0,0,0,650357,0,0,0,0
679,Y,0,0,0,0,0,0,0,0,0,0,0,0,0,0,0,0,0,0,0,650080,2
680,V,0,0,0,0,0,0,0,0,0,0,0,0,0,0,0,0,0,640373,0,0,0
681,R,0,0,0,0,0,0,0,0,0,0,0,0,0,0,641971,0,0,0,0,0,0
682,F,0,0,0,0,637816,1,0,0,0,0,0,0,0,0,0,0,0,0,0,0,0
683,D,0,0,631207,0,0,0,0,0,0,0,0,0,0,0,0,0,0,0,0,0,0
684,L,0,0,0,0,0,0,0,0,0,626687,0,0,0,0,0,0,0,0,0,0,0
685,E,0,0,0,628743,0,0,0,0,0,0,0,0,0,0,0,0,0,0,0,1,0
686,L,0,0,0,0,0,0,0,0,0,626645,0,0,0,0,0,1,0,0,0,0,0
687,T,0,0,0,0,0,0,0,0,0,0,0,0,0,0,0,0,627080,0,0,0,0
688,F,0,0,0,0,624699,0,0,0,0,0,0,0,0,0,0,0,0,0,0,0,0
689,V,0,0,0,0,0,0,0,0,0,0,0,0,0,0,0,0,0,631862,0,0,0
690,I,0,0,0,0,0,0,0,631466,0,0,0,0,0,0,0,0,0,2,0,0,0
691,T,1,0,0,0,0,0,0,0,0,0,0,0,0,0,0,0,623398,0,0,0,0
692,S,0,0,0,0,0,0,0,0,0,0,0,0,0,0,0,623730,0,0,0,0,0
693,T,0,0,3,0,0,0,0,0,0,0,0,0,0,0,0,0,623874,1,0,0,0
694,Q,0,0,0,0,0,0,0,0,0,0,0,0,0,625213,26,0,0,0,0,0,0
695,Q,0,0,0,0,0,0,0,0,0,0,0,0,0,618390,3,0,0,0,0,0,0
696,P,0,0,0,0,0,0,0,0,0,1,0,0,625849,0,0,0,0,0,0,0,0
697,S,0,0,0,0,0,0,0,0,0,0,0,0,0,0,0,635906,0,0,0,1,2
698,T,2,0,3,0,0,1,0,0,0,0,0,0,0,0,0,0,647408,0,0,0,0
699,T,1,0,0,2,0,0,0,0,2,0,0,1,0,0,0,0,655394,0,0,0,0
700,Q,0,0,0,0,0,0,0,0,0,0,0,0,0,665123,4,0,0,0,0,0,0
701,N,0,0,0,1,0,90,0,0,0,0,0,663813,0,0,2,1,0,0,0,0,0
702,Q,0,0,0,0,0,0,0,0,0,0,0,0,0,661699,12,0,0,0,0,0,1
703,D,0,0,668035,0,0,1,0,0,0,0,0,0,0,0,0,0,0,0,0,0,0
704,A,670854,0,0,1,0,0,0,0,0,0,0,0,0,0,0,0,0,0,0,0,0
705,Q,0,0,0,0,0,0,0,0,0,0,0,0,0,666060,0,0,0,0,0,0,0
706,I,0,0,0,0,0,0,0,662465,0,0,0,0,0,0,0,0,0,0,0,0,0
707,L,0,0,0,0,0,0,0,0,0,664478,0,0,0,0,0,0,0,0,0,0,0
708,T,0,0,0,1,0,0,0,0,0,0,0,0,0,0,0,0,667477,0,0,0,0
709,H,0,0,0,0,0,0,669494,0,0,1,0,0,0,0,0,0,0,0,0,0,0
710,Q,0,0,0,0,0,0,0,0,0,0,0,0,0,673196,3,0,0,0,0,0,0
711,I,0,0,0,0,0,0,0,671612,0,0,0,0,0,0,0,0,0,0,0,0,0
712,M,0,0,0,0,0,0,0,0,0,0,667507,0,0,0,0,0,0,0,0,0,0
713,Y,0,0,0,0,0,0,0,0,0,0,0,0,0,0,0,0,0,0,0,670133,0
714,V,0,0,0,0,0,0,0,0,0,0,0,0,0,0,0,0,0,669979,0,0,0
715,P,0,0,0,0,0,0,0,0,0,0,0,0,672449,0,0,0,0,0,0,0,0
716,P,0,0,0,0,0,0,0,0,0,0,0,0,660167,2,0,0,0,0,0,0,0
717,G,0,0,0,1,0,656570,0,0,0,0,0,0,0,0,0,0,0,0,0,0,0
718,G,0,0,0,0,0,656213,0,0,0,0,0,0,0,0,0,0,0,0,0,0,0
719,P,0,0,0,0,0,0,0,0,0,0,0,0,663119,0,0,0,0,0,0,0,0
720,V,2,0,0,0,0,0,0,0,0,0,0,0,0,0,0,1,0,661721,0,0,0
721,P,0,0,0,0,0,0,0,0,0,0,0,0,660490,2,0,0,0,0,0,0,0
722,D,0,0,656536,0,0,0,0,0,0,0,0,0,0,0,0,0,0,0,0,0,0
723,K,0,0,0,0,0,556,0,0,649805,0,0,0,0,0,178,0,0,0,0,0,0
724,V,0,0,0,0,0,0,0,0,0,0,0,0,0,0,0,1,0,651197,0,0,0
725,D,0,0,645827,0,0,0,0,0,0,0,0,0,0,0,0,0,0,0,0,0,0
726,S,0,0,0,0,0,1,0,0,0,0,0,0,0,0,0,652433,0,0,0,0,0
727,Y,0,0,0,0,0,0,0,0,0,0,0,0,0,0,0,0,0,0,0,645889,0
728,V,0,0,0,0,1,0,0,0,0,0,0,0,0,0,0,0,0,646664,0,0,0
729,W,0,0,0,0,0,0,0,0,0,0,0,0,0,0,0,0,0,0,650906,0,0
730,Q,0,0,0,0,0,0,0,0,0,0,0,0,0,647366,1,0,0,0,0,0,0
731,T,0,0,0,0,0,0,0,0,0,0,0,0,0,0,0,0,634149,0,0,0,0
732,S,0,0,0,0,0,0,0,0,0,0,0,0,0,0,0,634509,0,0,0,0,0
733,T,1,0,0,0,0,0,0,0,0,0,0,0,0,0,0,0,643179,0,0,0,0
734,N,0,0,0,0,0,0,0,0,0,0,0,644337,0,0,0,1,0,0,0,0,0
735,P,0,0,0,0,0,0,0,0,0,0,0,0,638099,1,0,0,0,0,0,0,0
736,S,0,0,0,0,0,0,0,2,0,0,0,0,0,0,0,627721,0,0,0,0,0
737,V,0,0,0,0,0,0,0,0,0,0,0,0,0,0,0,0,0,620791,0,0,0
738,F,0,0,0,0,618181,0,0,0,0,0,0,0,0,0,0,0,0,0,0,0,0
739,W,0,0,0,0,0,0,0,0,0,0,0,0,0,0,0,0,0,0,613875,0,0
740,T,0,0,0,0,0,0,0,1,0,0,0,0,0,0,0,0,599659,0,0,0,0
741,E,0,0,0,591389,0,0,0,0,0,0,0,0,0,0,0,0,0,0,0,0,0
742,G,0,0,0,0,0,593024,0,0,0,0,0,0,0,0,0,0,0,0,0,0,0
743,N,1,0,0,0,0,112,0,0,0,0,0,582114,0,0,0,0,0,0,0,0,0
744,A,592058,0,0,0,0,0,0,0,0,0,0,0,0,0,0,0,0,0,0,0,0
745,P,0,0,0,0,0,0,0,0,0,0,0,0,600070,0,0,0,0,0,0,0,0
746,P,0,0,0,0,0,0,0,0,1,0,0,0,602167,0,0,0,0,0,0,0,0
747,R,0,0,0,0,0,0,0,0,0,0,0,1,0,0,599712,0,0,0,0,0,0
748,M,0,0,0,0,0,0,0,0,0,0,592131,0,0,0,0,0,0,0,0,0,0
749,S,0,0,0,0,0,0,0,0,0,0,0,0,0,0,0,589748,0,0,0,0,0
750,I,0,0,0,0,0,0,0,587580,0,0,0,0,0,0,0,0,0,46,0,0,0
751,P,0,0,0,0,0,0,0,0,0,0,0,0,578951,0,0,0,0,0,0,0,0
752,F,0,0,0,0,582177,0,0,0,0,0,0,0,0,0,0,0,0,0,0,0,0
753,L,0,0,0,0,0,0,0,0,0,581303,0,0,0,0,0,0,0,0,0,0,0
754,S,0,0,0,0,0,0,0,0,0,0,0,0,0,0,0,571901,0,0,0,0,0
755,I,0,0,0,0,0,0,0,567653,0,0,0,0,0,0,0,0,0,0,0,0,0
756,G,0,0,0,0,2,568730,0,0,0,0,0,0,0,0,0,0,0,0,0,0,0
757,N,0,0,0,0,0,9,0,0,0,0,0,562756,0,0,0,0,0,0,0,0,0
758,A,556622,0,0,0,0,0,0,0,0,0,0,0,0,0,0,0,0,0,0,0,0
759,Y,0,0,0,0,0,0,0,0,0,0,0,0,0,0,0,0,0,0,0,559722,0
760,S,0,0,0,0,0,0,0,0,0,0,0,0,0,0,0,566719,0,0,0,0,0
761,N,0,0,0,0,0,2,0,0,0,0,0,563315,0,0,0,0,0,0,0,0,0
762,F,0,0,0,0,564638,0,0,0,0,0,0,0,0,0,0,0,0,0,0,0,0
763,Y,0,0,0,0,0,0,0,0,0,0,0,0,0,0,0,0,0,0,0,564522,0
764,D,0,0,556557,0,0,0,0,0,0,0,0,0,0,0,0,0,0,0,0,0,0
765,G,0,0,0,0,0,545551,0,0,0,0,0,0,0,0,0,0,0,0,0,0,0
766,W,0,0,0,0,1,0,0,0,0,0,0,0,0,0,0,0,0,0,549214,0,0
767,S,0,0,0,0,0,0,0,0,0,0,0,0,0,0,0,546135,0,0,0,0,0
768,E,0,0,0,546759,0,19,0,0,0,0,0,0,0,0,0,0,0,0,0,0,1
769,F,0,0,0,0,546328,0,0,0,0,0,0,0,0,0,0,0,0,0,0,0,0
770,S,0,0,0,0,0,0,0,0,0,0,0,0,0,0,0,549758,0,0,0,1,1
771,R,0,0,0,0,0,0,0,0,0,0,0,0,0,0,549162,0,0,0,0,0,0
772,N,0,0,0,0,0,1,0,0,0,0,0,535234,0,0,0,0,0,0,0,0,0
773,G,0,0,0,0,0,535252,0,0,0,0,0,0,0,0,0,0,0,0,0,0,0
774,V,0,0,0,0,0,0,0,0,0,0,0,0,0,0,0,0,0,550125,0,0,0
775,Y,0,0,0,0,0,0,0,0,0,0,0,0,0,0,0,0,0,0,0,562280,0
776,G,0,0,0,0,0,568297,0,0,0,0,0,0,0,0,1,0,0,0,0,0,0
777,I,0,0,0,0,0,0,0,565838,0,0,0,0,0,0,0,0,0,1,0,0,0
778,N,0,0,0,0,0,8,0,0,0,0,0,569380,0,0,0,0,0,0,0,0,0
779,T,2,0,0,0,0,0,0,0,0,0,0,0,0,0,0,0,584958,0,0,0,0
780,L,0,0,0,0,0,0,0,0,0,606045,0,0,0,0,1,0,0,0,0,0,0
781,N,0,0,0,0,0,24,0,0,0,0,0,621465,0,0,0,0,0,0,0,0,0
782,N,0,0,0,0,0,48,0,0,0,0,0,619443,0,0,0,0,0,0,0,0,0
783,M,0,0,0,0,0,0,0,0,0,0,643956,0,0,0,0,0,0,1,0,0,0
784,G,0,0,0,0,0,656122,0,0,0,0,0,0,0,0,0,0,0,0,0,0,0
785,T,0,0,0,0,0,0,0,0,0,0,0,0,0,0,0,0,667397,0,0,0,0
786,L,0,0,0,0,0,0,0,0,0,674856,0,0,0,0,0,0,0,0,0,0,0
787,Y,0,0,0,0,0,0,0,0,0,0,0,0,0,0,0,0,0,0,0,679301,0
788,A,679727,0,0,0,0,0,0,0,0,0,0,0,0,0,0,0,0,0,0,0,0
789,R,1,0,0,0,0,0,0,0,0,0,0,0,0,0,693576,0,0,0,0,0,0
790,H,0,0,0,0,0,0,700514,0,0,0,0,0,0,0,0,2,0,0,0,0,0
791,V,0,0,1,0,0,0,0,0,0,0,0,0,0,0,0,0,0,717222,0,0,0
792,N,0,0,0,0,0,16,0,0,0,0,0,722670,0,0,0,0,0,0,0,0,0
793,A,733932,0,0,0,0,0,0,0,0,0,0,0,0,0,0,0,0,0,0,0,0
794,G,0,0,0,0,0,752054,0,0,0,0,0,0,0,0,0,0,0,1,0,0,0
795,S,0,0,0,0,0,0,0,0,0,0,0,0,0,0,0,772109,0,0,0,0,0
796,T,0,0,0,1,0,0,0,0,0,0,0,0,0,0,0,0,785850,0,0,0,0
797,G,0,0,0,0,0,805013,0,0,0,0,0,0,1,0,0,0,0,0,0,0,0
798,P,0,0,0,0,0,0,0,0,1,0,0,0,823446,0,0,0,0,0,0,0,0
799,I,0,0,0,0,0,0,0,836108,0,0,0,13,0,0,0,0,0,9,0,0,0
800,K,0,0,0,2,0,14,0,0,842374,0,0,0,0,0,8,0,0,1,0,0,0
801,S,0,0,0,0,0,2,0,0,0,0,0,0,0,0,0,862927,0,0,0,0,0
802,T,1,0,0,0,0,0,0,0,0,0,0,0,0,0,0,0,893247,0,0,0,0
803,I,0,0,0,0,0,0,0,935673,0,0,0,0,0,0,0,0,0,0,0,0,0
804,R,0,0,0,0,0,2,0,0,0,0,0,0,0,0,948419,0,0,0,0,0,0
805,I,0,0,0,0,0,0,0,956342,0,0,0,0,0,0,0,0,0,0,0,0,0
806,Y,0,0,0,0,0,0,0,0,0,0,0,0,0,0,0,0,0,0,0,975749,0
807,F,0,0,0,0,1001579,0,0,0,0,0,0,0,0,0,0,0,0,0,0,0,0
808,K,0,0,0,0,0,3,0,0,1009918,0,0,0,0,0,5,0,0,0,0,0,0
809,P,0,0,0,0,0,0,0,0,0,1,0,0,1025705,0,0,0,0,0,0,0,0
810,K,0,0,0,0,0,0,0,0,1034071,0,0,0,0,0,0,0,0,0,0,0,0
811,H,0,0,0,0,0,0,1063432,0,0,0,0,0,0,0,0,1,0,0,0,0,0
812,V,0,0,0,0,0,0,0,0,0,0,0,0,0,0,0,0,0,1068146,0,0,0
813,K,0,0,0,2,0,5,0,0,1067054,0,0,0,0,0,12,0,0,0,0,0,0
814,A,1059308,0,0,0,0,0,0,0,1,0,0,0,0,0,0,0,0,0,0,0,0
815,W,0,0,0,0,0,0,0,0,0,0,0,0,0,0,0,0,0,0,1057811,0,0
816,I,0,0,0,0,0,0,0,1073069,0,0,0,0,0,0,0,0,0,0,0,0,0
817,P,0,0,0,0,0,0,0,0,0,0,0,0,1060402,1,0,0,0,0,0,0,0
818,R,0,0,0,0,0,0,0,0,0,0,0,0,0,0,1054784,0,0,0,0,0,0
819,P,0,0,0,0,0,0,0,0,0,1,0,0,1033830,0,0,0,0,0,0,0,0
820,P,0,0,0,0,1,0,0,0,0,0,0,0,1017833,1,0,0,0,0,0,0,0
821,R,0,0,0,0,0,1,0,0,0,0,0,0,0,0,1015077,0,0,0,0,0,0
822,L,0,0,3,0,0,0,0,1,0,985590,0,0,0,0,0,0,0,0,0,0,0
823,C,0,969338,0,0,0,0,0,0,0,0,0,0,0,0,0,0,0,0,0,0,0
824,Q,0,1,2,0,0,0,0,0,0,0,0,0,0,955026,2,0,0,0,0,0,0
825,Y,0,0,0,0,0,0,0,0,0,0,0,1,0,0,0,0,0,0,0,942715,0
826,E,0,0,0,1338571,0,0,0,0,0,0,0,0,0,0,0,0,0,0,2,0,0
827,K,0,0,0,0,0,7,0,0,1327166,0,0,0,0,0,0,1,0,1,0,0,0
828,A,1310625,0,0,0,0,0,0,0,0,0,0,0,0,0,0,1,0,0,0,0,0
829,K,0,0,0,0,0,421,2,0,1332894,0,0,0,0,0,0,0,0,0,0,0,0
830,N,0,0,0,0,0,24,0,0,0,0,1,1347506,0,0,2,0,0,0,0,0,0
831,V,0,0,0,0,2,0,0,0,0,0,0,0,0,0,0,0,0,1322366,0,0,0
832,N,0,1,0,0,1,10,0,0,0,0,0,1322563,1,0,0,0,4,0,0,0,0
833,F,0,0,0,0,1302312,1,1,0,0,6,0,0,2,0,1,0,2,0,2,0,0
834,Q,0,0,0,0,0,0,0,0,0,1,0,0,0,1303326,34,1,1,0,0,0,0
835,P,0,0,1,0,0,0,0,0,0,1,0,2,1319764,2,2,1,1,0,0,0,0
836,S,1,0,0,0,3,0,0,0,2,1,0,0,0,1,0,1316472,0,0,0,0,0
837,G,0,2,0,1,0,1321629,0,2,0,3,0,0,0,2,0,1,0,1,0,0,0
838,V,1,0,0,0,0,0,0,2,0,0,0,0,3,0,1,0,1,1313967,0,0,0
839,T,6,1,14,0,0,0,2,0,0,0,0,0,0,0,0,0,1318480,0,0,0,0
840,T,0,0,1,0,0,2,0,0,0,0,0,0,1,0,1,2,1309659,1,2,1,0
841,T,0,0,5,0,0,3,0,0,0,0,2,0,0,0,1,0,1325399,0,0,0,2
842,R,1,0,0,0,2,2,0,1,0,1,0,0,0,1,1329114,0,1,0,0,0,0
843,Q,3,0,0,0,0,1,0,0,0,0,0,0,0,1330388,4,0,1,0,0,0,0
844,S,0,0,0,0,0,3,0,0,0,0,0,2,0,0,1,1327296,0,0,0,0,0
845,I,3,0,0,0,0,1,1,1336764,0,0,0,0,0,0,0,1,0,0,0,0,0
846,T,1,0,5,1,0,0,0,0,0,0,1,0,3,2,2,0,1336314,0,0,0,0
847,T,0,0,1,1,1,2,0,0,1,3,0,2,5,0,1,1,1334211,3,0,2,0
848,M,0,0,0,0,0,2,0,0,0,1,1334411,0,1,0,0,0,0,1,0,0,0
849,T,0,0,1,0,0,0,0,0,1,0,0,0,4,0,3,3,1338387,1,0,0,0
850,N,0,0,0,1,0,1,5,0,0,1,0,1338071,0,2,2,0,3,1,0,0,0
851,T,0,0,0,1,0,1,0,2,0,0,0,0,0,0,5,0,1336060,1,0,0,0
